security_id,historical_ticker,valid_from,valid_to,provider_symbol,provider,identifiers,evidence,confidence
070c5d12-708c-5c60-a932-3a1237d113ab,A,2000-06-05,,A,eodhd_adjusted_derived,"{""CIK"": ""0001090872"", ""CUSIP"": ""00846U101"", ""ISIN"": ""US00846U1016"", ""LEI"": ""QUIX8Y7A2WP0XRMW7G29"", ""OpenFigi"": ""BBG000C2V3D6""}",validated POC3 identity and dated symbol-change evidence,HIGH
868f358c-3ca5-5b62-91ac-b73a2e96ba4a,AAL,2015-03-23,2024-09-23,AAL,eodhd_adjusted_derived,"{""CIK"": ""0000006201"", ""CUSIP"": ""001765106"", ""ISIN"": ""US02376R1023"", ""LEI"": ""IWUQB36BXD6OWD6X4T14"", ""OpenFigi"": ""BBG005P7Q881""}",validated POC3 identity and dated symbol-change evidence,HIGH
349ba079-3155-5183-89d8-50867050357c,AAP,2015-07-09,2023-08-25,AAP,eodhd_adjusted_derived,"{""CIK"": ""0001158449"", ""CUSIP"": ""00751Y106"", ""ISIN"": ""US00751Y1064"", ""LEI"": ""529900UCNQ5H9FSL0Y70"", ""OpenFigi"": ""BBG000F7RCJ1""}",validated POC3 identity and dated symbol-change evidence,HIGH
f8661f82-c047-5f2b-b081-cead33a2367c,AAPL,1982-11-30,,AAPL,eodhd_adjusted_derived,"{""CIK"": ""0000320193"", ""CUSIP"": ""037833100"", ""ISIN"": ""US0378331005"", ""LEI"": ""HWUPKR0MPOU8FGXBT394"", ""OpenFigi"": ""BBG000B9XRY4""}",validated POC3 identity and dated symbol-change evidence,HIGH
4c4ec106-5f0d-5977-952a-399e9ebcea86,ABBV,2013-01-02,,ABBV,eodhd_adjusted_derived,"{""CIK"": ""0001551152"", ""CUSIP"": ""00287Y109"", ""ISIN"": ""US00287Y1091"", ""LEI"": ""FR5LCKFTG8054YNNRU85"", ""OpenFigi"": ""BBG0025Y4RY4""}",validated POC3 identity and dated symbol-change evidence,HIGH
6edfda44-d5e9-5fcd-8305-49ea5a5dd2c2,ABMD,2018-05-31,2022-12-22,ABMD,eodhd_adjusted_derived,"{""CIK"": ""0000815094"", ""CUSIP"": ""003654100"", ""ISIN"": ""US0036541003"", ""LEI"": ""5493001EZN4ZTB4Z5887""}",validated POC3 identity and dated symbol-change evidence,HIGH
d8d14254-6447-5dde-acad-1ea4bdb381ad,ABNB,2023-09-18,,ABNB,eodhd_adjusted_derived,"{""CIK"": ""0001559720"", ""CUSIP"": ""009066101"", ""ISIN"": ""US0090661010"", ""LEI"": ""549300HMUDNO0RY56D37"", ""OpenFigi"": ""BBG001Y2XS07""}",validated POC3 identity and dated symbol-change evidence,HIGH
6814e848-c8e4-5d15-a68f-3937bf15606a,ABT,1957-03-04,,ABT,eodhd_adjusted_derived,"{""CIK"": ""0000001800"", ""CUSIP"": ""002824100"", ""ISIN"": ""US0028241000"", ""LEI"": ""HQD377W2YR662HK5JX27"", ""OpenFigi"": ""BBG000B9ZXB4""}",validated POC3 identity and dated symbol-change evidence,HIGH
b3f863a9-44a1-52ed-87f1-99e67f07b642,ACGL,2022-11-01,,ACGL,eodhd_adjusted_derived,"{""CIK"": ""0000947484"", ""CUSIP"": ""03937L105"", ""ISIN"": ""BMG0450A1053"", ""LEI"": ""549300AYR4P8AFKDCE43"", ""OpenFigi"": ""BBG000HXNN20""}",validated POC3 identity and dated symbol-change evidence,HIGH
fa67f7a7-00b9-5ef0-ace3-552a8eb6545c,ACN,2011-07-05,,ACN,eodhd_adjusted_derived,"{""CIK"": ""0001467373"", ""CUSIP"": ""G1150G111"", ""ISIN"": ""IE00B4BNMY34"", ""LEI"": ""5493006CYHP8X8WKJO28"", ""OpenFigi"": ""BBG000D9D830""}",validated POC3 identity and dated symbol-change evidence,HIGH
2fc37683-042f-51e5-9c7a-5ef04596fb31,ADBE,1997-05-05,,ADBE,eodhd_adjusted_derived,"{""CIK"": ""0000796343"", ""CUSIP"": ""00724F101"", ""ISIN"": ""US00724F1012"", ""LEI"": ""FU4LY2G4933NH2E1CP29"", ""OpenFigi"": ""BBG000BB5006""}",validated POC3 identity and dated symbol-change evidence,HIGH
fb56d610-266f-58b6-89bb-1a633fcd52f7,ADI,1999-10-12,,ADI,eodhd_adjusted_derived,"{""CIK"": ""0000006281"", ""CUSIP"": ""032654105"", ""ISIN"": ""US0326541051"", ""LEI"": ""GYVOE5EZ4GDAVTU4CQ61"", ""OpenFigi"": ""BBG000BB6G37""}",validated POC3 identity and dated symbol-change evidence,HIGH
c06f8c4e-0852-5fa3-869c-29b690efd77c,ADM,1957-03-04,,ADM,eodhd_adjusted_derived,"{""CIK"": ""0000007084"", ""CUSIP"": ""039483102"", ""ISIN"": ""US0394831020"", ""LEI"": ""549300LO13MQ9HYSTR83"", ""OpenFigi"": ""BBG000BB6WG8""}",validated POC3 identity and dated symbol-change evidence,HIGH
88de6262-2557-5314-b7db-36b0a1cbff5b,ADP,1981-03-31,,ADP,eodhd_adjusted_derived,"{""CIK"": ""0000008670"", ""CUSIP"": ""053015103"", ""ISIN"": ""US0530151036"", ""LEI"": ""HGBOLILQXWER4SAL2I23"", ""OpenFigi"": ""BBG000JG0547""}",validated POC3 identity and dated symbol-change evidence,HIGH
63a9db22-f9ad-5458-9c40-181e3d7afea9,ADSK,1989-12-01,,ADSK,eodhd_adjusted_derived,"{""CIK"": ""0000769397"", ""CUSIP"": ""052769106"", ""ISIN"": ""US0527691069"", ""LEI"": ""FRKKVKAIQEF3FCSTPG55"", ""OpenFigi"": ""BBG000BM7HL0""}",validated POC3 identity and dated symbol-change evidence,HIGH
0da32161-2613-5caf-ba52-83bc6c9b3142,AEE,1991-09-19,,AEE,eodhd_adjusted_derived,"{""CIK"": ""0001002910"", ""CUSIP"": ""023608102"", ""ISIN"": ""US0236081024"", ""LEI"": ""XRZQ5S7HYJFPHJ78L959"", ""OpenFigi"": ""BBG000B9X8C0""}",validated POC3 identity and dated symbol-change evidence,HIGH
2ca60fb1-9fae-589d-a1a2-391a96a0682d,AEP,1957-03-04,,AEP,eodhd_adjusted_derived,"{""CIK"": ""0000004904"", ""CUSIP"": ""025537101"", ""ISIN"": ""US0255371017"", ""LEI"": ""1B4S6S7G0TW5EE83BO58"", ""OpenFigi"": ""BBG000BB9KF2""}",validated POC3 identity and dated symbol-change evidence,HIGH
46ee77df-4689-5c42-87f8-b5fbf73232e5,AES,1998-10-02,,AES,eodhd_adjusted_derived,"{""CIK"": ""0000874761"", ""CUSIP"": ""00130H105"", ""ISIN"": ""US00130H1059"", ""LEI"": ""2NUNNB7D43COUIRE5295"", ""OpenFigi"": ""BBG000C23KJ3""}",validated POC3 identity and dated symbol-change evidence,HIGH
27798bd7-a611-568b-a4b9-bbf2533a41f4,AFL,1999-05-28,,AFL,eodhd_adjusted_derived,"{""CIK"": ""0000004977"", ""CUSIP"": ""001055102"", ""ISIN"": ""US0010551028"", ""LEI"": ""549300N0B7DOGLXWPP39"", ""OpenFigi"": ""BBG000BBBNC6""}",validated POC3 identity and dated symbol-change evidence,HIGH
1219f9dd-df35-5a25-9916-774fb8dac4b9,AIG,1980-03-31,,AIG,eodhd_adjusted_derived,"{""CIK"": ""0000005272"", ""CUSIP"": ""026874107"", ""ISIN"": ""US0268747849"", ""LEI"": ""ODVCVCQG2BP6VHV36M30"", ""OpenFigi"": ""BBG000BBDZG3""}",validated POC3 identity and dated symbol-change evidence,HIGH
70fca91f-1b5f-59ee-8342-15cf17de0dab,AIZ,2007-04-10,,AIZ,eodhd_adjusted_derived,"{""CIK"": ""0001267238"", ""CUSIP"": ""04621X108"", ""ISIN"": ""US04621X1081"", ""LEI"": ""H3F39CAXWQRVWURFXL38"", ""OpenFigi"": ""BBG000BZX1N5""}",validated POC3 identity and dated symbol-change evidence,HIGH
cfb69a1f-8faf-5e53-8da2-68cf3dfef292,AJG,2016-05-31,,AJG,eodhd_adjusted_derived,"{""CIK"": ""0000354190"", ""CUSIP"": ""363576109"", ""ISIN"": ""US3635761097"", ""LEI"": ""54930049QLLMPART6V29"", ""OpenFigi"": ""BBG000BBHXQ3""}",validated POC3 identity and dated symbol-change evidence,HIGH
cfd8b202-e7e8-5a3c-8628-0910b9ce5f1a,AKAM,2007-07-12,,AKAM,eodhd_adjusted_derived,"{""CIK"": ""0001086222"", ""CUSIP"": ""00971T101"", ""ISIN"": ""US00971T1016"", ""LEI"": ""OC1LZNN2LF5WTJ5RIL89"", ""OpenFigi"": ""BBG000BJQWD2""}",validated POC3 identity and dated symbol-change evidence,HIGH
0ddffc5a-ddfc-5799-a874-5138b2fc9df5,ALB,2016-07-01,,ALB,eodhd_adjusted_derived,"{""CIK"": ""0000915913"", ""CUSIP"": ""012653101"", ""ISIN"": ""US0126531013"", ""LEI"": ""HDBLS2Q6GV1LSKQPBS54"", ""OpenFigi"": ""BBG000BJ26K7""}",validated POC3 identity and dated symbol-change evidence,HIGH
ccb61592-c6d2-570a-b52a-bf0407e5e880,ALGN,2017-06-19,,ALGN,eodhd_adjusted_derived,"{""CIK"": ""0001097149"", ""CUSIP"": ""016255101"", ""ISIN"": ""US0162551016"", ""LEI"": ""549300N5YSE0U3LCP840"", ""OpenFigi"": ""BBG000BRNLL2""}",validated POC3 identity and dated symbol-change evidence,HIGH
8693a413-830f-5430-9398-30e0f29c9393,ALK,2016-05-13,2023-12-18,ALK,eodhd_adjusted_derived,"{""CIK"": ""0000766421"", ""CUSIP"": ""011659109"", ""ISIN"": ""US0116591092"", ""LEI"": ""529900G48RT4KWLC6C27"", ""OpenFigi"": ""BBG000BBL0Y1""}",validated POC3 identity and dated symbol-change evidence,HIGH
904b75c8-805d-59df-87f6-8dee21037c33,ALL,1995-07-13,,ALL,eodhd_adjusted_derived,"{""CIK"": ""0000899051"", ""CUSIP"": ""020002101"", ""ISIN"": ""US0200021014"", ""LEI"": ""OBT0W1ED8G0NWVOLOJ77"", ""OpenFigi"": ""BBG000BVMGF2""}",validated POC3 identity and dated symbol-change evidence,HIGH
63d5ad4d-9ad1-5bd3-8efa-233b8c3a3717,ALLE,2013-12-02,,ALLE,eodhd_adjusted_derived,"{""CIK"": ""0001579241"", ""CUSIP"": ""G0176J109"", ""ISIN"": ""IE00BFRT3W74"", ""LEI"": ""984500560CAC2E6FB757"", ""OpenFigi"": ""BBG003PS7JV1""}",validated POC3 identity and dated symbol-change evidence,HIGH
5870a14b-8312-582d-a2ef-d6e91a17214e,AMAT,1995-03-16,,AMAT,eodhd_adjusted_derived,"{""CIK"": ""0000006951"", ""CUSIP"": ""038222105"", ""ISIN"": ""US0382221051"", ""LEI"": ""41BNNE1AFPNAZELZ6K07"", ""OpenFigi"": ""BBG000BBPFB9""}",validated POC3 identity and dated symbol-change evidence,HIGH
0b3483ae-d3cf-5762-a976-0a1c9e481236,AMCR,2019-06-07,,AMCR,eodhd_adjusted_derived,"{""CIK"": ""0001748790"", ""CUSIP"": ""G0250X107"", ""ISIN"": ""JE00BV7DQ550"", ""OpenFigi"": ""BBG00LNJRQ09""}",validated POC3 identity and dated symbol-change evidence,HIGH
00de690b-ae35-5acf-900e-ad635f307634,AMD,2017-03-20,,AMD,eodhd_adjusted_derived,"{""CIK"": ""0000002488"", ""CUSIP"": ""007903107"", ""ISIN"": ""US0079031078"", ""LEI"": ""R2I72C950HOYXII45366"", ""OpenFigi"": ""BBG000BBQCY0""}",validated POC3 identity and dated symbol-change evidence,HIGH
d3544f08-a706-5f96-8024-a352e08e473b,AME,2013-09-23,,AME,eodhd_adjusted_derived,"{""CIK"": ""0001037868"", ""CUSIP"": ""031100100"", ""ISIN"": ""US0311001004"", ""LEI"": ""549300WZDEF9KKE40E98"", ""OpenFigi"": ""BBG000B9XG87""}",validated POC3 identity and dated symbol-change evidence,HIGH
950bb8fc-97a4-54a9-9338-b7b56801a78a,AMGN,1992-01-02,,AMGN,eodhd_adjusted_derived,"{""CIK"": ""0000318154"", ""CUSIP"": ""031162100"", ""ISIN"": ""US0311621009"", ""LEI"": ""62QBXGPJ34PQ72Z12S66"", ""OpenFigi"": ""BBG000BBS2Y0""}",validated POC3 identity and dated symbol-change evidence,HIGH
8d5302a1-f140-5d5a-9049-0cb9a3fb5e23,AMP,2005-10-03,,AMP,eodhd_adjusted_derived,"{""CIK"": ""0000820027"", ""CUSIP"": ""03076C106"", ""ISIN"": ""US03076C1062"", ""LEI"": ""6ZLKQF7QB6JAEKQS5388"", ""OpenFigi"": ""BBG000G3QLY3""}",validated POC3 identity and dated symbol-change evidence,HIGH
d4acca36-2949-56e0-b312-2232ee17abc6,AMT,2007-11-19,,AMT,eodhd_adjusted_derived,"{""CIK"": ""0001053507"", ""CUSIP"": ""029912201"", ""ISIN"": ""US03027X1000"", ""LEI"": ""5493006ORUSIL88JOE18"", ""OpenFigi"": ""BBG000B9XYV2""}",validated POC3 identity and dated symbol-change evidence,HIGH
3dc8254d-8de3-521a-9552-30ddce4862b0,AMTM,2024-09-30,2024-12-23,AMTM,eodhd_adjusted_derived,"{""CIK"": ""0002011286"", ""CUSIP"": ""37938Q101"", ""ISIN"": ""US0239391016"", ""OpenFigi"": ""BBG01NY7B734""}",validated POC3 identity and dated symbol-change evidence,HIGH
ef3a1c54-675d-593d-8058-afe02bb198f8,AMZN,2005-11-18,,AMZN,eodhd_adjusted_derived,"{""CIK"": ""0001018724"", ""CUSIP"": ""023135106"", ""ISIN"": ""US0231351067"", ""LEI"": ""ZXTILKJKG63JELOEG630"", ""OpenFigi"": ""BBG000BVPV84""}",validated POC3 identity and dated symbol-change evidence,HIGH
83dac899-0f08-5054-9950-e39f53d386c4,ANET,2018-08-28,,ANET,eodhd_adjusted_derived,"{""CIK"": ""0001596532"", ""CUSIP"": ""040413106"", ""ISIN"": ""US0404132054"", ""OpenFigi"": ""BBG000N2HDY5""}",validated POC3 identity and dated symbol-change evidence,HIGH
3e7d73ad-80f0-5815-b607-ec62690c8a86,ANSS,2017-06-19,2025-07-18,ANSS,eodhd_adjusted_derived,"{""CIK"": ""0001013462"", ""CUSIP"": ""03662Q105"", ""ISIN"": ""US03662Q1058"", ""LEI"": ""549300VJV8H15Z5FJ571"", ""OpenFigi"": ""BBG000GXZ4W7""}",validated POC3 identity and dated symbol-change evidence,HIGH
99146eef-95d1-5c76-866e-c72b27c1a8bf,AON,1996-04-23,,AON,eodhd_adjusted_derived,"{""CIK"": ""0000315293"", ""CUSIP"": ""G0403H108"", ""ISIN"": ""IE00BLP1HW54"", ""LEI"": ""635400FALWQYX5E6QC64"", ""OpenFigi"": ""BBG00SSQFPK6""}",validated POC3 identity and dated symbol-change evidence,HIGH
e7c5fe19-4c51-5ede-a812-fb251949fec0,AOS,2017-07-26,,AOS,eodhd_adjusted_derived,"{""CIK"": ""0000091142"", ""CUSIP"": ""831865100"", ""ISIN"": ""US8318652091"", ""LEI"": ""549300XG4US7UJNECY36"", ""OpenFigi"": ""BBG000BC1L02""}",validated POC3 identity and dated symbol-change evidence,HIGH
f9e83dd3-ff0b-526f-9b83-07ce3f3ed8d8,APA,1997-07-28,,APA,eodhd_adjusted_derived,"{""CIK"": ""0000006769"", ""CUSIP"": ""037411600"", ""ISIN"": ""US03743Q1085"", ""OpenFigi"": ""BBG00YTS96G2""}",validated POC3 identity and dated symbol-change evidence,HIGH
267636cc-ee09-596d-9126-268d9455d71b,APD,1985-04-30,,APD,eodhd_adjusted_derived,"{""CIK"": ""0000002969"", ""CUSIP"": ""009158403"", ""ISIN"": ""US0091581068"", ""LEI"": ""7QEON6Y1RL5XR3R1W237"", ""OpenFigi"": ""BBG000BC4JJ4""}",validated POC3 identity and dated symbol-change evidence,HIGH
697a2183-1b17-5129-b5fd-903128e006e3,APH,2008-09-30,,APH,eodhd_adjusted_derived,"{""CIK"": ""0000820313"", ""CUSIP"": ""032094203"", ""ISIN"": ""US0320951017"", ""LEI"": ""549300D3L3G0R4U4VT04"", ""OpenFigi"": ""BBG000B9YJ35""}",validated POC3 identity and dated symbol-change evidence,HIGH
627c9e0a-b080-550c-9c1b-51d7627940b9,APO,2024-12-23,,APO,eodhd_adjusted_derived,"{""CIK"": ""0001411494"", ""CUSIP"": ""03768E105"", ""ISIN"": ""US03769M1062"", ""OpenFigi"": ""BBG00ZNLTFK3""}",validated POC3 identity and dated symbol-change evidence,HIGH
336370e3-298a-534d-a3f8-e33c8edb2fe5,APP,2025-09-22,,APP,eodhd_adjusted_derived,"{""CIK"": ""0001751008"", ""CUSIP"": ""03831W108"", ""ISIN"": ""US03831W1080"", ""LEI"": ""549300LLVXMUAOL3SQ07"", ""OpenFigi"": ""BBG006HFPX77""}",validated POC3 identity and dated symbol-change evidence,HIGH
8127131a-27b7-54cf-8705-6b484ad5259b,APTV,2012-12-24,,APTV,eodhd_adjusted_derived,"{""CIK"": ""0001521332"", ""CUSIP"": ""G27823106"", ""ISIN"": ""JE00BTDN8H13"", ""OpenFigi"": ""BBG01R914LT5""}",validated POC3 identity and dated symbol-change evidence,HIGH
7e056cb8-23b5-50c7-b65e-a8cff0ef10d3,ARE,2017-03-20,,ARE,eodhd_adjusted_derived,"{""CIK"": ""0001035443"", ""CUSIP"": ""015271109"", ""ISIN"": ""US0152711091"", ""LEI"": ""MGCJBT4MKTQBVLNUIS88"", ""OpenFigi"": ""BBG000BC33T9""}",validated POC3 identity and dated symbol-change evidence,HIGH
61491a78-f71a-5577-a825-c6ffdbae4b2a,ARES,2025-12-11,,ARES,eodhd_adjusted_derived,"{""CIK"": ""0001176948"", ""CUSIP"": ""03990B101"", ""ISIN"": ""US03990B1017"", ""LEI"": ""529900JUV61FH7B8VW38"", ""OpenFigi"": ""BBG0068KVV91""}",validated POC3 identity and dated symbol-change evidence,HIGH
779a45ea-1d8f-5076-9afc-e18b329e4fb5,ATO,2019-02-15,,ATO,eodhd_adjusted_derived,"{""CIK"": ""0000731802"", ""CUSIP"": ""049560105"", ""ISIN"": ""US0495601058"", ""LEI"": ""QVLWEGTD2S8GJMO8D383"", ""OpenFigi"": ""BBG000BRNGM2""}",validated POC3 identity and dated symbol-change evidence,HIGH
a6f59b1b-3c11-528e-bde0-17d3b38c94a2,ATVI,2015-08-31,2023-10-18,ATVI,eodhd_adjusted_derived,"{""CIK"": ""0000718877"", ""CUSIP"": ""00507V109"", ""ISIN"": ""US00507V1098"", ""LEI"": ""549300TPQQDBP9GNOF40"", ""OpenFigi"": ""BBG000CVWGS6""}",validated POC3 identity and dated symbol-change evidence,HIGH
2f061ec4-45b4-50d1-b81e-e93fc4e840f1,AVB,2007-01-10,2026-08-18,AVB,eodhd_adjusted_derived,"{""CIK"": ""0000915912"", ""CUSIP"": ""072012107"", ""ISIN"": ""US0534841012"", ""LEI"": ""K9G90K85RBWD2LAGQX17"", ""OpenFigi"": ""BBG000BLPBL5""}",validated POC3 identity and dated symbol-change evidence,HIGH
e459ecaa-f010-5409-a16a-e474734dab1f,AVGO,2014-05-08,,AVGO,eodhd_adjusted_derived,"{""CIK"": ""0001730168"", ""CUSIP"": ""Y0486S104"", ""ISIN"": ""US11135F1012"", ""LEI"": ""549300WV6GIDOZJTV909"", ""OpenFigi"": ""BBG00KHY5S69""}",validated POC3 identity and dated symbol-change evidence,HIGH
83b4c8ef-f885-5e06-86d7-1f296067e4a7,AVY,1987-12-31,,AVY,eodhd_adjusted_derived,"{""CIK"": ""0000008818"", ""CUSIP"": ""053611109"", ""ISIN"": ""US0536111091"", ""LEI"": ""549300PW7VPFCYKLIV37"", ""OpenFigi"": ""BBG000BCQ4P6""}",validated POC3 identity and dated symbol-change evidence,HIGH
30f29c16-e5ca-54a4-a7f3-3ff861901d5e,AWK,2016-03-04,,AWK,eodhd_adjusted_derived,"{""CIK"": ""0001410636"", ""CUSIP"": ""030420103"", ""ISIN"": ""US0304201033"", ""LEI"": ""549300DXHIJQMD5WFW18"", ""OpenFigi"": ""BBG000TRJ294""}",validated POC3 identity and dated symbol-change evidence,HIGH
cca2f541-36b6-52e5-8bcf-2884384039b3,AXON,2023-05-04,,AXON,eodhd_adjusted_derived,"{""CIK"": ""0001069183"", ""CUSIP"": ""05464C101"", ""ISIN"": ""US05464C1018"", ""LEI"": ""549300QP2IEEGFE16681"", ""OpenFigi"": ""BBG000BHJWG1""}",validated POC3 identity and dated symbol-change evidence,HIGH
f99d8f1f-412a-58f2-ad8d-586e8317d1c4,AXP,1976-06-30,,AXP,eodhd_adjusted_derived,"{""CIK"": ""0000004962"", ""CUSIP"": ""025816109"", ""ISIN"": ""US0258161092"", ""LEI"": ""R4PP93JZOLY261QX3811"", ""OpenFigi"": ""BBG000BCQZS4""}",validated POC3 identity and dated symbol-change evidence,HIGH
5b0726e5-65d5-5b20-871f-b661b1b27a51,AZO,1997-01-02,,AZO,eodhd_adjusted_derived,"{""CIK"": ""0000866787"", ""CUSIP"": ""053332102"", ""ISIN"": ""US0533321024"", ""LEI"": ""GA3JGKJ41LJKXDN23E90"", ""OpenFigi"": ""BBG000C7LMS8""}",validated POC3 identity and dated symbol-change evidence,HIGH
708f3e80-0d53-5d1f-9de1-d3a240f9d4da,BA,1957-03-04,,BA,eodhd_adjusted_derived,"{""CIK"": ""0000012927"", ""CUSIP"": ""097023105"", ""ISIN"": ""US0970231058"", ""LEI"": ""RVHJWBXLJ1RFUBSY1F30"", ""OpenFigi"": ""BBG000BCSST7""}",validated POC3 identity and dated symbol-change evidence,HIGH
985278ae-1fc5-513c-ac55-7c7c2135f80f,BAC,1976-06-30,,BAC,eodhd_adjusted_derived,"{""CIK"": ""0000070858"", ""CUSIP"": ""638585109"", ""ISIN"": ""US0605051046"", ""LEI"": ""9DJT3UXIJIZJI4WXO774"", ""OpenFigi"": ""BBG000BCTLF6""}",validated POC3 identity and dated symbol-change evidence,HIGH
8e09e005-3ca4-5d35-a7e2-683fdccc4604,BALL,1984-10-31,,BALL,eodhd_adjusted_derived,"{""CIK"": ""0000009389"", ""CUSIP"": ""058498106"", ""ISIN"": ""US0584981064"", ""LEI"": ""0BGI85ALH27ZJP15DY16"", ""OpenFigi"": ""BBG000BDDNH5""}",validated POC3 identity and dated symbol-change evidence,HIGH
3cf79ac4-6db1-5dfe-969c-1dfd6e54dceb,BAX,1972-09-30,,BAX,eodhd_adjusted_derived,"{""CIK"": ""0000010456"", ""CUSIP"": ""071813141"", ""ISIN"": ""US0718131099"", ""LEI"": ""J5OIVXX3P24RJRW5CK77"", ""OpenFigi"": ""BBG000BCVJ77""}",validated POC3 identity and dated symbol-change evidence,HIGH
d3f9ad67-1e97-557a-b70c-104308f9ed19,BBWI,1983-09-30,2024-10-01,BBWI,eodhd_adjusted_derived,"{""CIK"": ""0000701985"", ""CUSIP"": ""070830104"", ""ISIN"": ""US0708301041"", ""LEI"": ""GR3KVMWVCR54YWQNXU90"", ""OpenFigi"": ""BBG000BNGTQ7""}",validated POC3 identity and dated symbol-change evidence,HIGH
bec7cd7a-f7aa-5a40-bce1-f3fc13bbe6f6,BBY,1999-06-29,,BBY,eodhd_adjusted_derived,"{""CIK"": ""0000764478"", ""CUSIP"": ""08651F200"", ""ISIN"": ""US0865161014"", ""LEI"": ""HL5XPTVRV0O8TUN5LL90"", ""OpenFigi"": ""BBG000BCWCG1""}",validated POC3 identity and dated symbol-change evidence,HIGH
37a5417c-9d37-58aa-a285-26c6afbae668,BDX,1972-09-30,,BDX,eodhd_adjusted_derived,"{""CIK"": ""0000010795"", ""CUSIP"": ""075887109"", ""ISIN"": ""US0758871091"", ""LEI"": ""ICE2EP6D98PQUILVRZ91"", ""OpenFigi"": ""BBG000BCZYD3""}",validated POC3 identity and dated symbol-change evidence,HIGH
56c00000-09d8-5212-a2a4-590130c33408,BE,2026-09-21,,BE,eodhd_adjusted_derived,"{""CIK"": ""0001664703"", ""CUSIP"": ""093712107"", ""ISIN"": ""US0937121079"", ""LEI"": ""549300XB5J9BFW5JXV97"", ""OpenFigi"": ""BBG000N7KBZ3""}",validated POC3 identity and dated symbol-change evidence,HIGH
4042b020-f7af-593a-bd92-955ba93356d7,BEN,1998-04-30,,BEN,eodhd_adjusted_derived,"{""CIK"": ""0000038777"", ""CUSIP"": ""354613101"", ""ISIN"": ""US3546131018"", ""LEI"": ""RIFQSET379FOGTEFKS80"", ""OpenFigi"": ""BBG000BD0TF8""}",validated POC3 identity and dated symbol-change evidence,HIGH
1ef55edc-cf37-5ee9-a8e3-88d969120009,BF-B,1982-10-31,,BF-B,eodhd_adjusted_derived,"{""CIK"": ""0000014693"", ""CUSIP"": ""115637209"", ""ISIN"": ""US1156372096"", ""LEI"": ""549300873K3LXF7ARU34""}",validated POC3 identity and dated symbol-change evidence,HIGH
bf7218fb-2fae-57d2-820d-f71587dc44ec,BG,2023-03-15,,BG,eodhd_adjusted_derived,"{""CIK"": ""0001144519"", ""CUSIP"": ""G16962105"", ""ISIN"": ""CH1300646267"", ""OpenFigi"": ""BBG000DGPR66""}",validated POC3 identity and dated symbol-change evidence,HIGH
1aadddba-1d85-5f61-941d-0b0269f2009f,BIIB,2003-11-13,,BIIB,eodhd_adjusted_derived,"{""CIK"": ""0000875045"", ""CUSIP"": ""449370105"", ""ISIN"": ""US09062X1037"", ""LEI"": ""W8J5WZB5IY3K0NDQT671"", ""OpenFigi"": ""BBG000C17X76""}",validated POC3 identity and dated symbol-change evidence,HIGH
da41113d-2456-52b5-80a9-1f8718a73d5d,BIO,2020-06-22,2024-09-23,BIO,eodhd_adjusted_derived,"{""CIK"": ""0000012208"", ""CUSIP"": ""090572207"", ""ISIN"": ""US0905722072"", ""LEI"": ""549300ZC1GPV35XYDK53"", ""OpenFigi"": ""BBG000DY28W5""}",validated POC3 identity and dated symbol-change evidence,HIGH
409bdf1a-301f-5e53-95c8-ef33cecca76d,BKNG,2009-11-06,,BKNG,eodhd_adjusted_derived,"{""CIK"": ""0001075531"", ""CUSIP"": ""741503106"", ""ISIN"": ""US09857L1089"", ""LEI"": ""FXM8FAOHMYDIPD38UZ17"", ""OpenFigi"": ""BBG000BLBVN4""}",validated POC3 identity and dated symbol-change evidence,HIGH
dc651692-75bd-55ba-943d-63ed77e93c6e,BKR,2017-07-07,,BKR,eodhd_adjusted_derived,"{""CIK"": ""0001701605"", ""CUSIP"": ""05722G100"", ""ISIN"": ""US05722G1004"", ""LEI"": ""549300XU3XH6F05YEQ93"", ""OpenFigi"": ""BBG00GBVBK51""}",validated POC3 identity and dated symbol-change evidence,HIGH
e2d66ac6-29be-5617-a549-c8a466711f95,BLDR,2023-12-18,2026-09-21,BLDR,eodhd_adjusted_derived,"{""CIK"": ""0001316835"", ""CUSIP"": ""12008R107"", ""ISIN"": ""US12008R1077"", ""LEI"": ""549300W0SKP6L3H7DP63"", ""OpenFigi"": ""BBG000BKD3K9""}",validated POC3 identity and dated symbol-change evidence,HIGH
181b0494-2759-577b-bcf5-cd46067db093,BLK,2011-04-01,,BLK,eodhd_adjusted_derived,"{""CIK"": ""0001364742"", ""CUSIP"": ""09247X101"", ""ISIN"": ""US09290D1019"", ""OpenFigi"": ""BBG01PSW2WN4""}",validated POC3 identity and dated symbol-change evidence,HIGH
ce885dc1-4dde-5747-b3e6-d8aebbb46f65,BMY,1957-03-04,,BMY,eodhd_adjusted_derived,"{""CIK"": ""0000014272"", ""CUSIP"": ""110122108"", ""ISIN"": ""US1101221083"", ""LEI"": ""HLYYNH7UQUORYSJQCN42"", ""OpenFigi"": ""BBG000DQLV23""}",validated POC3 identity and dated symbol-change evidence,HIGH
89cb6c51-1971-56fe-b4c1-f9e8ba5b34f5,BK,1995-03-31,2026-05-21,BNY,eodhd_adjusted_derived,"{""ISIN"": ""US09248L1061"", ""OpenFigi"": ""BBG000BD8PN9""}",EODHD symbol-change-history: BK->BNY effective 2026-05-21,HIGH
89cb6c51-1971-56fe-b4c1-f9e8ba5b34f5,BNY,2026-05-21,,BNY,eodhd_adjusted_derived,"{""ISIN"": ""US09248L1061"", ""OpenFigi"": ""BBG000BD8PN9""}",validated POC3 identity and dated symbol-change evidence,HIGH
aecffbd4-38a4-56a3-a5b2-3948f630f44a,BR,2018-06-18,,BR,eodhd_adjusted_derived,"{""CIK"": ""0001383312"", ""CUSIP"": ""11133T103"", ""ISIN"": ""US11133T1034"", ""LEI"": ""549300KZDJZQ2YIHRC28"", ""OpenFigi"": ""BBG000PPFKQ7""}",validated POC3 identity and dated symbol-change evidence,HIGH
e200b674-cec7-5b18-9fea-63e30ce899e3,BRK-B,2010-02-16,,BRK-B,eodhd_adjusted_derived,"{""CIK"": ""0001067983"", ""CUSIP"": ""084670207"", ""ISIN"": ""US0846707026"", ""LEI"": ""5493000C01ZX7D35SD85"", ""OpenFigi"": ""BBG000DWH8Q0""}",validated POC3 identity and dated symbol-change evidence,HIGH
3e45999b-9f64-5388-a6c6-376a2fbdb651,BRO,2021-09-20,,BRO,eodhd_adjusted_derived,"{""CIK"": ""0000079282"", ""CUSIP"": ""730444106"", ""ISIN"": ""US1152361010"", ""LEI"": ""549300PC8KTJ71XKFY89"", ""OpenFigi"": ""BBG000BWSGF4""}",validated POC3 identity and dated symbol-change evidence,HIGH
7196df99-c87e-5e3a-a3e8-9d29a4f5eecf,BSX,1995-02-24,,BSX,eodhd_adjusted_derived,"{""CIK"": ""0000885725"", ""CUSIP"": ""101137107"", ""ISIN"": ""US1011371077"", ""LEI"": ""Y6ZDD9FP4P8JSSJMW954"", ""OpenFigi"": ""BBG000C0LW92""}",validated POC3 identity and dated symbol-change evidence,HIGH
899f3213-15ae-5393-916e-83357a96e98a,BWA,2011-12-16,2025-03-24,BWA,eodhd_adjusted_derived,"{""CIK"": ""0000908255"", ""CUSIP"": ""099724106"", ""ISIN"": ""US0997241064"", ""LEI"": ""549300DSFX2IE88NSX47"", ""OpenFigi"": ""BBG000BJ49H3""}",validated POC3 identity and dated symbol-change evidence,HIGH
f17b23b2-30cb-5ba8-bdc4-a695c9a5207c,BX,2023-09-18,,BX,eodhd_adjusted_derived,"{""CIK"": ""0001393818"", ""CUSIP"": ""09260D107"", ""ISIN"": ""US09260D1072"", ""OpenFigi"": ""BBG000BH0106""}",validated POC3 identity and dated symbol-change evidence,HIGH
502014a1-5786-523d-881f-c62e5f247cfa,BXP,2006-04-03,,BXP,eodhd_adjusted_derived,"{""CIK"": ""0001037540"", ""CUSIP"": ""101121101"", ""ISIN"": ""US1011211018"", ""LEI"": ""549300OF70FSEUQBT254"", ""OpenFigi"": ""BBG000BS5CM9""}",validated POC3 identity and dated symbol-change evidence,HIGH
3b966cdf-5342-51db-8767-3827d5784308,C,1988-05-31,,C,eodhd_adjusted_derived,"{""CIK"": ""0000831001"", ""CUSIP"": ""172967101"", ""ISIN"": ""US1729674242"", ""LEI"": ""6SHGI4ZSSLCXXQSBB395"", ""OpenFigi"": ""BBG000FY4S11""}",validated POC3 identity and dated symbol-change evidence,HIGH
5d01f374-83c8-5896-837e-800f393473d2,CAG,1983-08-31,2026-06-30,CAG,eodhd_adjusted_derived,"{""CIK"": ""0000023217"", ""CUSIP"": ""205887102"", ""ISIN"": ""US2058871029"", ""LEI"": ""54930035UDEIH090K650"", ""OpenFigi"": ""BBG000BDXGP9""}",validated POC3 identity and dated symbol-change evidence,HIGH
3b225bdb-1165-5f72-9652-41cb7339a491,CAH,1997-05-27,,CAH,eodhd_adjusted_derived,"{""CIK"": ""0000721371"", ""CUSIP"": ""14149Y108"", ""ISIN"": ""US14149Y1082"", ""LEI"": ""CCU46N3GJMF4OK4N7U60"", ""OpenFigi"": ""BBG000D898T9""}",validated POC3 identity and dated symbol-change evidence,HIGH
cce011e4-1dfe-5181-985e-d55909662255,CARR,2020-04-03,,CARR,eodhd_adjusted_derived,"{""CIK"": ""0001783180"", ""CUSIP"": ""14448C104"", ""ISIN"": ""US14448C1045"", ""LEI"": ""549300JE3W6CWY2NAN77"", ""OpenFigi"": ""BBG00RP5HYS8""}",validated POC3 identity and dated symbol-change evidence,HIGH
fd5f0ff3-9c87-5104-8189-85beabd670cc,CASY,2026-04-09,,CASY,eodhd_adjusted_derived,"{""CIK"": ""0000726958"", ""CUSIP"": ""147528103"", ""ISIN"": ""US1475281036"", ""LEI"": ""549300CAFWSI86V66Q65"", ""OpenFigi"": ""BBG000BF0672""}",validated POC3 identity and dated symbol-change evidence,HIGH
b68090f1-2bc3-58e9-9bb5-a7388d9ab84d,CAT,1957-03-04,,CAT,eodhd_adjusted_derived,"{""CIK"": ""0000018230"", ""CUSIP"": ""149123101"", ""ISIN"": ""US1491231015"", ""LEI"": ""WRJR7GS4GTRECRRTVX92"", ""OpenFigi"": ""BBG000BF0K17""}",validated POC3 identity and dated symbol-change evidence,HIGH
032d8754-474f-5c48-89f5-7fff6220b59a,CB,2010-07-14,,CB,eodhd_adjusted_derived,"{""CIK"": ""0000896159"", ""CUSIP"": ""G0070K103"", ""ISIN"": ""CH0044328745"", ""LEI"": ""E0JAN6VLUDI1HITHT809"", ""OpenFigi"": ""BBG000BR14K5""}",validated POC3 identity and dated symbol-change evidence,HIGH
7d18f550-cff7-5da6-b434-e05a2988d170,CBOE,2017-03-01,,CBOE,eodhd_adjusted_derived,"{""CIK"": ""0001374310"", ""CUSIP"": ""12503M108"", ""ISIN"": ""US12503M1080"", ""LEI"": ""529900RLNSGA90UPEH54"", ""OpenFigi"": ""BBG000QH56C1""}",validated POC3 identity and dated symbol-change evidence,HIGH
c748ee94-f1ea-5846-a43e-c9cd22b9bd62,CBRE,2006-11-10,,CBRE,eodhd_adjusted_derived,"{""CIK"": ""0001138118"", ""CUSIP"": ""12497T101"", ""ISIN"": ""US12504L1098"", ""LEI"": ""52990016II9MJ2OSWA10"", ""OpenFigi"": ""BBG000C04224""}",validated POC3 identity and dated symbol-change evidence,HIGH
453e6dee-504f-5b15-b0f8-61abe49f0fc2,CCI,1997-06-17,,CCI,eodhd_adjusted_derived,"{""CIK"": ""0001051470"", ""CUSIP"": ""22822V101"", ""ISIN"": ""US22822V1017"", ""LEI"": ""54930012H97VSM0I2R19"", ""OpenFigi"": ""BBG000FV1Z23""}",validated POC3 identity and dated symbol-change evidence,HIGH
822c9516-6764-50ab-9c88-973599ad2e8a,CCL,1998-12-11,,CCL,eodhd_adjusted_derived,"{""CIK"": ""0000815097"", ""CUSIP"": ""143658102"", ""ISIN"": ""BMG2004J1036"", ""OpenFigi"": ""BBG000BF6LY3""}",validated POC3 identity and dated symbol-change evidence,HIGH
6889383d-45b9-58d3-87b4-6933c55fa11b,CDNS,2017-09-18,,CDNS,eodhd_adjusted_derived,"{""CIK"": ""0000813672"", ""CUSIP"": ""127387108"", ""ISIN"": ""US1273871087"", ""LEI"": ""GCT7RXJOGLXPV0NXZY22"", ""OpenFigi"": ""BBG000C13CD9""}",validated POC3 identity and dated symbol-change evidence,HIGH
0de0c907-6af9-5da5-aa76-c7cbb4c090a3,CDW,2019-09-23,,CDW,eodhd_adjusted_derived,"{""CIK"": ""0001402057"", ""CUSIP"": ""12514G108"", ""ISIN"": ""US12514G1085"", ""OpenFigi"": ""BBG001P63B80""}",validated POC3 identity and dated symbol-change evidence,HIGH
28093eec-baba-51db-b167-7045f32884dd,CE,2018-12-24,2025-03-24,CE,eodhd_adjusted_derived,"{""CIK"": ""0001306830"", ""CUSIP"": ""150870202"", ""ISIN"": ""US1508701034"", ""LEI"": ""549300FHJQTDPPN41627"", ""OpenFigi"": ""BBG000JYP7L8""}",validated POC3 identity and dated symbol-change evidence,HIGH
1617d443-004a-5307-8acb-7b1b8582764f,CEG,2022-02-02,,CEG,eodhd_adjusted_derived,"{""CIK"": ""0001868275"", ""CUSIP"": ""21037T109"", ""ISIN"": ""US21037T1097"", ""LEI"": ""549300F8Y20RYGNGV346"", ""OpenFigi"": ""BBG014KFRNP7""}",validated POC3 identity and dated symbol-change evidence,HIGH
7556317a-8d08-5a8f-aa95-76973fb31777,CERN,2010-04-29,2022-06-08,CERN,eodhd_adjusted_derived,"{""CIK"": ""0000804753"", ""CUSIP"": ""156782104"", ""ISIN"": ""US1567821046"", ""LEI"": ""549300L4UJ40IEVVI304""}",validated POC3 identity and dated symbol-change evidence,HIGH
23053dc1-af62-5611-aa75-22ea1e01b81c,CF,2008-08-27,,CF,eodhd_adjusted_derived,"{""CIK"": ""0001324404"", ""CUSIP"": ""125269100"", ""ISIN"": ""US1252691001"", ""LEI"": ""529900CG8YAQFZ2JMV97"", ""OpenFigi"": ""BBG000BWJFZ4""}",validated POC3 identity and dated symbol-change evidence,HIGH
a87fc298-d8df-5a33-992c-a79a422d4250,CFG,2016-02-01,,CFG,eodhd_adjusted_derived,"{""CIK"": ""0000759944"", ""CUSIP"": ""174610105"", ""ISIN"": ""US1746101054"", ""LEI"": ""2138004JDDA4ZQUPFW65"", ""OpenFigi"": ""BBG006Q0HY77""}",validated POC3 identity and dated symbol-change evidence,HIGH
ddc856eb-c0d2-590d-bbce-3777913a0da2,CHD,2015-12-29,,CHD,eodhd_adjusted_derived,"{""CIK"": ""0000313927"", ""CUSIP"": ""171340102"", ""ISIN"": ""US1713401024"", ""LEI"": ""POOXSI30AWAQGYJZC921"", ""OpenFigi"": ""BBG000BFJT36""}",validated POC3 identity and dated symbol-change evidence,HIGH
c9629510-94b8-52c9-a37a-295a2ff04570,CHRW,2007-03-02,,CHRW,eodhd_adjusted_derived,"{""CIK"": ""0001043277"", ""CUSIP"": ""12541W100"", ""ISIN"": ""US12541W2098"", ""LEI"": ""529900WNWN5L0OVDHA79"", ""OpenFigi"": ""BBG000BTCH57""}",validated POC3 identity and dated symbol-change evidence,HIGH
22bd9724-5b2d-5c29-839c-ca87b63e7ee9,CHTR,2016-09-08,,CHTR,eodhd_adjusted_derived,"{""CIK"": ""0001091667"", ""CUSIP"": ""16119P108"", ""ISIN"": ""US16119P1084"", ""LEI"": ""0J0XRGZE3PBRFEZ7MV65"", ""OpenFigi"": ""BBG000VPGNR2""}",validated POC3 identity and dated symbol-change evidence,HIGH
494bafb3-eeac-5e41-94ba-dbcb71c4b92a,CI,1976-06-30,,CI,eodhd_adjusted_derived,"{""CIK"": ""0001739940"", ""CUSIP"": ""125523100"", ""ISIN"": ""US1255231003"", ""LEI"": ""549300VIWYMSIGT1U456"", ""OpenFigi"": ""BBG00KXRCDP0""}",validated POC3 identity and dated symbol-change evidence,HIGH
870c9e9a-f947-5e0d-bde6-64868dfe16ee,CIEN,2026-02-09,,CIEN,eodhd_adjusted_derived,"{""CIK"": ""0000936395"", ""CUSIP"": ""171779101"", ""ISIN"": ""US1717793095"", ""LEI"": ""W0CZ7N0GH8UIGXDM1H41"", ""OpenFigi"": ""BBG000BP1152""}",validated POC3 identity and dated symbol-change evidence,HIGH
55b0f4ac-ae09-5fb4-935e-70b95b92b174,CINF,1997-12-18,,CINF,eodhd_adjusted_derived,"{""CIK"": ""0000020286"", ""CUSIP"": ""172062101"", ""ISIN"": ""US1720621010"", ""LEI"": ""254900Q4WEDMZBOZ0002"", ""OpenFigi"": ""BBG000BFPK65""}",validated POC3 identity and dated symbol-change evidence,HIGH
60a2db24-ea79-54d0-9583-a3e2a7689e67,CL,1957-03-04,,CL,eodhd_adjusted_derived,"{""CIK"": ""0000021665"", ""CUSIP"": ""194162103"", ""ISIN"": ""US1941621039"", ""LEI"": ""YMEGZFW4SBUSS5BQXF88"", ""OpenFigi"": ""BBG000BFQYY3""}",validated POC3 identity and dated symbol-change evidence,HIGH
c2af9440-3c28-5106-bcd9-ee4cb71b2cd6,CLX,1969-03-31,,CLX,eodhd_adjusted_derived,"{""CIK"": ""0000021076"", ""CUSIP"": ""189054109"", ""ISIN"": ""US1890541097"", ""LEI"": ""54930044KVSC06Z79I06"", ""OpenFigi"": ""BBG000BFS7D3""}",validated POC3 identity and dated symbol-change evidence,HIGH
35fe0255-6d4f-5299-9629-184d39e839d8,CMA,1995-12-01,2024-06-24,CMA,eodhd_adjusted_derived,"{""CIK"": ""0000028412"", ""CUSIP"": ""200340107"", ""ISIN"": ""US2003401070"", ""LEI"": ""I9Q57JVPWHHZ3ZGBW498"", ""OpenFigi"": ""BBG000C75N77""}",validated POC3 identity and dated symbol-change evidence,HIGH
36a124d2-1070-51c5-9a19-b50db156ab8f,CMCSA,2002-11-19,,CMCSA,eodhd_adjusted_derived,"{""CIK"": ""0001166691"", ""CUSIP"": ""200300200"", ""ISIN"": ""US20030N1019"", ""LEI"": ""51M0QTTNCGUN7KFCFZ59"", ""OpenFigi"": ""BBG000BFT2L4""}",validated POC3 identity and dated symbol-change evidence,HIGH
485a0526-870f-53d8-8cf3-1471263afea9,CME,2006-08-11,,CME,eodhd_adjusted_derived,"{""CIK"": ""0001156375"", ""CUSIP"": ""167760107"", ""ISIN"": ""US12572Q1058"", ""LEI"": ""LCZ7XYGSLJUHFXXNXD88"", ""OpenFigi"": ""BBG000BHLYP4""}",validated POC3 identity and dated symbol-change evidence,HIGH
c8ec27a2-ad84-50e2-b9c9-98e4d9ed4f76,CMG,2011-04-27,,CMG,eodhd_adjusted_derived,"{""CIK"": ""0001058090"", ""CUSIP"": ""169656204"", ""ISIN"": ""US1696561059"", ""OpenFigi"": ""BBG000QX74T1""}",validated POC3 identity and dated symbol-change evidence,HIGH
1950a0d9-974b-51cd-a029-0c3b76340286,CMI,1965-03-31,,CMI,eodhd_adjusted_derived,"{""CIK"": ""0000026172"", ""CUSIP"": ""125761304"", ""ISIN"": ""US2310211063"", ""LEI"": ""ZUNI8PYC725B6H8JU438"", ""OpenFigi"": ""BBG000BGPTV6""}",validated POC3 identity and dated symbol-change evidence,HIGH
9bd8b6b4-ebc6-545d-8b8d-3574a47618bf,CMS,1957-03-04,,CMS,eodhd_adjusted_derived,"{""CIK"": ""0000811156"", ""CUSIP"": ""125896308"", ""ISIN"": ""US1258961002"", ""LEI"": ""549300IA9XFBAGNIBW29"", ""OpenFigi"": ""BBG000BFVXX0""}",validated POC3 identity and dated symbol-change evidence,HIGH
6a5eeca2-781f-5561-ae30-039cfc8f5b99,CNC,2016-03-30,,CNC,eodhd_adjusted_derived,"{""CIK"": ""0001071739"", ""CUSIP"": ""15135B101"", ""ISIN"": ""US15135B1017"", ""LEI"": ""549300Z7JJ4TQSQGT333"", ""OpenFigi"": ""BBG000BDXCJ5""}",validated POC3 identity and dated symbol-change evidence,HIGH
306500f8-a46e-5089-8a3c-9b42786fb68d,CNP,1985-07-31,,CNP,eodhd_adjusted_derived,"{""CIK"": ""0001130310"", ""CUSIP"": ""442161105"", ""ISIN"": ""US15189T1079"", ""LEI"": ""21TPXMRRHFKOBHDC8J74"", ""OpenFigi"": ""BBG000FDBX90""}",validated POC3 identity and dated symbol-change evidence,HIGH
fc59a560-b93f-5da6-bf01-e69f468f36c3,COF,1998-07-01,,COF,eodhd_adjusted_derived,"{""CIK"": ""0000927628"", ""CUSIP"": ""14040H105"", ""ISIN"": ""US14040H1059"", ""LEI"": ""ZUE8T73ROZOF6FLBAR73"", ""OpenFigi"": ""BBG000BGKTF9""}",validated POC3 identity and dated symbol-change evidence,HIGH
c1a8d2e0-8364-566e-8a36-f98803be3240,COHR,2026-03-23,,COHR,eodhd_adjusted_derived,"{""CIK"": ""0000021510"", ""CUSIP"": ""192479103"", ""ISIN"": ""US19247G1076"", ""LEI"": ""549300O5C25A0MMHHU33"", ""OpenFigi"": ""BBG000BLW102""}",validated POC3 identity and dated symbol-change evidence,HIGH
4e4d99b0-868b-5702-a75a-4bb761d7924a,COIN,2025-05-19,,COIN,eodhd_adjusted_derived,"{""CIK"": ""0001679788"", ""CUSIP"": ""19260Q107"", ""ISIN"": ""US19260Q1076"", ""LEI"": ""5493004G3J2SC154DU06"", ""OpenFigi"": ""BBG00ZGF7771""}",validated POC3 identity and dated symbol-change evidence,HIGH
1d90b9f8-05cc-540f-a720-d9bc93312111,COO,2016-09-23,,COO,eodhd_adjusted_derived,"{""CIK"": ""0000711404"", ""CUSIP"": ""216640102"", ""ISIN"": ""US2166485019"", ""OpenFigi"": ""BBG000BG3445""}",validated POC3 identity and dated symbol-change evidence,HIGH
a3db857e-d764-5693-ab80-14e4a6b7195f,COP,1957-03-04,,COP,eodhd_adjusted_derived,"{""CIK"": ""0001163165"", ""CUSIP"": ""208251504"", ""ISIN"": ""US20825C1045"", ""LEI"": ""WPTL2Z3FIYTHSP5V2253"", ""OpenFigi"": ""BBG000BQQH30""}",validated POC3 identity and dated symbol-change evidence,HIGH
a83935d8-9481-551c-b8d8-00e3e1e8f030,ABC,2001-08-30,2023-08-30,COR,eodhd_adjusted_derived,"{""CIK"": ""0001140859"", ""CUSIP"": ""03071P102"", ""ISIN"": ""US03073E1055"", ""LEI"": ""AI8GXW8LG5WK7E9UD086"", ""OpenFigi"": ""BBG000MDCQC2""}",EODHD symbol-change-history: ABC->COR effective 2023-08-30,HIGH
a83935d8-9481-551c-b8d8-00e3e1e8f030,COR,2023-08-30,,COR,eodhd_adjusted_derived,"{""CIK"": ""0001140859"", ""CUSIP"": ""03071P102"", ""ISIN"": ""US03073E1055"", ""LEI"": ""AI8GXW8LG5WK7E9UD086"", ""OpenFigi"": ""BBG000MDCQC2""}",validated POC3 identity and dated symbol-change evidence,HIGH
6b83d74e-47b8-5cac-a82a-6e13ac3192ab,COST,1993-10-01,,COST,eodhd_adjusted_derived,"{""CIK"": ""0000909832"", ""CUSIP"": ""74143W102"", ""ISIN"": ""US22160K1051"", ""LEI"": ""29DX7H14B9S6O3FD6V18"", ""OpenFigi"": ""BBG000F6H8W8""}",validated POC3 identity and dated symbol-change evidence,HIGH
7bb43f53-d1b3-5716-8781-95a16f2d7704,FLT,2018-06-20,2024-03-25,CPAY,eodhd_adjusted_derived,"{""CIK"": ""0001175454"", ""CUSIP"": ""219948106"", ""ISIN"": ""US2199481068"", ""LEI"": ""549300DG6RR0NQSFLN74"", ""OpenFigi"": ""BBG000GPXKX9""}",EODHD symbol-change-history: FLT->CPAY effective 2024-03-25,HIGH
7bb43f53-d1b3-5716-8781-95a16f2d7704,CPAY,2024-03-25,,CPAY,eodhd_adjusted_derived,"{""CIK"": ""0001175454"", ""CUSIP"": ""219948106"", ""ISIN"": ""US2199481068"", ""LEI"": ""549300DG6RR0NQSFLN74"", ""OpenFigi"": ""BBG000GPXKX9""}",validated POC3 identity and dated symbol-change evidence,HIGH
d29b4a28-d91e-565b-a5df-6ad7d178fd0c,CPB,1957-03-04,2026-06-22,CPB,eodhd_adjusted_derived,"{""CIK"": ""0000016732"", ""CUSIP"": ""134429109"", ""ISIN"": ""US1344291091"", ""LEI"": ""5493007JDSMX8Z5Z1902"", ""OpenFigi"": ""BBG000BG4202""}",validated POC3 identity and dated symbol-change evidence,HIGH
7659fe86-5e77-503a-be2f-24f2918ca99a,CPRT,2018-07-02,,CPRT,eodhd_adjusted_derived,"{""CIK"": ""0000900075"", ""CUSIP"": ""217204106"", ""ISIN"": ""US2172041061"", ""LEI"": ""549300KVYX3JWMYEHU61"", ""OpenFigi"": ""BBG000BM9RH1""}",validated POC3 identity and dated symbol-change evidence,HIGH
0922e4ce-4d0d-55fc-bbfc-9f737ecef55a,CPT,2022-04-04,,CPT,eodhd_adjusted_derived,"{""CIK"": ""0000906345"", ""CUSIP"": ""133131102"", ""ISIN"": ""US1331311027"", ""LEI"": ""5493002MYX22OHYJBD89"", ""OpenFigi"": ""BBG000BB0V03""}",validated POC3 identity and dated symbol-change evidence,HIGH
de35d48b-6410-55d1-83c3-d6d9a531c0f9,CRH,2025-12-22,,CRH,eodhd_adjusted_derived,"{""CIK"": ""0000849395"", ""CUSIP"": ""12626K203"", ""ISIN"": ""IE0001827041"", ""LEI"": ""549300MIDJNNTH068E74"", ""OpenFigi"": ""BBG000BBLR09""}",validated POC3 identity and dated symbol-change evidence,HIGH
3a34addf-bbfb-5f47-aae7-6c66003dbdb8,CRL,2021-05-14,,CRL,eodhd_adjusted_derived,"{""CIK"": ""0001100682"", ""CUSIP"": ""159864107"", ""ISIN"": ""US1598641074"", ""LEI"": ""549300BSQ0R4UZ5KX287"", ""OpenFigi"": ""BBG000BG5BL8""}",validated POC3 identity and dated symbol-change evidence,HIGH
74265f16-061b-51ea-90ca-7225991bb5b2,CRM,2008-09-12,,CRM,eodhd_adjusted_derived,"{""CIK"": ""0001108524"", ""CUSIP"": ""79466L302"", ""ISIN"": ""US79466L3024"", ""LEI"": ""RCGZFPDMRW58VJ54VR07"", ""OpenFigi"": ""BBG000BN2DC2""}",validated POC3 identity and dated symbol-change evidence,HIGH
9c627f5b-02ec-5d8b-b2cc-d80d64a4c5a6,CRWD,2024-06-24,,CRWD,eodhd_adjusted_derived,"{""CIK"": ""0001535527"", ""CUSIP"": ""22788C105"", ""ISIN"": ""US22788C1053"", ""LEI"": ""549300YBY08K9KM4HX32"", ""OpenFigi"": ""BBG00BLYKS03""}",validated POC3 identity and dated symbol-change evidence,HIGH
35cb323a-b847-5de9-a281-748fd5f795f0,CSCO,1993-12-01,,CSCO,eodhd_adjusted_derived,"{""CIK"": ""0000858877"", ""CUSIP"": ""17275R102"", ""ISIN"": ""US17275R1023"", ""LEI"": ""8E6NF1YAL0WT6CWXXV93"", ""OpenFigi"": ""BBG000C3J3C9""}",validated POC3 identity and dated symbol-change evidence,HIGH
9fa68d41-ee46-5b1c-b7e1-ec85d0a53dfd,CSGP,2022-09-19,,CSGP,eodhd_adjusted_derived,"{""CIK"": ""0001057352"", ""CUSIP"": ""75612B107"", ""ISIN"": ""US22160N1090"", ""OpenFigi"": ""BBG000D7JKW9""}",validated POC3 identity and dated symbol-change evidence,HIGH
5e610e30-fe8a-5fc7-85db-38b2fdab7082,CSX,1957-03-04,,CSX,eodhd_adjusted_derived,"{""CIK"": ""0000277948"", ""CUSIP"": ""126408103"", ""ISIN"": ""US1264081035"", ""LEI"": ""549300JVQR4N1MMP3Q88"", ""OpenFigi"": ""BBG000BGJRC8""}",validated POC3 identity and dated symbol-change evidence,HIGH
c0a004c4-c889-5280-91ac-95c9c256bbc2,CTAS,2001-03-01,,CTAS,eodhd_adjusted_derived,"{""CIK"": ""0000723254"", ""CUSIP"": ""172908105"", ""ISIN"": ""US1729081059"", ""LEI"": ""549300QVUQTTKMTE0G41"", ""OpenFigi"": ""BBG000H3YXF8""}",validated POC3 identity and dated symbol-change evidence,HIGH
39335ae6-6153-5436-a1b0-e8089c0adaf8,CTLT,2020-09-21,2024-12-23,CTLT,eodhd_adjusted_derived,"{""CIK"": ""0001596783"", ""CUSIP"": ""148806102"", ""ISIN"": ""US1488061029"", ""LEI"": ""549300HALRZ339MSTH85"", ""OpenFigi"": ""BBG005XR47P5""}",validated POC3 identity and dated symbol-change evidence,HIGH
d47ba1df-c0d0-5767-b105-569310d659b2,CTRA,2008-06-23,2026-05-07,CTRA,eodhd_adjusted_derived,"{""CIK"": ""0000858470"", ""CUSIP"": ""127097103"", ""ISIN"": ""US1270971039"", ""LEI"": ""FCNMH6O7VWU7LHXMK351"", ""OpenFigi"": ""BBG000C3GN47""}",validated POC3 identity and dated symbol-change evidence,HIGH
f7f41a5f-5d72-5b45-8ebc-177bb6913e03,CTSH,2006-11-17,,CTSH,eodhd_adjusted_derived,"{""CIK"": ""0001058290"", ""CUSIP"": ""192446102"", ""ISIN"": ""US1924461023"", ""LEI"": ""5493006IEVQEFQO40L83"", ""OpenFigi"": ""BBG000BBDV81""}",validated POC3 identity and dated symbol-change evidence,HIGH
30d5f6b4-a147-5018-bc0a-d4f9668b87f0,CTVA,2019-06-03,,CTVA,eodhd_adjusted_derived,"{""CIK"": ""0001755672"", ""CUSIP"": ""22052L104"", ""ISIN"": ""US22052L1044"", ""LEI"": ""549300WZN9I2QKLS0O94"", ""OpenFigi"": ""BBG00BN969C1""}",validated POC3 identity and dated symbol-change evidence,HIGH
f215970f-527c-56fb-b4b9-603db54fe098,CTXS,2012-04-01,2022-10-03,CTXS,eodhd_adjusted_derived,"{""CIK"": ""0000877890"", ""CUSIP"": ""177376100"", ""ISIN"": ""US1773761002"", ""LEI"": ""HCTKJGUQOPZ5NBK7NP58""}",validated POC3 identity and dated symbol-change evidence,HIGH
af647325-c79a-5b0a-8f0c-62818adf47ff,CVNA,2025-12-22,,CVNA,eodhd_adjusted_derived,"{""CIK"": ""0001690820"", ""CUSIP"": ""146869102"", ""ISIN"": ""US1468691027"", ""LEI"": ""5493003WEAK2PJ5WS063"", ""OpenFigi"": ""BBG00GCTWDJ3""}",validated POC3 identity and dated symbol-change evidence,HIGH
90d772cf-649f-53d4-9a70-c32308248fe3,CVS,1957-03-04,,CVS,eodhd_adjusted_derived,"{""CIK"": ""0000064803"", ""CUSIP"": ""585745102"", ""ISIN"": ""US1266501006"", ""LEI"": ""549300EJG376EN5NQE29"", ""OpenFigi"": ""BBG000BGRY34""}",validated POC3 identity and dated symbol-change evidence,HIGH
9f54ff1e-2dd8-5f17-bf4e-a7b0b5eef4f8,CVX,1957-03-04,,CVX,eodhd_adjusted_derived,"{""CIK"": ""0000093410"", ""CUSIP"": ""166751107"", ""ISIN"": ""US1667641005"", ""LEI"": ""VA8TZDWPEZYU430RZ444"", ""OpenFigi"": ""BBG000K4ND22""}",validated POC3 identity and dated symbol-change evidence,HIGH
17da34a1-2d46-55a6-aecb-c8b138cd6932,CZR,2021-03-22,2025-09-22,CZR,eodhd_adjusted_derived,"{""CIK"": ""0000858339"", ""CUSIP"": ""127686103"", ""ISIN"": ""US12769G1004"", ""LEI"": ""549300FA4CTCW903Y781"", ""OpenFigi"": ""BBG0074Q3NK6""}",validated POC3 identity and dated symbol-change evidence,HIGH
ec265685-a301-58e6-9608-397efd623e6f,D,2016-11-30,,D,eodhd_adjusted_derived,"{""CIK"": ""0000715957"", ""CUSIP"": ""257469205"", ""ISIN"": ""US25746U1097"", ""LEI"": ""ILUL7B6Z54MRYCF6H308"", ""OpenFigi"": ""BBG000BGVW60""}",validated POC3 identity and dated symbol-change evidence,HIGH
c48518ab-0e25-5721-b9ae-2f0f0f7a1725,DAL,2013-09-11,,DAL,eodhd_adjusted_derived,"{""CIK"": ""0000027904"", ""CUSIP"": ""247361702"", ""ISIN"": ""US2473617023"", ""LEI"": ""Q2CCMS6R0AS67HJMBN42"", ""OpenFigi"": ""BBG000R7Z112""}",validated POC3 identity and dated symbol-change evidence,HIGH
76c10768-9162-57d6-bd3d-8c3eb96657f1,DASH,2025-03-24,,DASH,eodhd_adjusted_derived,"{""CIK"": ""0001792789"", ""CUSIP"": ""25809K105"", ""ISIN"": ""US25809K1051"", ""OpenFigi"": ""BBG005D7QCJ3""}",validated POC3 identity and dated symbol-change evidence,HIGH
51f5567e-647b-5136-a9d1-9bd0ddc9d01b,CDAY,2021-09-20,2024-02-01,DAY,eodhd_adjusted_derived,"{""CIK"": ""0001725057"", ""CUSIP"": ""15677J108"", ""ISIN"": ""US15677J1088"", ""LEI"": ""549300T64GVCHFJ8L449"", ""OpenFigi"": ""BBG005D7PF34""}",EODHD symbol-change-history: CDAY->DAY effective 2024-02-01,HIGH
51f5567e-647b-5136-a9d1-9bd0ddc9d01b,DAY,2024-02-01,2026-02-09,DAY,eodhd_adjusted_derived,"{""CIK"": ""0001725057"", ""CUSIP"": ""15677J108"", ""ISIN"": ""US15677J1088"", ""LEI"": ""549300T64GVCHFJ8L449"", ""OpenFigi"": ""BBG005D7PF34""}",validated POC3 identity and dated symbol-change evidence,HIGH
b81a5c89-bda6-55b8-ac54-fa83115a2a54,DD,2019-04-02,,DD,eodhd_adjusted_derived,"{""CIK"": ""0001666700"", ""CUSIP"": ""26614N102"", ""ISIN"": ""US26614N2018"", ""OpenFigi"": ""BBG00BN961G4""}",validated POC3 identity and dated symbol-change evidence,HIGH
10ad3183-4727-516a-ac2e-e9a2169ce416,DDOG,2025-07-09,,DDOG,eodhd_adjusted_derived,"{""CIK"": ""0001561550"", ""CUSIP"": ""23804L103"", ""ISIN"": ""US23804L1035"", ""LEI"": ""549300F6JNO0KRPO1K63"", ""OpenFigi"": ""BBG003NJHZT9""}",validated POC3 identity and dated symbol-change evidence,HIGH
9517bb19-7a6c-5c34-87f6-eef9e7eb6630,DE,1957-03-04,,DE,eodhd_adjusted_derived,"{""CIK"": ""0000315189"", ""CUSIP"": ""244199105"", ""ISIN"": ""US2441991054"", ""LEI"": ""PWFTNG3EI0Y73OXWDH08"", ""OpenFigi"": ""BBG000BH1NH9""}",validated POC3 identity and dated symbol-change evidence,HIGH
af249808-481d-5beb-8af8-1ef5f6973921,DECK,2024-03-18,,DECK,eodhd_adjusted_derived,"{""CIK"": ""0000910521"", ""CUSIP"": ""243537107"", ""ISIN"": ""US2435371073"", ""LEI"": ""5493008LG4W3I6K8J118"", ""OpenFigi"": ""BBG000BKXYX5""}",validated POC3 identity and dated symbol-change evidence,HIGH
ede6f722-986e-57e0-aa42-9c0838c1185d,DELL,2024-09-23,,DELL,eodhd_adjusted_derived,"{""CIK"": ""0001571996"", ""CUSIP"": ""24703L202"", ""ISIN"": ""US24703L2025"", ""LEI"": ""549300TJB5YBRUPOG437"", ""OpenFigi"": ""BBG00DW3SZS1""}",validated POC3 identity and dated symbol-change evidence,HIGH
a8b31291-b7c4-57aa-935c-d349ce9f80c4,DFS,2007-07-02,2025-05-19,DFS,eodhd_adjusted_derived,"{""CIK"": ""0001393612"", ""CUSIP"": ""254709108"", ""ISIN"": ""US2547091080"", ""LEI"": ""Z1YLO2USPORE63VVUL20"", ""OpenFigi"": ""BBG000QBR5J5""}",validated POC3 identity and dated symbol-change evidence,HIGH
e96020ff-f37c-55c9-a35d-a2269264cffc,DG,2012-12-03,,DG,eodhd_adjusted_derived,"{""CIK"": ""0000029534"", ""CUSIP"": ""256677105"", ""ISIN"": ""US2566771059"", ""LEI"": ""OPX52SQVOZI8IVSWYU66"", ""OpenFigi"": ""BBG000NV1KK7""}",validated POC3 identity and dated symbol-change evidence,HIGH
213d6e7c-eec0-5343-84b0-149dd3e2a8ac,DGX,2002-12-12,,DGX,eodhd_adjusted_derived,"{""CIK"": ""0001022079"", ""CUSIP"": ""74834L100"", ""ISIN"": ""US74834L1008"", ""LEI"": ""8MCWUBXQ0WE04KMXBX50"", ""OpenFigi"": ""BBG000BN84F3""}",validated POC3 identity and dated symbol-change evidence,HIGH
6264ae32-aa84-54ff-8f75-ca473a9a84e8,DHI,2005-06-22,,DHI,eodhd_adjusted_derived,"{""CIK"": ""0000882184"", ""CUSIP"": ""23331A109"", ""ISIN"": ""US23331A1097"", ""OpenFigi"": ""BBG000DQTXY6""}",validated POC3 identity and dated symbol-change evidence,HIGH
d09bef1f-5fba-5813-b1cc-c17826d8f0c0,DHR,1998-11-18,,DHR,eodhd_adjusted_derived,"{""CIK"": ""0000313616"", ""CUSIP"": ""235851110"", ""ISIN"": ""US2358511028"", ""LEI"": ""S4BKK9OTCEWQ3YHPFM11"", ""OpenFigi"": ""BBG000BH3JF8""}",validated POC3 identity and dated symbol-change evidence,HIGH
b2b585e6-33b7-56d7-9c66-757bdd89f108,DIS,1976-06-30,,DIS,eodhd_adjusted_derived,"{""CIK"": ""0001744489"", ""CUSIP"": ""254687205"", ""ISIN"": ""US2546871060"", ""LEI"": ""7260JQNI6SCF9FIV2392"", ""OpenFigi"": ""BBG000BH4R78""}",validated POC3 identity and dated symbol-change evidence,HIGH
93ae17ae-6275-56e9-9009-051ca9ceaabd,DISCA,2012-04-01,2022-04-11,DISCA,eodhd_adjusted_derived,"{""CIK"": ""0001437107"", ""CUSIP"": ""25468Y107"", ""ISIN"": ""US25470F1049"", ""LEI"": ""5493006ZCRFWKF6B1K26""}",validated POC3 identity and dated symbol-change evidence,HIGH
d9c815be-f0c7-50a9-9f1f-672848ebf190,DISH,2017-03-13,2023-06-20,DISH,eodhd_adjusted_derived,"{""CIK"": ""0001001082"", ""CUSIP"": ""25470M109"", ""ISIN"": ""US25470M1099"", ""LEI"": ""529900U350CWHH15G169"", ""OpenFigi"": ""BBG000C2YHG9""}",validated POC3 identity and dated symbol-change evidence,HIGH
ceba63d6-efcf-5e2f-96ec-b26f23e1f53e,DLR,2016-05-18,,DLR,eodhd_adjusted_derived,"{""CIK"": ""0001297996"", ""CUSIP"": ""253868301"", ""ISIN"": ""US2538681030"", ""LEI"": ""549300HKCZ31D08NEI41"", ""OpenFigi"": ""BBG000Q5ZRM7""}",validated POC3 identity and dated symbol-change evidence,HIGH
899a12f8-dfe0-5361-86bc-924d40dc0c6a,DLTR,2011-12-16,,DLTR,eodhd_adjusted_derived,"{""CIK"": ""0000935703"", ""CUSIP"": ""256747106"", ""ISIN"": ""US2567461080"", ""LEI"": ""549300PMSTQITB1WHR43"", ""OpenFigi"": ""BBG000BSC0K9""}",validated POC3 identity and dated symbol-change evidence,HIGH
3f2a5acf-b2d2-5439-89ee-fbefcf23d459,PEAK,2008-03-31,2024-03-04,DOC,eodhd_adjusted_derived,"{""CIK"": ""0001036081"", ""CUSIP"": ""421915109"", ""ISIN"": ""US42250P1030"", ""LEI"": ""PZ9HF5U52KPF0MH0QN75"", ""OpenFigi"": ""BBG000BKYDP9""}",EODHD symbol-change-history: PEAK->DOC effective 2024-03-04,HIGH
3f2a5acf-b2d2-5439-89ee-fbefcf23d459,DOC,2024-03-04,,DOC,eodhd_adjusted_derived,"{""CIK"": ""0001036081"", ""CUSIP"": ""421915109"", ""ISIN"": ""US42250P1030"", ""LEI"": ""PZ9HF5U52KPF0MH0QN75"", ""OpenFigi"": ""BBG000BKYDP9""}",validated POC3 identity and dated symbol-change evidence,HIGH
41f33ffd-f6e1-56a8-a20c-55b731b32207,DOV,1985-10-31,,DOV,eodhd_adjusted_derived,"{""CIK"": ""0000029905"", ""CUSIP"": ""260003108"", ""ISIN"": ""US2600031080"", ""LEI"": ""549300FMC2ALGA7N9E80"", ""OpenFigi"": ""BBG000BHB3M6""}",validated POC3 identity and dated symbol-change evidence,HIGH
1bf034ea-f0cd-5f3c-a1bf-4b7bd75a3d78,DOW,2019-04-02,,DOW,eodhd_adjusted_derived,"{""CIK"": ""0000029915"", ""CUSIP"": ""260557103"", ""ISIN"": ""US2605571031"", ""LEI"": ""5493003S21INSLK2IP73"", ""OpenFigi"": ""BBG00BN96922""}",validated POC3 identity and dated symbol-change evidence,HIGH
37641657-7a01-549a-ac99-2fcc8edef259,DPZ,2020-05-12,,DPZ,eodhd_adjusted_derived,"{""CIK"": ""0001286681"", ""CUSIP"": ""25754A201"", ""ISIN"": ""US25754A2015"", ""LEI"": ""5299004V0Y8MI5D9FF45"", ""OpenFigi"": ""BBG000P458P3""}",validated POC3 identity and dated symbol-change evidence,HIGH
51e19ebc-ada2-51fe-ab2b-b9470a6a4e48,DRE,2017-07-26,2022-10-03,DRE,eodhd_adjusted_derived,"{""CIK"": ""0000783280"", ""CUSIP"": ""264411505"", ""ISIN"": ""US2644115055""}",validated POC3 identity and dated symbol-change evidence,HIGH
485cbfbb-bdf8-5924-b70d-1d37ddfc15fe,DRI,1995-05-31,,DRI,eodhd_adjusted_derived,"{""CIK"": ""0000940944"", ""CUSIP"": ""237194105"", ""ISIN"": ""US2371941053"", ""LEI"": ""CY1NFSCCB5GUXC7WZC70"", ""OpenFigi"": ""BBG000BBNYF6""}",validated POC3 identity and dated symbol-change evidence,HIGH
d5977023-ce80-531a-bc5a-1095a3a86cfe,DTE,1957-03-04,,DTE,eodhd_adjusted_derived,"{""CIK"": ""0000936340"", ""CUSIP"": ""233331107"", ""ISIN"": ""US2333311072"", ""LEI"": ""549300IX8SD6XXD71I78"", ""OpenFigi"": ""BBG000BB29X4""}",validated POC3 identity and dated symbol-change evidence,HIGH
76c2566c-c9c0-5336-9f1f-8c107782ed71,DUK,1976-06-30,,DUK,eodhd_adjusted_derived,"{""CIK"": ""0001326160"", ""CUSIP"": ""264399585"", ""ISIN"": ""US26441C2044"", ""LEI"": ""I1BZKREC126H0VB1BL91"", ""OpenFigi"": ""BBG000BHGDH5""}",validated POC3 identity and dated symbol-change evidence,HIGH
3a25df7a-c6f2-59ac-bfa8-50a8fcc56ef6,DVA,2008-07-31,,DVA,eodhd_adjusted_derived,"{""CIK"": ""0000927066"", ""CUSIP"": ""89151A107"", ""ISIN"": ""US23918K1088"", ""LEI"": ""M2XHYMU3TZNEZURC6H66"", ""OpenFigi"": ""BBG000MQ1SN9""}",validated POC3 identity and dated symbol-change evidence,HIGH
90738a08-2d4d-5eeb-a817-e14c2188ae8b,DVN,2000-08-30,,DVN,eodhd_adjusted_derived,"{""CIK"": ""0001090012"", ""CUSIP"": ""25179M103"", ""ISIN"": ""US25179M1036"", ""LEI"": ""54930042348RKR3ZPN35"", ""OpenFigi"": ""BBG000BBVJZ8""}",validated POC3 identity and dated symbol-change evidence,HIGH
69e7a6ec-6b92-5206-b35d-44711cff6e4e,DXC,2017-04-04,2023-10-03,DXC,eodhd_adjusted_derived,"{""CIK"": ""0001688568"", ""CUSIP"": ""23355L106"", ""ISIN"": ""US23355L1061"", ""LEI"": ""549300DOVZ3EDJB7O259"", ""OpenFigi"": ""BBG00FN64XT9""}",validated POC3 identity and dated symbol-change evidence,HIGH
bbf7bee9-1b08-5d8e-9a6f-3421bce5998b,DXCM,2020-05-12,,DXCM,eodhd_adjusted_derived,"{""CIK"": ""0001093557"", ""CUSIP"": ""252131107"", ""ISIN"": ""US2521311074"", ""LEI"": ""549300YSK3QDSFR5EU59"", ""OpenFigi"": ""BBG000QTF8K1""}",validated POC3 identity and dated symbol-change evidence,HIGH
ea064420-88f9-5a08-982c-28a3459de19b,EA,2002-07-22,2026-08-05,EA,eodhd_adjusted_derived,"{""CIK"": ""0000712515"", ""CUSIP"": ""285512109"", ""ISIN"": ""US2855121099"", ""LEI"": ""549300O7A67PUEYKDL45"", ""OpenFigi"": ""BBG000BP0KQ8""}",validated POC3 identity and dated symbol-change evidence,HIGH
767f31e2-e058-5001-9117-92daebc55a44,EBAY,2002-07-22,,EBAY,eodhd_adjusted_derived,"{""CIK"": ""0001065088"", ""CUSIP"": ""278642103"", ""ISIN"": ""US2786421030"", ""LEI"": ""OML71K8X303XQONU6T67"", ""OpenFigi"": ""BBG000C43RR5""}",validated POC3 identity and dated symbol-change evidence,HIGH
01466be1-c2f1-5529-9c00-00d1f3d9d434,SATS,2026-03-23,2026-06-24,ECHO,eodhd_adjusted_derived,"{""ISIN"": ""US2787681061"", ""LEI"": ""549300EE20907QZ9GT38"", ""OpenFigi"": ""BBG000TGLV00""}",EODHD symbol-change-history: SATS->ECHO effective 2026-06-24,HIGH
01466be1-c2f1-5529-9c00-00d1f3d9d434,ECHO,2026-06-24,,ECHO,eodhd_adjusted_derived,"{""ISIN"": ""US2787681061"", ""LEI"": ""549300EE20907QZ9GT38"", ""OpenFigi"": ""BBG000TGLV00""}",validated POC3 identity and dated symbol-change evidence,HIGH
006f0a8c-76ca-5315-8af2-713fe40184ab,ECL,1989-01-31,,ECL,eodhd_adjusted_derived,"{""CIK"": ""0000031462"", ""CUSIP"": ""278865100"", ""ISIN"": ""US2788651006"", ""LEI"": ""82DYEISM090VG8LTLS26"", ""OpenFigi"": ""BBG000BHKYH4""}",validated POC3 identity and dated symbol-change evidence,HIGH
4fe593cd-ea49-50df-b427-f741844651c9,ED,1957-03-04,,ED,eodhd_adjusted_derived,"{""CIK"": ""0001047862"", ""CUSIP"": ""209111103"", ""ISIN"": ""US2091151041"", ""LEI"": ""54930033SBW53OO8T749"", ""OpenFigi"": ""BBG000BHLYS1""}",validated POC3 identity and dated symbol-change evidence,HIGH
1746708d-aa8a-589e-bdbc-285e4d27a640,EFX,1997-06-19,,EFX,eodhd_adjusted_derived,"{""CIK"": ""0000033185"", ""CUSIP"": ""294429105"", ""ISIN"": ""US2944291051"", ""LEI"": ""5493004MCF8JDC86VS77"", ""OpenFigi"": ""BBG000BHPL78""}",validated POC3 identity and dated symbol-change evidence,HIGH
30ffaf1f-1c2d-599f-9cf8-fb09a749b30c,RE,2017-06-19,2023-07-10,EG,eodhd_adjusted_derived,"{""CIK"": ""0001095073"", ""CUSIP"": ""G3223R108"", ""ISIN"": ""BMG3223R1088"", ""OpenFigi"": ""BBG000C1XVK6""}",EODHD symbol-change-history: RE->EG effective 2023-07-10,HIGH
30ffaf1f-1c2d-599f-9cf8-fb09a749b30c,EG,2023-07-10,,EG,eodhd_adjusted_derived,"{""CIK"": ""0001095073"", ""CUSIP"": ""G3223R108"", ""ISIN"": ""BMG3223R1088"", ""OpenFigi"": ""BBG000C1XVK6""}",validated POC3 identity and dated symbol-change evidence,HIGH
898b4698-3e25-52a9-92ab-b645af66addf,EIX,1957-03-04,,EIX,eodhd_adjusted_derived,"{""CIK"": ""0000827052"", ""CUSIP"": ""783882103"", ""ISIN"": ""US2810201077"", ""LEI"": ""549300I7ROF15MAEVP56"", ""OpenFigi"": ""BBG000D7RKJ5""}",validated POC3 identity and dated symbol-change evidence,HIGH
d2380ff1-30eb-5a32-858a-9592c13aaefd,EL,2006-01-05,,EL,eodhd_adjusted_derived,"{""CIK"": ""0001001250"", ""CUSIP"": ""518439104"", ""ISIN"": ""US5184391044"", ""LEI"": ""549300VFZ8XJ9NUPU221"", ""OpenFigi"": ""BBG000FKJRC5""}",validated POC3 identity and dated symbol-change evidence,HIGH
32ba08c8-fcd1-5d0e-ac58-38c5d747deb8,ANTM,2002-07-25,2022-06-28,ELV,eodhd_adjusted_derived,"{""CIK"": ""0001156039"", ""CUSIP"": ""03674B203"", ""ISIN"": ""US0367521038"", ""LEI"": ""8MYN82XMYQH89CTMTH67"", ""OpenFigi"": ""BBG000BCG930""}",EODHD symbol-change-history: ANTM->ELV effective 2022-06-28,HIGH
32ba08c8-fcd1-5d0e-ac58-38c5d747deb8,ELV,2022-06-28,,ELV,eodhd_adjusted_derived,"{""CIK"": ""0001156039"", ""CUSIP"": ""03674B203"", ""ISIN"": ""US0367521038"", ""LEI"": ""8MYN82XMYQH89CTMTH67"", ""OpenFigi"": ""BBG000BCG930""}",validated POC3 identity and dated symbol-change evidence,HIGH
1054b324-70d8-563a-ace0-1c6da3268551,EMBC,2022-04-01,2022-04-04,EMBC,eodhd_adjusted_derived,"{""CIK"": ""0001872789"", ""CUSIP"": ""29082K105"", ""ISIN"": ""US29082K1051"", ""OpenFigi"": ""BBG014L7D4G1""}",validated POC3 identity and dated symbol-change evidence,HIGH
73abefa6-8a73-5219-97f5-6e964f77bdb8,EME,2025-09-22,,EME,eodhd_adjusted_derived,"{""CIK"": ""0000105634"", ""CUSIP"": ""29084Q100"", ""ISIN"": ""US29084Q1004"", ""LEI"": ""529900X0SQJB2J7YDU43"", ""OpenFigi"": ""BBG000BBRPL4""}",validated POC3 identity and dated symbol-change evidence,HIGH
b8151b87-ce01-5952-83b7-21a7f249775b,EMN,1994-01-01,2025-11-04,EMN,eodhd_adjusted_derived,"{""CIK"": ""0000915389"", ""CUSIP"": ""277432100"", ""ISIN"": ""US2774321002"", ""LEI"": ""FDPVHDGJ1IQZFK9KH630"", ""OpenFigi"": ""BBG000BLW530""}",validated POC3 identity and dated symbol-change evidence,HIGH
e805253d-ad31-57cd-93ea-7bdc3aa6708e,EMR,1965-03-31,,EMR,eodhd_adjusted_derived,"{""CIK"": ""0000032604"", ""CUSIP"": ""291011104"", ""ISIN"": ""US2910111044"", ""LEI"": ""FGLT0EWZSUIRRITFOA30"", ""OpenFigi"": ""BBG000BHX7N2""}",validated POC3 identity and dated symbol-change evidence,HIGH
e466e1ff-475f-57b3-b364-0945485939dc,ENPH,2021-01-07,2025-09-22,ENPH,eodhd_adjusted_derived,"{""CIK"": ""0001463101"", ""CUSIP"": ""29355A107"", ""ISIN"": ""US29355A1079"", ""LEI"": ""5493008U7KIGMI59Z314"", ""OpenFigi"": ""BBG001R3MNY9""}",validated POC3 identity and dated symbol-change evidence,HIGH
d3faaacb-b9ea-57cf-a7ac-388154e6d832,EOG,2000-11-02,,EOG,eodhd_adjusted_derived,"{""CIK"": ""0000821189"", ""CUSIP"": ""293562104"", ""ISIN"": ""US26875P1012"", ""LEI"": ""XWTZDRYZPBUHIQBKDB46"", ""OpenFigi"": ""BBG000BZ9223""}",validated POC3 identity and dated symbol-change evidence,HIGH
4b637b60-7fac-5a1d-9f94-ae539af3d119,EPAM,2021-12-14,2026-06-02,EPAM,eodhd_adjusted_derived,"{""CIK"": ""0001352010"", ""CUSIP"": ""29414B104"", ""ISIN"": ""US29414B1044"", ""LEI"": ""549300XCR4R530HJP604"", ""OpenFigi"": ""BBG000MHTV89""}",validated POC3 identity and dated symbol-change evidence,HIGH
017cdd7c-3cf1-5553-aed0-35885b350d27,EQIX,2015-03-23,,EQIX,eodhd_adjusted_derived,"{""CIK"": ""0001101239"", ""CUSIP"": ""29444U106"", ""ISIN"": ""US29444U7000"", ""LEI"": ""549300EVUN2BTLJ3GT74"", ""OpenFigi"": ""BBG000MBDGM6""}",validated POC3 identity and dated symbol-change evidence,HIGH
4e0975e7-830f-5d58-b5d8-69d241f1cdfe,EQT,2022-10-03,,EQT,eodhd_adjusted_derived,"{""CIK"": ""0000033213"", ""CUSIP"": ""294549100"", ""ISIN"": ""US26884L1098"", ""LEI"": ""4NT01YGM4X7ZX86ISY52"", ""OpenFigi"": ""BBG000BHZ5J9""}",validated POC3 identity and dated symbol-change evidence,HIGH
9c973390-590a-5464-959d-619183936361,ERIE,2024-09-23,,ERIE,eodhd_adjusted_derived,"{""CIK"": ""0000922621"", ""CUSIP"": ""29530P102"", ""ISIN"": ""US29530P1021"", ""LEI"": ""549300WA5KP94KRUFZ80"", ""OpenFigi"": ""BBG000BBTJZ1""}",validated POC3 identity and dated symbol-change evidence,HIGH
c2f3cfb9-1329-5422-aeb6-74cb75b4b6b4,ES,2009-07-24,,ES,eodhd_adjusted_derived,"{""CIK"": ""0000072741"", ""CUSIP"": ""664397106"", ""ISIN"": ""US30040W1080"", ""LEI"": ""SJ7XXD41SQU3ZNWUJ746"", ""OpenFigi"": ""BBG000BQ87N0""}",validated POC3 identity and dated symbol-change evidence,HIGH
6cd45a9d-9aaa-5539-ac1b-db6db611884e,ESS,2014-04-02,,ESS,eodhd_adjusted_derived,"{""CIK"": ""0000920522"", ""CUSIP"": ""297178105"", ""ISIN"": ""US2971781057"", ""LEI"": ""549300TR2H2VEFX0NC60"", ""OpenFigi"": ""BBG000CGJMB9""}",validated POC3 identity and dated symbol-change evidence,HIGH
32b52f01-3321-559e-9fb9-4e25329c2299,ETN,1957-03-04,,ETN,eodhd_adjusted_derived,"{""CIK"": ""0001551182"", ""CUSIP"": ""278058102"", ""ISIN"": ""IE00B8KQN827"", ""LEI"": ""0NZWDMRCE180888QQE14"", ""OpenFigi"": ""BBG000BJ3PD2""}",validated POC3 identity and dated symbol-change evidence,HIGH
10fa148d-b8a7-5bd5-b7fa-0bb6ad068b5e,ETR,1957-03-04,,ETR,eodhd_adjusted_derived,"{""CIK"": ""0000065984"", ""CUSIP"": ""29364G103"", ""ISIN"": ""US29364G1031"", ""LEI"": ""4XM3TW50JULSLG8BNC79"", ""OpenFigi"": ""BBG000C1FQS9""}",validated POC3 identity and dated symbol-change evidence,HIGH
59acdb39-df70-5595-8058-49b17c30289b,ETSY,2020-09-21,2024-09-23,ETSY,eodhd_adjusted_derived,"{""CIK"": ""0001370637"", ""CUSIP"": ""29786A106"", ""ISIN"": ""US29786A1060"", ""LEI"": ""54930089Q7XT501AEA40"", ""OpenFigi"": ""BBG000N7MXL8""}",validated POC3 identity and dated symbol-change evidence,HIGH
a0cdf102-5bf4-59b3-a361-3579525d8b15,EVRG,2018-06-05,,EVRG,eodhd_adjusted_derived,"{""CIK"": ""0001711269"", ""CUSIP"": ""30034W106"", ""ISIN"": ""US30034W1062"", ""LEI"": ""549300PGTHDQY6PSUI61"", ""OpenFigi"": ""BBG00H433CR2""}",validated POC3 identity and dated symbol-change evidence,HIGH
650d407c-8848-5aa4-a754-3b9dce109631,EW,2011-03-31,,EW,eodhd_adjusted_derived,"{""CIK"": ""0001099800"", ""CUSIP"": ""28176E108"", ""ISIN"": ""US28176E1082"", ""LEI"": ""YA13X31F3V31L8TMPR58"", ""OpenFigi"": ""BBG000BRXP69""}",validated POC3 identity and dated symbol-change evidence,HIGH
a2352341-3318-5a16-b151-35bd0f208ad2,EXC,1957-03-04,,EXC,eodhd_adjusted_derived,"{""CIK"": ""0001109357"", ""CUSIP"": ""30161N101"", ""ISIN"": ""US30161N1019"", ""LEI"": ""3SOUA6IRML7435B56G12"", ""OpenFigi"": ""BBG000J6XT05""}",validated POC3 identity and dated symbol-change evidence,HIGH
07fc3ed0-745c-5c5d-a1cf-5972db2f04fb,EXE,2025-03-24,,EXE,eodhd_adjusted_derived,"{""CIK"": ""0000895126"", ""ISIN"": ""US1651677353"", ""LEI"": ""X2MT1W32SPAZ9WSKLE78"", ""OpenFigi"": ""BBG00Z6DX554""}",validated POC3 identity and dated symbol-change evidence,HIGH
772158dc-ebbf-5b21-b94d-9f42facfb1ab,EXPD,2007-10-10,,EXPD,eodhd_adjusted_derived,"{""CIK"": ""0000746515"", ""CUSIP"": ""302130109"", ""ISIN"": ""US3021301094"", ""LEI"": ""984500B055A804AB6E40"", ""OpenFigi"": ""BBG000BJ5GK2""}",validated POC3 identity and dated symbol-change evidence,HIGH
6a96536a-7fe4-5f0c-8816-8d16fe432756,EXPE,2007-10-02,,EXPE,eodhd_adjusted_derived,"{""CIK"": ""0001324424"", ""CUSIP"": ""30212P105"", ""ISIN"": ""US30212P3038"", ""LEI"": ""CI7MUJI4USF3V0NJ1H64"", ""OpenFigi"": ""BBG000QY3XZ2""}",validated POC3 identity and dated symbol-change evidence,HIGH
2a8790f8-1370-53dc-a280-07d076dd1753,EXR,2016-01-19,,EXR,eodhd_adjusted_derived,"{""CIK"": ""0001289490"", ""CUSIP"": ""30225T102"", ""ISIN"": ""US30225T1025"", ""LEI"": ""549300YNKSKNZFR8UC42"", ""OpenFigi"": ""BBG000PV27K3""}",validated POC3 identity and dated symbol-change evidence,HIGH
dc519903-e458-5821-8581-e251ebed635f,F,1957-03-04,,F,eodhd_adjusted_derived,"{""CIK"": ""0000037996"", ""CUSIP"": ""345370100"", ""ISIN"": ""US3453708600"", ""LEI"": ""20S05OYHG0MQM4VUIC57"", ""OpenFigi"": ""BBG000BQPC32""}",validated POC3 identity and dated symbol-change evidence,HIGH
2dcf05a6-60fe-54ad-9351-a212356db265,FANG,2018-12-03,,FANG,eodhd_adjusted_derived,"{""CIK"": ""0001539838"", ""CUSIP"": ""25278X109"", ""ISIN"": ""US25278X1090"", ""LEI"": ""549300R22LSX6OHWEN64"", ""OpenFigi"": ""BBG002PHSYX9""}",validated POC3 identity and dated symbol-change evidence,HIGH
910694c2-3e48-52d0-847f-18b04cbb4a0d,FAST,2008-09-12,,FAST,eodhd_adjusted_derived,"{""CIK"": ""0000815556"", ""CUSIP"": ""311900104"", ""ISIN"": ""US3119001044"", ""LEI"": ""529900PP0C7H2HHPSJ32"", ""OpenFigi"": ""BBG000BJ8YN7""}",validated POC3 identity and dated symbol-change evidence,HIGH
d0c396b3-94b6-5b96-8c59-04ab555f7639,FBHS,2016-06-24,2022-12-15,FBIN,eodhd_adjusted_derived,"{""CIK"": ""0001519751"", ""CUSIP"": ""34964C106"", ""ISIN"": ""US34964C1062"", ""LEI"": ""54930032LHW54PQUJD44"", ""OpenFigi"": ""BBG001B4BV87""}",EODHD symbol-change-history: FBHS->FBIN effective 2022-12-15,HIGH
d0c396b3-94b6-5b96-8c59-04ab555f7639,FBIN,2022-12-15,2022-12-19,FBIN,eodhd_adjusted_derived,"{""CIK"": ""0001519751"", ""CUSIP"": ""34964C106"", ""ISIN"": ""US34964C1062"", ""LEI"": ""54930032LHW54PQUJD44"", ""OpenFigi"": ""BBG001B4BV87""}",validated POC3 identity and dated symbol-change evidence,HIGH
992b7a38-408b-5af6-ae63-57605b76b55d,FCX,2011-07-01,,FCX,eodhd_adjusted_derived,"{""CIK"": ""0000831259"", ""CUSIP"": ""35671D865"", ""ISIN"": ""US35671D8570"", ""LEI"": ""549300IRDTHJQ1PVET45"", ""OpenFigi"": ""BBG000BJDB15""}",validated POC3 identity and dated symbol-change evidence,HIGH
94fd8bb1-5717-58b5-990c-d14f0e390d1e,FDS,2021-12-20,,FDS,eodhd_adjusted_derived,"{""CIK"": ""0001013237"", ""CUSIP"": ""303075105"", ""ISIN"": ""US3030751057"", ""LEI"": ""549300ZSJE7NBK6K9P30"", ""OpenFigi"": ""BBG000BDJL83""}",validated POC3 identity and dated symbol-change evidence,HIGH
80147f52-a034-5697-bf45-0c59b2c201a7,FDX,1980-12-31,,FDX,eodhd_adjusted_derived,"{""CIK"": ""0001048911"", ""CUSIP"": ""31304N107"", ""ISIN"": ""US31428X1063"", ""LEI"": ""549300E707U7WNPZN687"", ""OpenFigi"": ""BBG000BJF1Z8""}",validated POC3 identity and dated symbol-change evidence,HIGH
60800fac-c86c-56fe-aef6-09d4c5441fad,FDXF,2026-06-01,,FDXF,eodhd_adjusted_derived,"{""ISIN"": ""US3143521058"", ""OpenFigi"": ""BBG01ZPB91C4""}",validated POC3 identity and dated symbol-change evidence,HIGH
3f4715f6-bb2b-570f-88c0-9090013c1f14,FE,1997-11-28,,FE,eodhd_adjusted_derived,"{""CIK"": ""0001031296"", ""CUSIP"": ""337932107"", ""ISIN"": ""US3379321074"", ""LEI"": ""549300SVYJS666PQJH88"", ""OpenFigi"": ""BBG000BB6M98""}",validated POC3 identity and dated symbol-change evidence,HIGH
0186b2f6-9d3f-56af-8ff0-a365d3828037,FERG,2026-08-05,,FERG,eodhd_adjusted_derived,"{""CIK"": ""0001832433"", ""ISIN"": ""US31488V1070"", ""OpenFigi"": ""BBG00P5M4V07""}",validated POC3 identity and dated symbol-change evidence,HIGH
d2201a04-712b-5385-84d8-576f41f41590,FFIV,2010-12-17,,FFIV,eodhd_adjusted_derived,"{""CIK"": ""0001048695"", ""CUSIP"": ""315616102"", ""ISIN"": ""US3156161024"", ""LEI"": ""54930015FPK9KT966303"", ""OpenFigi"": ""BBG000CXYSZ6""}",validated POC3 identity and dated symbol-change evidence,HIGH
81e8d933-f995-5b7a-a289-9b7732a1b1f1,FICO,2023-03-20,,FICO,eodhd_adjusted_derived,"{""CIK"": ""0000814547"", ""CUSIP"": ""303250104"", ""ISIN"": ""US3032501047"", ""LEI"": ""RI6HET5SJUEY30V1PS26"", ""OpenFigi"": ""BBG000DW76Y6""}",validated POC3 identity and dated symbol-change evidence,HIGH
e8e29a8a-e0e6-509c-a65c-8e32c9d12086,FIS,2006-11-10,,FIS,eodhd_adjusted_derived,"{""CIK"": ""0001136893"", ""CUSIP"": ""156880106"", ""ISIN"": ""US31620M1062"", ""LEI"": ""6WQI0GK1PRFVBA061U48"", ""OpenFigi"": ""BBG000BK2F42""}",validated POC3 identity and dated symbol-change evidence,HIGH
72eb7ed1-6fc1-5f48-8387-22263feff67a,FISV,2001-04-02,2023-06-07,FISV,eodhd_adjusted_derived,"{""ISIN"": ""US3377381088"", ""LEI"": ""GI7UBEJLXYLGR2C7GV83"", ""OpenFigi"": ""BBG000BJKPG0""}",EODHD symbol-change-history: FISV->FI effective 2023-06-07,HIGH
72eb7ed1-6fc1-5f48-8387-22263feff67a,FI,2023-06-07,2025-11-11,FISV,eodhd_adjusted_derived,"{""ISIN"": ""US3377381088"", ""LEI"": ""GI7UBEJLXYLGR2C7GV83"", ""OpenFigi"": ""BBG000BJKPG0""}",EODHD symbol-change-history: FI->FISV effective 2025-11-11,HIGH
72eb7ed1-6fc1-5f48-8387-22263feff67a,FISV,2025-11-11,,FISV,eodhd_adjusted_derived,"{""ISIN"": ""US3377381088"", ""LEI"": ""GI7UBEJLXYLGR2C7GV83"", ""OpenFigi"": ""BBG000BJKPG0""}",validated POC3 identity and dated symbol-change evidence,HIGH
f1f2da25-27bd-5109-928d-b988a38b7d96,FITB,1996-03-29,,FITB,eodhd_adjusted_derived,"{""CIK"": ""0000035527"", ""CUSIP"": ""316773100"", ""ISIN"": ""US3167731005"", ""LEI"": ""THRNG6BD57P9QWTQLG42"", ""OpenFigi"": ""BBG000BJL3N0""}",validated POC3 identity and dated symbol-change evidence,HIGH
228483d4-5135-5622-a993-3c6be39f7928,FIX,2025-12-22,,FIX,eodhd_adjusted_derived,"{""CIK"": ""0001035983"", ""CUSIP"": ""199908104"", ""ISIN"": ""US1999081045"", ""LEI"": ""5299009DT1ZA5HTU6R38"", ""OpenFigi"": ""BBG000BWN2Y9""}",validated POC3 identity and dated symbol-change evidence,HIGH
dcbb96bc-470c-5d68-8325-ca4869588cae,FLEX,2026-06-22,,FLEX,eodhd_adjusted_derived,"{""CIK"": ""0000866374"", ""CUSIP"": ""Y2573F102"", ""ISIN"": ""SG9999000020"", ""OpenFigi"": ""BBG000BP5YT0""}",validated POC3 identity and dated symbol-change evidence,HIGH
538280e4-e7c9-5a96-8fac-385628300945,FMC,2009-08-19,2025-03-24,FMC,eodhd_adjusted_derived,"{""CIK"": ""0000037785"", ""CUSIP"": ""302491303"", ""ISIN"": ""US3024913036"", ""LEI"": ""CKDHZ2X64EEBQCSP7013"", ""OpenFigi"": ""BBG000BJP882""}",validated POC3 identity and dated symbol-change evidence,HIGH
39dcc95e-fa93-510a-92b8-a4aa88735f8a,FOX,2019-03-19,,FOX,eodhd_adjusted_derived,"{""CIK"": ""0001754301"", ""CUSIP"": ""35137L204"", ""ISIN"": ""US35137L2043"", ""LEI"": ""549300DDU6FDRBIELS05"", ""OpenFigi"": ""BBG00JHNKJY8""}",validated POC3 identity and dated symbol-change evidence,HIGH
bcbe5602-dd5e-5ef5-9268-1995919c1c94,FOXA,2019-03-19,,FOXA,eodhd_adjusted_derived,"{""CIK"": ""0001754301"", ""CUSIP"": ""35137L105"", ""ISIN"": ""US35137L1052"", ""LEI"": ""549300DDU6FDRBIELS05"", ""OpenFigi"": ""BBG00JHNJW99""}",validated POC3 identity and dated symbol-change evidence,HIGH
b649208f-74c7-5dd8-8138-9792abfceefc,FRC,2019-01-02,2023-05-04,FRC,eodhd_adjusted_derived,"{""CIK"": ""0001132979""}",validated POC3 identity and dated symbol-change evidence,MEDIUM
34d4c72d-669b-58f8-a7ec-2f0f4dd82c0e,FRT,2016-02-01,,FRT,eodhd_adjusted_derived,"{""CIK"": ""0000034903"", ""CUSIP"": ""313747404"", ""ISIN"": ""US3137451015"", ""OpenFigi"": ""BBG000BJVN28""}",validated POC3 identity and dated symbol-change evidence,HIGH
37d25cd2-7c61-5ddb-a0b5-3397b90c8f4c,FSLR,2022-12-19,,FSLR,eodhd_adjusted_derived,"{""CIK"": ""0001274494"", ""CUSIP"": ""336433107"", ""ISIN"": ""US3364331070"", ""LEI"": ""549300NPYMLM4NHTOF27"", ""OpenFigi"": ""BBG000BFL116""}",validated POC3 identity and dated symbol-change evidence,HIGH
e21705d0-d5df-5e16-a1ff-3d5b351e8a9c,FTNT,2018-10-11,,FTNT,eodhd_adjusted_derived,"{""CIK"": ""0001262039"", ""CUSIP"": ""34959E109"", ""ISIN"": ""US34959E1091"", ""LEI"": ""549300O0QJWDBAS0QX03"", ""OpenFigi"": ""BBG000BCMBG4""}",validated POC3 identity and dated symbol-change evidence,HIGH
402e6e50-4c2d-58cf-bb48-869a6537f96c,FTRE,2023-07-03,2023-07-06,FTRE,eodhd_adjusted_derived,"{""CIK"": ""0001965040"", ""CUSIP"": ""34965K107"", ""ISIN"": ""US34965K1079"", ""OpenFigi"": ""BBG01GZF9VY6""}",validated POC3 identity and dated symbol-change evidence,HIGH
540c9d33-0a14-5c74-bffe-f02a951daa65,FTV,2016-07-05,,FTV,eodhd_adjusted_derived,"{""CIK"": ""0001659166"", ""CUSIP"": ""34959J108"", ""ISIN"": ""US34959J1088"", ""LEI"": ""549300MU9YQJYHDQEF63"", ""OpenFigi"": ""BBG00BLVZ228""}",validated POC3 identity and dated symbol-change evidence,HIGH
f5785d3d-847f-5e6a-8c05-867c250b9660,GD,1957-03-04,,GD,eodhd_adjusted_derived,"{""CIK"": ""0000040533"", ""CUSIP"": ""369550108"", ""ISIN"": ""US3695501086"", ""LEI"": ""9C1X8XOOTYY2FNYTVH06"", ""OpenFigi"": ""BBG000BK67C7""}",validated POC3 identity and dated symbol-change evidence,HIGH
dfc69ff1-2e8d-5d65-974a-7c5a85378bf1,GDDY,2024-06-24,,GDDY,eodhd_adjusted_derived,"{""CIK"": ""0001609711"", ""CUSIP"": ""380237107"", ""ISIN"": ""US3802371076"", ""LEI"": ""549300J8H1TB0I2CB447"", ""OpenFigi"": ""BBG006MDLY05""}",validated POC3 identity and dated symbol-change evidence,HIGH
4e7b1b31-3e96-5bb7-adc9-9a67eb29e98f,GE,1957-03-04,,GE,eodhd_adjusted_derived,"{""CIK"": ""0000040545"", ""CUSIP"": ""369604103"", ""ISIN"": ""US3696043013"", ""LEI"": ""3C7474T6CDKPR9K6YT90"", ""OpenFigi"": ""BBG000BK6MB5""}",validated POC3 identity and dated symbol-change evidence,HIGH
7a001e88-0d77-55b0-9648-c82c6cd8abfb,GEHC,2023-01-04,,GEHC,eodhd_adjusted_derived,"{""CIK"": ""0001932393"", ""CUSIP"": ""36266G107"", ""ISIN"": ""US36266G1076"", ""OpenFigi"": ""BBG01BFR8YV1""}",validated POC3 identity and dated symbol-change evidence,HIGH
fb2912e6-8175-5149-8033-ef2f9e8cedae,NLOK,2003-03-25,2022-11-08,GEN,eodhd_adjusted_derived,"{""CIK"": ""0000849399"", ""CUSIP"": ""668771108"", ""ISIN"": ""US6687711084"", ""LEI"": ""YF6ZV0M6AU4FY94MK914"", ""OpenFigi"": ""BBG000BH2JM1""}",EODHD symbol-change-history: NLOK->GEN effective 2022-11-08,HIGH
fb2912e6-8175-5149-8033-ef2f9e8cedae,GEN,2022-11-08,,GEN,eodhd_adjusted_derived,"{""CIK"": ""0000849399"", ""CUSIP"": ""668771108"", ""ISIN"": ""US6687711084"", ""LEI"": ""YF6ZV0M6AU4FY94MK914"", ""OpenFigi"": ""BBG000BH2JM1""}",validated POC3 identity and dated symbol-change evidence,HIGH
d32c5806-c3c0-5a29-9157-b0b06650e773,GEV,2024-04-02,,GEV,eodhd_adjusted_derived,"{""CIK"": ""0001996810"", ""CUSIP"": ""36828A101"", ""ISIN"": ""US36828A1016"", ""OpenFigi"": ""BBG013G17W31""}",validated POC3 identity and dated symbol-change evidence,HIGH
b0b9f184-c031-520b-9086-08903a76a139,GILD,2004-07-01,,GILD,eodhd_adjusted_derived,"{""CIK"": ""0000882095"", ""CUSIP"": ""375558103"", ""ISIN"": ""US3755581036"", ""LEI"": ""549300WTZWR07K8MNV44"", ""OpenFigi"": ""BBG000CKGBP2""}",validated POC3 identity and dated symbol-change evidence,HIGH
431ff8c7-d508-5ecd-87d9-aebc7ef3a9a1,GIS,1957-03-04,,GIS,eodhd_adjusted_derived,"{""CIK"": ""0000040704"", ""CUSIP"": ""370334104"", ""ISIN"": ""US3703341046"", ""LEI"": ""2TGYMUGI08PO8X8L6150"", ""OpenFigi"": ""BBG000BKCFC2""}",validated POC3 identity and dated symbol-change evidence,HIGH
d6dfde08-8621-5f10-bca1-54534fd0fb8c,GL,1989-04-30,,GL,eodhd_adjusted_derived,"{""CIK"": ""0000320335"", ""CUSIP"": ""37959E102"", ""ISIN"": ""US37959E1029"", ""LEI"": ""5493001JFHKQOPP6XA71"", ""OpenFigi"": ""BBG000BVD6X4""}",validated POC3 identity and dated symbol-change evidence,HIGH
2da0ca8a-fea6-563a-a40d-a0094be12fa8,GLW,1995-02-27,,GLW,eodhd_adjusted_derived,"{""CIK"": ""0000024741"", ""CUSIP"": ""219319209"", ""ISIN"": ""US2193501051"", ""LEI"": ""549300X2937PB0CJ7I56"", ""OpenFigi"": ""BBG000BKFZM4""}",validated POC3 identity and dated symbol-change evidence,HIGH
97a661fb-e976-5b2c-bc59-e5249a132e7f,GM,2013-06-07,,GM,eodhd_adjusted_derived,"{""CIK"": ""0001467858"", ""CUSIP"": ""37045V100"", ""ISIN"": ""US37045V1008"", ""LEI"": ""54930070NSV60J38I987"", ""OpenFigi"": ""BBG000NDYB67""}",validated POC3 identity and dated symbol-change evidence,HIGH
03b1bd0e-b058-53f8-87e3-536e87efd167,GNRC,2021-03-22,,GNRC,eodhd_adjusted_derived,"{""CIK"": ""0001474735"", ""CUSIP"": ""368736104"", ""ISIN"": ""US3687361044"", ""LEI"": ""529900S2H2AHJHSFFI84"", ""OpenFigi"": ""BBG000PQ4W72""}",validated POC3 identity and dated symbol-change evidence,HIGH
2a33fffb-4aa3-53fd-adb6-a2abea175221,GOOG,2014-04-03,,GOOG,eodhd_adjusted_derived,"{""CIK"": ""0001652044"", ""CUSIP"": ""02079K107"", ""ISIN"": ""US02079K1079"", ""LEI"": ""5493006MHB84DD0ZWV18"", ""OpenFigi"": ""BBG009S3NB30""}",validated POC3 identity and dated symbol-change evidence,HIGH
b38b35dc-97ac-5f0c-9c9b-7c877989e286,GOOGL,2014-04-03,,GOOGL,eodhd_adjusted_derived,"{""CIK"": ""0001652044"", ""CUSIP"": ""38259P706"", ""ISIN"": ""US02079K3059"", ""LEI"": ""5493006MHB84DD0ZWV18"", ""OpenFigi"": ""BBG009S39JX6""}",validated POC3 identity and dated symbol-change evidence,HIGH
3bbde1d2-f8f7-587f-b69f-78ce47cebf71,GPC,1973-12-31,,GPC,eodhd_adjusted_derived,"{""CIK"": ""0000040987"", ""CUSIP"": ""372460105"", ""ISIN"": ""US3724601055"", ""LEI"": ""549300D46DQVEU651W04"", ""OpenFigi"": ""BBG000BKL348""}",validated POC3 identity and dated symbol-change evidence,HIGH
cb2d33f0-d3ea-5e55-a28a-425711ff8cbe,GPN,2016-04-25,,GPN,eodhd_adjusted_derived,"{""CIK"": ""0001123360"", ""CUSIP"": ""37940X102"", ""ISIN"": ""US37940X1028"", ""LEI"": ""549300NOMHGVQBX6S778"", ""OpenFigi"": ""BBG000CX0P89""}",validated POC3 identity and dated symbol-change evidence,HIGH
9d711d52-dd0d-5117-8922-502387d147ef,GPS,2012-04-01,2022-02-03,GPS,eodhd_adjusted_derived,"{""CIK"": ""0000039911"", ""CUSIP"": ""364760108"", ""ISIN"": ""US3647601083"", ""LEI"": ""T2ZG1WRWZ4BUCMQL9224""}",validated POC3 identity and dated symbol-change evidence,HIGH
007cc7d4-485b-5f9b-98ba-7787e8c52e0d,GRMN,2012-12-12,,GRMN,eodhd_adjusted_derived,"{""CIK"": ""0001121788"", ""CUSIP"": ""G37260109"", ""ISIN"": ""CH0114405324"", ""LEI"": ""2549001E0HIPIJQ0W046"", ""OpenFigi"": ""BBG000C4LN67""}",validated POC3 identity and dated symbol-change evidence,HIGH
c7cad13a-45cd-55db-930b-2f1093bcf644,GS,2002-07-22,,GS,eodhd_adjusted_derived,"{""CIK"": ""0000886982"", ""CUSIP"": ""38141G104"", ""ISIN"": ""US38141G1040"", ""LEI"": ""784F5XWPLTWKTBV3E584"", ""OpenFigi"": ""BBG000C6CFJ5""}",validated POC3 identity and dated symbol-change evidence,HIGH
5b8a2864-ca66-56f8-953c-ca51c77fa464,GWW,1981-06-30,,GWW,eodhd_adjusted_derived,"{""CIK"": ""0000277135"", ""CUSIP"": ""384802104"", ""ISIN"": ""US3848021040"", ""LEI"": ""549300TWZSP6O1IH2V34"", ""OpenFigi"": ""BBG000BKR1D6""}",validated POC3 identity and dated symbol-change evidence,HIGH
f83eb88a-26c3-5fda-832a-c1c6c7422f62,HAL,1957-03-04,,HAL,eodhd_adjusted_derived,"{""CIK"": ""0000045012"", ""CUSIP"": ""406216101"", ""ISIN"": ""US4062161017"", ""LEI"": ""ENYF8GB5SMQZ25S06U51"", ""OpenFigi"": ""BBG000BKTFN2""}",validated POC3 identity and dated symbol-change evidence,HIGH
531bb847-7d32-5f9d-b280-f27445a9075f,HAS,1984-09-30,,HAS,eodhd_adjusted_derived,"{""CIK"": ""0000046080"", ""CUSIP"": ""418056107"", ""ISIN"": ""US4180561072"", ""LEI"": ""549300NUB6D2R1ITYR45"", ""OpenFigi"": ""BBG000BKVJK4""}",validated POC3 identity and dated symbol-change evidence,HIGH
c5b66411-29c9-55d3-be91-591063bfa811,HBAN,1997-08-28,,HBAN,eodhd_adjusted_derived,"{""CIK"": ""0000049196"", ""CUSIP"": ""446150104"", ""ISIN"": ""US4461501045"", ""LEI"": ""549300XTVCVV9I7B5T19"", ""OpenFigi"": ""BBG000BKWSR6""}",validated POC3 identity and dated symbol-change evidence,HIGH
87ce7f66-5482-58b7-86a2-22ef8cc40e2a,HBI,2015-03-23,2021-12-20,HBI,eodhd_adjusted_derived,"{""CIK"": ""0001359841"", ""CUSIP"": ""410345102"", ""ISIN"": ""US4103451021"", ""LEI"": ""GX5LWVWZLL5S4W1L2F20"", ""OpenFigi"": ""BBG000D2ZTS8""}",validated POC3 identity and dated symbol-change evidence,HIGH
ede50e7c-8a5e-5095-a0e3-762b2678f5a3,HCA,2015-01-27,,HCA,eodhd_adjusted_derived,"{""CIK"": ""0000860730"", ""CUSIP"": ""435758305"", ""ISIN"": ""US40412C1018"", ""LEI"": ""529900PH4ZGUH2MNEU89"", ""OpenFigi"": ""BBG000QW7VC1""}",validated POC3 identity and dated symbol-change evidence,HIGH
4305883d-188b-5f28-86fa-a5cb9e944656,HD,1988-03-31,,HD,eodhd_adjusted_derived,"{""CIK"": ""0000354950"", ""CUSIP"": ""437076102"", ""ISIN"": ""US4370761029"", ""LEI"": ""QEKMOTMBBKA8I816DO57"", ""OpenFigi"": ""BBG000BKZB36""}",validated POC3 identity and dated symbol-change evidence,HIGH
ab14506b-b645-5974-8176-af227d21a233,HES,1984-05-31,2025-07-23,HES,eodhd_adjusted_derived,"{""CIK"": ""0000004447"", ""CUSIP"": ""023551104"", ""ISIN"": ""US42809H1077"", ""LEI"": ""UASVRYNXNK17ULIGK870"", ""OpenFigi"": ""BBG000BBD070""}",validated POC3 identity and dated symbol-change evidence,HIGH
ca3cab71-39b7-5d06-aea0-e1a3cdc641c2,HIG,1957-03-04,,HIG,eodhd_adjusted_derived,"{""CIK"": ""0000874766"", ""CUSIP"": ""45068H106"", ""ISIN"": ""US4165151048"", ""LEI"": ""IU7C3FTM7Y3BQM112U94"", ""OpenFigi"": ""BBG000G0Z878""}",validated POC3 identity and dated symbol-change evidence,HIGH
8433d244-172f-5aae-a3d7-db9745a987a3,HII,2018-01-03,,HII,eodhd_adjusted_derived,"{""CIK"": ""0001501585"", ""CUSIP"": ""446413106"", ""ISIN"": ""US4464131063"", ""LEI"": ""5TZLZ6WJTBVJ0QWBG121"", ""OpenFigi"": ""BBG001KJ2HM9""}",validated POC3 identity and dated symbol-change evidence,HIGH
210155d2-e173-5754-bcd6-d6f8d43b2cb5,HLT,2017-06-19,,HLT,eodhd_adjusted_derived,"{""CIK"": ""0001585689"", ""CUSIP"": ""43300A104"", ""ISIN"": ""US43300A2033"", ""LEI"": ""549300HVGPK36ICB0B89"", ""OpenFigi"": ""BBG0058KMH30""}",validated POC3 identity and dated symbol-change evidence,HIGH
75f40d18-407a-5f0e-8ec7-fb9801bf09fa,HOLX,2016-03-30,2026-04-09,HOLX,eodhd_adjusted_derived,"{""CIK"": ""0000859737"", ""CUSIP"": ""436440101"", ""ISIN"": ""US4364401012"", ""LEI"": ""549300DYP6F5ZJL0LB74"", ""OpenFigi"": ""BBG000C3NTN5""}",validated POC3 identity and dated symbol-change evidence,HIGH
129aaaed-4b2d-5042-992a-6b4879252597,HON,1957-03-04,,HON,eodhd_adjusted_derived,"{""CIK"": ""0000773840"", ""CUSIP"": ""019512102"", ""ISIN"": ""US4385162056"", ""OpenFigi"": ""BBG000H556T9""}",validated POC3 identity and dated symbol-change evidence,HIGH
5fb1caa2-e38e-5371-8b37-6d8c7e1ecf09,HONA,2026-06-29,,HONA,eodhd_adjusted_derived,"{""ISIN"": ""US43849R1059"", ""OpenFigi"": ""BBG020QYV152""}",validated POC3 identity and dated symbol-change evidence,HIGH
75e5ba01-7726-5dac-b7e8-96cb55d39ad8,HOOD,2025-09-22,,HOOD,eodhd_adjusted_derived,"{""CIK"": ""0001783879"", ""CUSIP"": ""770700102"", ""ISIN"": ""US7707001027"", ""OpenFigi"": ""BBG008NMBXN8""}",validated POC3 identity and dated symbol-change evidence,HIGH
201df3b6-3104-5fad-8631-34d043d8fb27,HPE,2015-11-02,,HPE,eodhd_adjusted_derived,"{""CIK"": ""0001645590"", ""CUSIP"": ""42824C109"", ""ISIN"": ""US42824C1099"", ""LEI"": ""549300BX44RGX6ANDV88"", ""OpenFigi"": ""BBG0078W3NQ3""}",validated POC3 identity and dated symbol-change evidence,HIGH
c5a4a42e-3f99-5c3d-b300-0ede724e669c,HPQ,1974-12-31,,HPQ,eodhd_adjusted_derived,"{""CIK"": ""0000047217"", ""CUSIP"": ""428236103"", ""ISIN"": ""US40434L1052"", ""LEI"": ""WHKXQACZ14C5XRO8LW03"", ""OpenFigi"": ""BBG000KHWT55""}",validated POC3 identity and dated symbol-change evidence,HIGH
86d905f1-a40d-55ce-aac8-e130f9aa860b,HRL,2009-03-03,,HRL,eodhd_adjusted_derived,"{""CIK"": ""0000048465"", ""CUSIP"": ""440452100"", ""ISIN"": ""US4404521001"", ""LEI"": ""MSD54751OJP1FS2ND863"", ""OpenFigi"": ""BBG000BLF8D2""}",validated POC3 identity and dated symbol-change evidence,HIGH
d5eed94c-a24c-5015-942d-2312b5cd1f78,HSIC,2015-03-18,,HSIC,eodhd_adjusted_derived,"{""CIK"": ""0001000228"", ""CUSIP"": ""806407102"", ""ISIN"": ""US8064071025"", ""LEI"": ""VGO3WGL8H45T73F4RR92"", ""OpenFigi"": ""BBG000BNMMJ3""}",validated POC3 identity and dated symbol-change evidence,HIGH
8682dda4-3d60-53df-8e18-8d1dca384de9,HST,2007-03-20,,HST,eodhd_adjusted_derived,"{""CIK"": ""0001070750"", ""CUSIP"": ""44107P104"", ""ISIN"": ""US44107P1049"", ""LEI"": ""N6EL63S0K3PB1YFTDI24"", ""OpenFigi"": ""BBG000BL8804""}",validated POC3 identity and dated symbol-change evidence,HIGH
b8146811-3c6c-572c-ada9-d71b710075f4,HSY,1957-03-04,,HSY,eodhd_adjusted_derived,"{""CIK"": ""0000047111"", ""CUSIP"": ""427866108"", ""ISIN"": ""US4278661081"", ""LEI"": ""21X2CX66SU2BR6QTAD08"", ""OpenFigi"": ""BBG000BLHRS2""}",validated POC3 identity and dated symbol-change evidence,HIGH
7ec75a52-39d7-5fb3-903b-8a0e8d3f74a1,HUBB,2023-10-18,,HUBB,eodhd_adjusted_derived,"{""CIK"": ""0000048898"", ""CUSIP"": ""443510102"", ""ISIN"": ""US4435106079"", ""LEI"": ""54930088VDQ6840Y6597"", ""OpenFigi"": ""BBG000BLK267""}",validated POC3 identity and dated symbol-change evidence,HIGH
e4084bcc-2b3b-513e-b5b0-e2e0396c1033,HUM,2012-12-10,,HUM,eodhd_adjusted_derived,"{""CIK"": ""0000049071"", ""CUSIP"": ""444859102"", ""ISIN"": ""US4448591028"", ""LEI"": ""529900YLDW34GJAO4J06"", ""OpenFigi"": ""BBG000BLKK03""}",validated POC3 identity and dated symbol-change evidence,HIGH
16857924-8767-5a4d-b179-27362aea5a1a,HWM,2016-10-21,,HWM,eodhd_adjusted_derived,"{""CIK"": ""0000004281"", ""CUSIP"": ""013817507"", ""ISIN"": ""US4432011082"", ""LEI"": ""ABPN11VOHLHX6QR7XQ48"", ""OpenFigi"": ""BBG00DYNJGH9""}",validated POC3 identity and dated symbol-change evidence,HIGH
53ee1c81-4e75-5d0e-b6c3-f17d8f72fd95,IBKR,2025-08-28,,IBKR,eodhd_adjusted_derived,"{""CIK"": ""0001381197"", ""CUSIP"": ""45841N107"", ""ISIN"": ""US45841N1072"", ""LEI"": ""5493004DT6DCDUZNDM53"", ""OpenFigi"": ""BBG000LV0836""}",validated POC3 identity and dated symbol-change evidence,HIGH
416d3fbf-8195-57a6-95fb-e40aea5e7f1f,IBM,1957-03-04,,IBM,eodhd_adjusted_derived,"{""CIK"": ""0000051143"", ""CUSIP"": ""459200101"", ""ISIN"": ""US4592001014"", ""LEI"": ""VGRQXHF3J8VDLUA7XE92"", ""OpenFigi"": ""BBG000BLNNH6""}",validated POC3 identity and dated symbol-change evidence,HIGH
c7750f48-b413-5cee-9ff2-a652dd8040e5,ICE,2007-09-26,,ICE,eodhd_adjusted_derived,"{""CIK"": ""0001571949"", ""CUSIP"": ""45865V100"", ""ISIN"": ""US45866F1049"", ""LEI"": ""5493000F4ZO33MV32P92"", ""OpenFigi"": ""BBG000C1FB75""}",validated POC3 identity and dated symbol-change evidence,HIGH
3c7f12fc-8a30-528c-a823-363f7c61549b,IDXX,2017-01-05,,IDXX,eodhd_adjusted_derived,"{""CIK"": ""0000874716"", ""CUSIP"": ""45168D104"", ""ISIN"": ""US45168D1046"", ""LEI"": ""OGMTXK0LUU1HKV2P0J84"", ""OpenFigi"": ""BBG000BLRT07""}",validated POC3 identity and dated symbol-change evidence,HIGH
345eae98-2f59-5cad-87b1-0906f1ccfdee,IEX,2019-08-09,,IEX,eodhd_adjusted_derived,"{""CIK"": ""0000832101"", ""CUSIP"": ""45167R104"", ""ISIN"": ""US45167R1041"", ""LEI"": ""549300U5Y5EL6PHYLF13"", ""OpenFigi"": ""BBG000C1HN22""}",validated POC3 identity and dated symbol-change evidence,HIGH
4c3ee5ab-d445-5560-8d3c-cbd88f89a0f8,IFF,1976-03-31,,IFF,eodhd_adjusted_derived,"{""CIK"": ""0000051253"", ""CUSIP"": ""459506101"", ""ISIN"": ""US4595061015"", ""LEI"": ""BZLRL03D3GPGMOGFO832"", ""OpenFigi"": ""BBG000BLSL58""}",validated POC3 identity and dated symbol-change evidence,HIGH
1262fcc5-523e-515d-bbf2-2232b69bf4ac,ILMN,2026-09-21,,ILMN,eodhd_adjusted_derived,"{""CIK"": ""0001110803"", ""CUSIP"": ""452327109"", ""ISIN"": ""US4523271090"", ""LEI"": ""SQ95QG8SR5Q56LSNF682"", ""OpenFigi"": ""BBG000DSMS70""}",validated POC3 identity and dated symbol-change evidence,HIGH
8f9cdb9b-55c2-524f-af51-4d16408bf91e,INCY,2017-02-28,,INCY,eodhd_adjusted_derived,"{""CIK"": ""0000879169"", ""CUSIP"": ""45337C102"", ""ISIN"": ""US45337C1027"", ""LEI"": ""549300Z4WN6JVZ3T4680"", ""OpenFigi"": ""BBG000BNPSQ9""}",validated POC3 identity and dated symbol-change evidence,HIGH
4bf16e9b-12aa-5e8f-8629-2e67d4c985b7,INFO_OLD1,2017-06-02,2022-03-02,INFO_old1,eodhd_adjusted_derived,"{""CIK"": ""0001598014"", ""CUSIP"": ""59163F204"", ""ISIN"": ""USG475671057""}",validated POC3 identity and dated symbol-change evidence,HIGH
0cf86a05-f6b2-5ad3-8d17-caf499d7c753,INTC,1976-12-31,,INTC,eodhd_adjusted_derived,"{""CIK"": ""0000050863"", ""CUSIP"": ""458140100"", ""ISIN"": ""US4581401001"", ""LEI"": ""KNX4USFCNGPY45LOCE31"", ""OpenFigi"": ""BBG000C0G1D1""}",validated POC3 identity and dated symbol-change evidence,HIGH
9d7df168-bec6-5faf-870a-e17f9d483543,INTU,2000-12-05,,INTU,eodhd_adjusted_derived,"{""CIK"": ""0000896878"", ""CUSIP"": ""461202103"", ""ISIN"": ""US4612021034"", ""LEI"": ""VI90HBPH7XSFMB9E4M29"", ""OpenFigi"": ""BBG000BH5DV1""}",validated POC3 identity and dated symbol-change evidence,HIGH
1f9ad3c9-dc0a-50c4-b649-ddc4abbe5a23,INVH,2022-09-19,,INVH,eodhd_adjusted_derived,"{""CIK"": ""0001687229"", ""CUSIP"": ""46187W107"", ""ISIN"": ""US46187W1071"", ""OpenFigi"": ""BBG00FQH6BS9""}",validated POC3 identity and dated symbol-change evidence,HIGH
2af38914-0b20-5c2f-b142-a05901a8918c,IP,1957-03-04,,IP,eodhd_adjusted_derived,"{""CIK"": ""0000051434"", ""CUSIP"": ""460146103"", ""ISIN"": ""US4601461035"", ""LEI"": ""824LMFJDH41EY779Q875"", ""OpenFigi"": ""BBG000BM5SR2""}",validated POC3 identity and dated symbol-change evidence,HIGH
bf484aa1-b70a-5a16-87fe-c7ba4c816a18,IPG,1992-10-01,2025-11-28,IPG,eodhd_adjusted_derived,"{""CIK"": ""0000051644"", ""CUSIP"": ""460690100"", ""ISIN"": ""US4606901001"", ""LEI"": ""5493008IUOJ5VWTRC333"", ""OpenFigi"": ""BBG000C90DH9""}",validated POC3 identity and dated symbol-change evidence,HIGH
225f1f2c-eecb-5fbe-aede-0fef254de8ad,IPGP,2018-03-07,2022-06-21,IPGP,eodhd_adjusted_derived,"{""CIK"": ""0001111928"", ""CUSIP"": ""44980X109"", ""ISIN"": ""US44980X1090"", ""LEI"": ""5493002KZ51CADQ94G15"", ""OpenFigi"": ""BBG000DCGRL8""}",validated POC3 identity and dated symbol-change evidence,HIGH
a04ab24b-5f2b-5681-a94f-a2fe208a1779,IQV,2017-08-29,,IQV,eodhd_adjusted_derived,"{""CIK"": ""0001478242"", ""CUSIP"": ""46266C105"", ""ISIN"": ""US46266C1053"", ""LEI"": ""549300W3R20NM4KQPH86"", ""OpenFigi"": ""BBG00333FYS2""}",validated POC3 identity and dated symbol-change evidence,HIGH
63787c77-01c1-5b67-8e27-bc4213c15c85,IR,2012-04-01,,IR,eodhd_adjusted_derived,"{""CIK"": ""0001466258"", ""CUSIP"": ""36555P107"", ""ISIN"": ""US45687V1061"", ""LEI"": ""5299004C02FMZCUOIR50"", ""OpenFigi"": ""BBG002R1CW27""}",validated POC3 identity and dated symbol-change evidence,HIGH
1229bb29-0cb5-5ea0-bb75-e682cbcfea02,IRM,2009-01-06,,IRM,eodhd_adjusted_derived,"{""CIK"": ""0001020569"", ""CUSIP"": ""720722107"", ""ISIN"": ""US46284V1017"", ""LEI"": ""SQL3F6CKNNBM3SQGHX24"", ""OpenFigi"": ""BBG000KCZPC3""}",validated POC3 identity and dated symbol-change evidence,HIGH
d62d5449-d19b-5c6d-9cec-57194f2d2bf2,ISRG,2008-06-02,,ISRG,eodhd_adjusted_derived,"{""CIK"": ""0001035267"", ""CUSIP"": ""46120E107"", ""ISIN"": ""US46120E6023"", ""LEI"": ""54930052SRG011710797"", ""OpenFigi"": ""BBG000BJPDZ1""}",validated POC3 identity and dated symbol-change evidence,HIGH
6ce0c852-3d1b-5628-afde-e4ff65ad78dd,IT,2017-04-05,,IT,eodhd_adjusted_derived,"{""CIK"": ""0000749251"", ""CUSIP"": ""366651206"", ""ISIN"": ""US3666511072"", ""LEI"": ""PP55B5R38BFB8O8HH686"", ""OpenFigi"": ""BBG000BB65D0""}",validated POC3 identity and dated symbol-change evidence,HIGH
a7dbbd19-5429-52ca-a491-d4d6cccd98f8,ITW,1986-02-28,,ITW,eodhd_adjusted_derived,"{""CIK"": ""0000049826"", ""CUSIP"": ""452308109"", ""ISIN"": ""US4523081093"", ""LEI"": ""76NA4I14SZCFAYMNSV04"", ""OpenFigi"": ""BBG000BMBL90""}",validated POC3 identity and dated symbol-change evidence,HIGH
1c774564-430a-50be-86d1-9c64e633bbc9,IVZ,2008-08-21,,IVZ,eodhd_adjusted_derived,"{""CIK"": ""0000914208"", ""CUSIP"": ""G491BT108"", ""ISIN"": ""BMG491BT1088"", ""LEI"": ""ECPGFXU8A2SHKVVGJI15"", ""OpenFigi"": ""BBG000BY2Y78""}",validated POC3 identity and dated symbol-change evidence,HIGH
4db710d7-97b9-5625-94ee-b6664c2356e2,J,2007-10-26,,J,eodhd_adjusted_derived,"{""CIK"": ""0000052988"", ""CUSIP"": ""46982L108"", ""ISIN"": ""US46982L1089"", ""OpenFigi"": ""BBG019C1BQR4""}",validated POC3 identity and dated symbol-change evidence,HIGH
8bc423f8-5697-5924-9763-c97a24a6a2e6,JBHT,2015-07-01,,JBHT,eodhd_adjusted_derived,"{""CIK"": ""0000728535"", ""CUSIP"": ""445658107"", ""ISIN"": ""US4456581077"", ""LEI"": ""549300XCD1MPI1C5GK90"", ""OpenFigi"": ""BBG000BMDBZ1""}",validated POC3 identity and dated symbol-change evidence,HIGH
576214d0-5198-5979-9fb0-2a7be1e51fbf,JBL,2023-12-18,,JBL,eodhd_adjusted_derived,"{""CIK"": ""0000898293"", ""CUSIP"": ""466313103"", ""ISIN"": ""US4663131039"", ""LEI"": ""5493000CGCQY2OQU7669"", ""OpenFigi"": ""BBG000BJNGN9""}",validated POC3 identity and dated symbol-change evidence,HIGH
35993fa4-3c75-554e-b363-430357643695,JCI,2010-08-27,,JCI,eodhd_adjusted_derived,"{""CIK"": ""0000833444"", ""CUSIP"": ""000915306"", ""ISIN"": ""IE00BY7QL619"", ""LEI"": ""549300XQ6S1GYKGBL205"", ""OpenFigi"": ""BBG000BVWLJ6""}",validated POC3 identity and dated symbol-change evidence,HIGH
d1df9fc2-363d-5151-9d22-a305ef3da4d5,JKHY,2018-11-13,,JKHY,eodhd_adjusted_derived,"{""CIK"": ""0000779152"", ""CUSIP"": ""426281101"", ""ISIN"": ""US4262811015"", ""LEI"": ""529900X1QS8C54W0JB21"", ""OpenFigi"": ""BBG000BMH2Q7""}",validated POC3 identity and dated symbol-change evidence,HIGH
8edff5ab-3039-556d-82b0-670ef58f52ee,JNJ,1973-06-30,,JNJ,eodhd_adjusted_derived,"{""CIK"": ""0000200406"", ""CUSIP"": ""478160104"", ""ISIN"": ""US4781601046"", ""LEI"": ""549300G0CFPGEF6X2043"", ""OpenFigi"": ""BBG000BMHYD1""}",validated POC3 identity and dated symbol-change evidence,HIGH
89bd7534-cf43-55e3-a127-1ec59cfc64e0,JNPR,2006-06-02,2025-07-09,JNPR,eodhd_adjusted_derived,"{""CIK"": ""0001043604"", ""CUSIP"": ""481905503"", ""ISIN"": ""US48203R1041"", ""LEI"": ""AUHIXNGG7U2U7JEHM527"", ""OpenFigi"": ""BBG000BY33P5""}",validated POC3 identity and dated symbol-change evidence,HIGH
1ab18086-6e79-50c3-93d3-5b466c6c0db8,JPM,1975-06-30,,JPM,eodhd_adjusted_derived,"{""CIK"": ""0000019617"", ""CUSIP"": ""16161A108"", ""ISIN"": ""US46625H1005"", ""LEI"": ""8I5DZWZKVSZI1NUHU748"", ""OpenFigi"": ""BBG000DMBXR2""}",validated POC3 identity and dated symbol-change evidence,HIGH
6c900079-ebbe-5111-b70f-16c0d7575e13,K,1989-09-11,2025-12-11,K,eodhd_adjusted_derived,"{""CIK"": ""0000055067"", ""CUSIP"": ""487836108"", ""ISIN"": ""US4878361082"", ""LEI"": ""LONOZNOJYIBXOHXWDB86"", ""OpenFigi"": ""BBG000BMKDM3""}",validated POC3 identity and dated symbol-change evidence,HIGH
f1377620-9ad1-5ed1-9ebd-3583e3ed8b88,KD,2021-11-04,2021-11-05,KD,eodhd_adjusted_derived,"{""CIK"": ""0001867072"", ""CUSIP"": ""50155Q100"", ""ISIN"": ""US50155Q1004"", ""OpenFigi"": ""BBG012W99DN6""}",validated POC3 identity and dated symbol-change evidence,HIGH
8f8d6f9e-dcf6-5028-8fa4-e00d297fdb25,KDP,2022-06-21,,KDP,eodhd_adjusted_derived,"{""CIK"": ""0001418135"", ""CUSIP"": ""49271V100"", ""ISIN"": ""US49271V1008"", ""LEI"": ""DYTQ8KRTKO7Y2BVU5K74"", ""OpenFigi"": ""BBG000TJM7F0""}",validated POC3 identity and dated symbol-change evidence,HIGH
be043410-eb59-523e-a9bb-ff70619fd5d7,KEY,1994-03-01,,KEY,eodhd_adjusted_derived,"{""CIK"": ""0000091576"", ""CUSIP"": ""493263107"", ""ISIN"": ""US4932671088"", ""LEI"": ""RKPI3RZGV1V1FJTH5T61"", ""OpenFigi"": ""BBG000BMQPL1""}",validated POC3 identity and dated symbol-change evidence,HIGH
946a0a78-3bba-5a36-8f93-5e293f2952c4,KEYS,2018-11-06,,KEYS,eodhd_adjusted_derived,"{""CIK"": ""0001601046"", ""CUSIP"": ""49338L103"", ""ISIN"": ""US49338L1035"", ""LEI"": ""549300GLKVIO8YRCYN02"", ""OpenFigi"": ""BBG0059FN811""}",validated POC3 identity and dated symbol-change evidence,HIGH
14c7dfcf-363c-570f-a1b8-1ba17150e9d7,KHC,2012-10-02,,KHC,eodhd_adjusted_derived,"{""CIK"": ""0001637459"", ""CUSIP"": ""50075N104"", ""ISIN"": ""US5007541064"", ""LEI"": ""9845007488EC87F5AF14"", ""OpenFigi"": ""BBG005CPNTQ2""}",validated POC3 identity and dated symbol-change evidence,HIGH
f7a3ab1f-f04c-5077-a686-e039d36f69ba,KIM,2006-04-04,,KIM,eodhd_adjusted_derived,"{""CIK"": ""0000879101"", ""CUSIP"": ""49446R109"", ""ISIN"": ""US49446R1095"", ""LEI"": ""549300EA7I6T15IBYS12"", ""OpenFigi"": ""BBG000CN3S73""}",validated POC3 identity and dated symbol-change evidence,HIGH
8a800b31-3424-5ea2-90b4-f5a952b425d3,KKR,2024-06-24,,KKR,eodhd_adjusted_derived,"{""CIK"": ""0001404912"", ""CUSIP"": ""48251W104"", ""ISIN"": ""US48251W1045"", ""LEI"": ""549300JOHU21WRN2Z451"", ""OpenFigi"": ""BBG000BCQ6J8""}",validated POC3 identity and dated symbol-change evidence,HIGH
3254e44f-23dc-59fd-87a2-7071cadf05ae,KLAC,1997-09-30,,KLAC,eodhd_adjusted_derived,"{""CIK"": ""0000319201"", ""CUSIP"": ""482480100"", ""ISIN"": ""US4824801009"", ""LEI"": ""549300H0BF5JCG96TJ81"", ""OpenFigi"": ""BBG000BMTFR4""}",validated POC3 identity and dated symbol-change evidence,HIGH
1a61e32c-58f5-5a29-9524-b0a940aa19e8,KLG,2023-10-02,2023-10-03,KLG,eodhd_adjusted_derived,"{""CIK"": ""0001959348"", ""ISIN"": ""US92942W1071"", ""OpenFigi"": ""BBG018CYVVW5""}",validated POC3 identity and dated symbol-change evidence,HIGH
c047717c-cf5b-5b32-8cb1-d89349d17d09,KMB,1957-03-04,,KMB,eodhd_adjusted_derived,"{""CIK"": ""0000055785"", ""CUSIP"": ""494368129"", ""ISIN"": ""US4943681035"", ""LEI"": ""MP3J6QPYPGN75NVW2S34"", ""OpenFigi"": ""BBG000BMW2Z0""}",validated POC3 identity and dated symbol-change evidence,HIGH
ac600395-ea92-570e-b213-ba4cd24afb08,KMI,2012-05-25,,KMI,eodhd_adjusted_derived,"{""CIK"": ""0001506307"", ""CUSIP"": ""49455P101"", ""ISIN"": ""US49456B1017"", ""LEI"": ""549300WR7IX8XE0TBO16"", ""OpenFigi"": ""BBG0019JZ882""}",validated POC3 identity and dated symbol-change evidence,HIGH
371485af-9997-5b26-890e-a1944c031a9d,KMX,2010-06-28,2025-10-31,KMX,eodhd_adjusted_derived,"{""CIK"": ""0001170010"", ""CUSIP"": ""172737306"", ""ISIN"": ""US1431301027"", ""LEI"": ""529900F60CID3NCZM330"", ""OpenFigi"": ""BBG000BLMZK6""}",validated POC3 identity and dated symbol-change evidence,HIGH
75bee71b-b895-5840-89d2-bf745df302c1,KO,1957-03-04,,KO,eodhd_adjusted_derived,"{""CIK"": ""0000021344"", ""CUSIP"": ""191216100"", ""ISIN"": ""US1912161007"", ""LEI"": ""UWJKFUJFZ02DKWI3RY53"", ""OpenFigi"": ""BBG000BMX289""}",validated POC3 identity and dated symbol-change evidence,HIGH
7063fefe-947c-558e-87da-0241ce0d1c6b,KR,1957-03-04,,KR,eodhd_adjusted_derived,"{""CIK"": ""0000056873"", ""CUSIP"": ""501044101"", ""ISIN"": ""US5010441013"", ""LEI"": ""6CPEOKI6OYJ13Q6O7870"", ""OpenFigi"": ""BBG000BMY992""}",validated POC3 identity and dated symbol-change evidence,HIGH
0f6e9d8d-a5d0-55c0-b9de-49a4a4a44758,KSU,2013-05-24,2021-12-14,KSU,eodhd_adjusted_derived,"{""CIK"": ""0000054480"", ""CUSIP"": ""485170104"", ""ISIN"": ""US4851703029"", ""LEI"": ""5493008C12PZMWP3WY03""}",validated POC3 identity and dated symbol-change evidence,HIGH
ed6d74c2-49d2-5728-9219-958a217db792,KVUE,2023-08-25,,KVUE,eodhd_adjusted_derived,"{""CIK"": ""0001944048"", ""CUSIP"": ""49177J102"", ""ISIN"": ""US49177J1025"", ""OpenFigi"": ""BBG01C79X561""}",validated POC3 identity and dated symbol-change evidence,HIGH
2153252b-f397-53b1-b22a-36698bd785aa,L,1995-05-31,,L,eodhd_adjusted_derived,"{""CIK"": ""0000060086"", ""CUSIP"": ""540424207"", ""ISIN"": ""US5404241086"", ""LEI"": ""R8V1FN4M5ITGZOG7BS19"", ""OpenFigi"": ""BBG000C45984""}",validated POC3 identity and dated symbol-change evidence,HIGH
f3e6d89c-ba18-577a-9ced-4deed2f06d74,LDOS,2019-08-09,,LDOS,eodhd_adjusted_derived,"{""CIK"": ""0001336920"", ""CUSIP"": ""78390X101"", ""ISIN"": ""US5253271028"", ""LEI"": ""549300IUTGTP6EJP8124"", ""OpenFigi"": ""BBG000C23PB0""}",validated POC3 identity and dated symbol-change evidence,HIGH
5b8e9b16-c0e7-533c-a027-43bd6779bbe1,LEG,2012-04-01,2021-12-20,LEG,eodhd_adjusted_derived,"{""CIK"": ""0000058492"", ""CUSIP"": ""524660107"", ""ISIN"": ""US5246601075"", ""LEI"": ""DKOVQUCDW4ZLYCUD4T55"", ""OpenFigi"": ""BBG000BN53G7""}",validated POC3 identity and dated symbol-change evidence,HIGH
9b38473e-a94a-5ecb-9d30-faf996e268d6,LEN,2005-10-04,,LEN,eodhd_adjusted_derived,"{""CIK"": ""0000920760"", ""CUSIP"": ""694351107"", ""ISIN"": ""US5260571048"", ""LEI"": ""529900G61XVRLX5TJX09"", ""OpenFigi"": ""BBG000BN5HF7""}",validated POC3 identity and dated symbol-change evidence,HIGH
c3a243f6-d19f-54f7-81f8-d263f5c45336,LH,2004-11-01,,LH,eodhd_adjusted_derived,"{""CIK"": ""0000920148"", ""CUSIP"": ""50540R102"", ""ISIN"": ""US5049221055"", ""OpenFigi"": ""BBG000D9DMK0""}",validated POC3 identity and dated symbol-change evidence,HIGH
48f30d51-9b1e-5be9-b355-2c373e9e2b8c,LHX,2008-09-22,,LHX,eodhd_adjusted_derived,"{""CIK"": ""0000202058"", ""CUSIP"": ""502431109"", ""ISIN"": ""US5024311095"", ""LEI"": ""549300UTE50ZMDBG8A20"", ""OpenFigi"": ""BBG000BLGFJ9""}",validated POC3 identity and dated symbol-change evidence,HIGH
9337cbdd-6f22-547b-9e6f-ab54e0b76e83,LII,2024-12-23,,LII,eodhd_adjusted_derived,"{""CIK"": ""0001069202"", ""CUSIP"": ""526107107"", ""ISIN"": ""US5261071071"", ""LEI"": ""S7DWAC87RDMPBF77GJ92"", ""OpenFigi"": ""BBG000BB5B84""}",validated POC3 identity and dated symbol-change evidence,HIGH
97cf1cd0-4312-5088-b7f5-70e3d466255f,LIN,1992-07-01,,LIN,eodhd_adjusted_derived,"{""CIK"": ""0001707925"", ""CUSIP"": ""G5494J103"", ""ISIN"": ""IE000S9YS762"", ""LEI"": ""5299003QR1WT0EF88V51"", ""OpenFigi"": ""BBG01FND0CC1""}",validated POC3 identity and dated symbol-change evidence,HIGH
ee12aaca-1fd0-53f5-8b62-07184dc27ccb,LITE,2026-03-23,,LITE,eodhd_adjusted_derived,"{""CIK"": ""0001633978"", ""CUSIP"": ""55024U109"", ""ISIN"": ""US55024U1097"", ""LEI"": ""549300JLWRRC38DWEF52"", ""OpenFigi"": ""BBG0073F9RT7""}",validated POC3 identity and dated symbol-change evidence,HIGH
c10e3fe5-411d-513e-afc5-782288753b26,LKQ,2016-05-23,2025-12-22,LKQ,eodhd_adjusted_derived,"{""CIK"": ""0001065696"", ""CUSIP"": ""501889208"", ""ISIN"": ""US5018892084"", ""LEI"": ""DS830JTTZQN6GK0I2E41"", ""OpenFigi"": ""BBG000PXDL44""}",validated POC3 identity and dated symbol-change evidence,HIGH
9e502c28-cccf-534a-9c9b-40bf30115af1,LLY,1970-12-31,,LLY,eodhd_adjusted_derived,"{""CIK"": ""0000059478"", ""CUSIP"": ""532457108"", ""ISIN"": ""US5324571083"", ""LEI"": ""FRDRIPF3EKNDJ2CQJL29"", ""OpenFigi"": ""BBG000BNBDC2""}",validated POC3 identity and dated symbol-change evidence,HIGH
ce37ebde-19b0-5c30-b109-7006e4e83de5,LMT,1957-03-04,,LMT,eodhd_adjusted_derived,"{""CIK"": ""0000936468"", ""CUSIP"": ""539830109"", ""ISIN"": ""US5398301094"", ""LEI"": ""DPRBOZP0K5RM2YE8UU08"", ""OpenFigi"": ""BBG000C1BW00""}",validated POC3 identity and dated symbol-change evidence,HIGH
f6f1eb87-2d9b-5138-a915-13fa8132388b,LNC,2012-04-01,2023-09-18,LNC,eodhd_adjusted_derived,"{""CIK"": ""0000059558"", ""CUSIP"": ""534187109"", ""ISIN"": ""US5341871094"", ""LEI"": ""EFQMQROEDSNBRIP7LE47"", ""OpenFigi"": ""BBG000BNC3Y9""}",validated POC3 identity and dated symbol-change evidence,HIGH
592aee54-e12b-5bf1-a504-a3b2bd3aaf50,LNT,2016-07-01,,LNT,eodhd_adjusted_derived,"{""CIK"": ""0000352541"", ""CUSIP"": ""929305100"", ""ISIN"": ""US0188021085"", ""LEI"": ""5493009ML300G373MZ12"", ""OpenFigi"": ""BBG000DW4Q75""}",validated POC3 identity and dated symbol-change evidence,HIGH
0df913fd-c442-5ca6-9efc-9afbf3a0f1fd,LOW,1984-02-29,,LOW,eodhd_adjusted_derived,"{""CIK"": ""0000060667"", ""CUSIP"": ""548661107"", ""ISIN"": ""US5486611073"", ""LEI"": ""WAFCR4OKGSC504WU3E95"", ""OpenFigi"": ""BBG000BNDN65""}",validated POC3 identity and dated symbol-change evidence,HIGH
49462fd4-db0f-5e4a-b493-bf56321b9607,LRCX,2012-06-05,,LRCX,eodhd_adjusted_derived,"{""CIK"": ""0000707549"", ""CUSIP"": ""512807108"", ""ISIN"": ""US5128073062"", ""OpenFigi"": ""BBG000BNFLM9""}",validated POC3 identity and dated symbol-change evidence,HIGH
c5386740-4688-5e26-a152-4923dc48a3c7,LULU,2023-10-18,,LULU,eodhd_adjusted_derived,"{""CIK"": ""0001397187"", ""CUSIP"": ""550021109"", ""ISIN"": ""US5500211090"", ""LEI"": ""549300D9GZ4BMLDW5T40"", ""OpenFigi"": ""BBG000R8ZVD1""}",validated POC3 identity and dated symbol-change evidence,HIGH
55dd94ce-5bee-54e4-ad0a-6a714ec7501a,LUMN,2012-04-01,2023-03-20,LUMN,eodhd_adjusted_derived,"{""CIK"": ""0000018926"", ""CUSIP"": ""156700106"", ""ISIN"": ""US5502411037"", ""LEI"": ""8M3THTGWLTYZVE6BBY25"", ""OpenFigi"": ""BBG000BGLRN3""}",validated POC3 identity and dated symbol-change evidence,HIGH
13256678-7f77-52fc-bd03-0bc03e53b96a,LUV,1994-07-01,,LUV,eodhd_adjusted_derived,"{""CIK"": ""0000092380"", ""CUSIP"": ""844741108"", ""ISIN"": ""US8447411088"", ""LEI"": ""UDTZ87G0STFETI6HGH41"", ""OpenFigi"": ""BBG000BNJHS8""}",validated POC3 identity and dated symbol-change evidence,HIGH
7b1b076d-3754-5d3c-b6fe-8883c970dc37,LVS,2019-10-03,,LVS,eodhd_adjusted_derived,"{""CIK"": ""0001300514"", ""CUSIP"": ""517834107"", ""ISIN"": ""US5178341070"", ""LEI"": ""549300DUOO1KXOHPM605"", ""OpenFigi"": ""BBG000JWD753""}",validated POC3 identity and dated symbol-change evidence,HIGH
5751bcdb-e020-5019-b8f4-af57b6093e67,LW,2018-12-03,2026-03-23,LW,eodhd_adjusted_derived,"{""CIK"": ""0001679273"", ""CUSIP"": ""513272104"", ""ISIN"": ""US5132721045"", ""LEI"": ""5493005SMYID1D2OY946"", ""OpenFigi"": ""BBG003CVMLQ2""}",validated POC3 identity and dated symbol-change evidence,HIGH
785e6ef6-1f8c-5617-84dc-9a11aac87113,LYB,2012-09-05,,LYB,eodhd_adjusted_derived,"{""CIK"": ""0001489393"", ""CUSIP"": ""N53745118"", ""ISIN"": ""USN537451007"", ""OpenFigi"": ""BBG000WCFV84""}",validated POC3 identity and dated symbol-change evidence,HIGH
7261877e-f203-5242-9e89-f9302d01934d,LYV,2019-12-23,,LYV,eodhd_adjusted_derived,"{""CIK"": ""0001335258"", ""CUSIP"": ""14985W109"", ""ISIN"": ""US5380341090"", ""LEI"": ""5493007B9BM9ZXJINO78"", ""OpenFigi"": ""BBG000FQ7YR4""}",validated POC3 identity and dated symbol-change evidence,HIGH
b7205ba1-5bd6-5fa9-b3e4-4d22af832e4f,MA,2008-07-18,,MA,eodhd_adjusted_derived,"{""CIK"": ""0001141391"", ""CUSIP"": ""57636Q104"", ""ISIN"": ""US57636Q1040"", ""LEI"": ""AR5L2ODV9HN37376R084"", ""OpenFigi"": ""BBG000F1ZSQ2""}",validated POC3 identity and dated symbol-change evidence,HIGH
a2a5a4a2-33e5-5870-b292-e5f8def598e0,MAA,2016-12-02,,MAA,eodhd_adjusted_derived,"{""CIK"": ""0000912595"", ""CUSIP"": ""59522J103"", ""ISIN"": ""US59522J1034"", ""LEI"": ""549300FQZKFR5YNSHZ21"", ""OpenFigi"": ""BBG000BLMY92""}",validated POC3 identity and dated symbol-change evidence,HIGH
fa3ef5c8-993f-5161-a8b5-d2e0b9220aff,MAR,1998-05-29,,MAR,eodhd_adjusted_derived,"{""CIK"": ""0001048286"", ""CUSIP"": ""571900109"", ""ISIN"": ""US5719032022"", ""LEI"": ""225YDZ14ZO8E1TXUSU86"", ""OpenFigi"": ""BBG000BGD7W6""}",validated POC3 identity and dated symbol-change evidence,HIGH
de421f78-541b-5b17-9088-db08543ba2a2,MAS,1981-06-30,,MAS,eodhd_adjusted_derived,"{""CIK"": ""0000062996"", ""CUSIP"": ""574599114"", ""ISIN"": ""US5745991068"", ""LEI"": ""5GCSNMQXHEYA1JO8QN11"", ""OpenFigi"": ""BBG000BNNKG9""}",validated POC3 identity and dated symbol-change evidence,HIGH
093e70bb-93a2-516a-b602-13a9a32f06a3,MBC,2022-12-15,2022-12-19,MBC,eodhd_adjusted_derived,"{""CIK"": ""0001941365"", ""ISIN"": ""US57638P1049"", ""OpenFigi"": ""BBG01B9G42Y3""}",validated POC3 identity and dated symbol-change evidence,HIGH
b71d5c16-e8bd-5280-b88a-8274e7694232,MBGL,2026-07-01,2026-07-02,MBGL,eodhd_adjusted_derived,"{""ISIN"": ""US60744M1062"", ""OpenFigi"": ""BBG022G54330""}",validated POC3 identity and dated symbol-change evidence,HIGH
5da4f41d-4bd3-5542-881c-d2770525ad27,MCD,1970-06-30,,MCD,eodhd_adjusted_derived,"{""CIK"": ""0000063908"", ""CUSIP"": ""580135101"", ""ISIN"": ""US5801351017"", ""LEI"": ""UE2136O97NLB5BYP9H04"", ""OpenFigi"": ""BBG000BNSZP1""}",validated POC3 identity and dated symbol-change evidence,HIGH
d4761172-4495-5c71-b3a3-44f210bde6a2,MCHP,2007-09-07,,MCHP,eodhd_adjusted_derived,"{""CIK"": ""0000827054"", ""CUSIP"": ""595017104"", ""ISIN"": ""US5950171042"", ""LEI"": ""5493007PTFULNYZJ1R12"", ""OpenFigi"": ""BBG000BHCP19""}",validated POC3 identity and dated symbol-change evidence,HIGH
d4219ddd-e9d1-5c1d-9971-87efa0168957,MCK,1999-01-13,,MCK,eodhd_adjusted_derived,"{""CIK"": ""0000927653"", ""CUSIP"": ""581557105"", ""ISIN"": ""US58155Q1031"", ""LEI"": ""549300WZWOM80UCFSF54"", ""OpenFigi"": ""BBG000DYGNW7""}",validated POC3 identity and dated symbol-change evidence,HIGH
1d871db6-40ee-577f-ae2e-a9eda5edcdcd,MCO,1998-07-01,,MCO,eodhd_adjusted_derived,"{""CIK"": ""0001059556"", ""CUSIP"": ""615369105"", ""ISIN"": ""US6153691059"", ""LEI"": ""549300GCEDD8YCF5WU84"", ""OpenFigi"": ""BBG000F86GP6""}",validated POC3 identity and dated symbol-change evidence,HIGH
e897fbab-a271-5b6b-a75b-49f0960cd24f,MDLZ,2012-10-02,,MDLZ,eodhd_adjusted_derived,"{""CIK"": ""0001103982"", ""CUSIP"": ""609207105"", ""ISIN"": ""US6092071058"", ""LEI"": ""549300DV9GIB88LZ5P30"", ""OpenFigi"": ""BBG000D4LWF6""}",validated POC3 identity and dated symbol-change evidence,HIGH
b92809b6-e5ce-59d0-94de-23982f1a97aa,MDT,1986-10-31,,MDT,eodhd_adjusted_derived,"{""CIK"": ""0001613103"", ""CUSIP"": ""585055106"", ""ISIN"": ""IE00BTN1Y115"", ""LEI"": ""549300GX3ZBSQWUXY261"", ""OpenFigi"": ""BBG000BNWG87""}",validated POC3 identity and dated symbol-change evidence,HIGH
312d8a61-bbe0-5fc6-b732-a9c3fc98b5dc,MET,2000-12-11,,MET,eodhd_adjusted_derived,"{""CIK"": ""0001099219"", ""CUSIP"": ""59156R116"", ""ISIN"": ""US59156R1086"", ""LEI"": ""C4BXATY60WC6XEOZDX54"", ""OpenFigi"": ""BBG000BB6KF5""}",validated POC3 identity and dated symbol-change evidence,HIGH
ad36f4ef-85f6-56df-9e58-713aa5d35eca,FB,2013-12-23,2022-06-09,META,eodhd_adjusted_derived,"{""CIK"": ""0001326801"", ""CUSIP"": ""30303M102"", ""ISIN"": ""US30303M1027"", ""LEI"": ""BQ4BKCS1HXDV9HN80Z93"", ""OpenFigi"": ""BBG000MM2P62""}",EODHD symbol-change-history: FB->META effective 2022-06-09,HIGH
ad36f4ef-85f6-56df-9e58-713aa5d35eca,META,2022-06-09,,META,eodhd_adjusted_derived,"{""CIK"": ""0001326801"", ""CUSIP"": ""30303M102"", ""ISIN"": ""US30303M1027"", ""LEI"": ""BQ4BKCS1HXDV9HN80Z93"", ""OpenFigi"": ""BBG000MM2P62""}",validated POC3 identity and dated symbol-change evidence,HIGH
b2c7fd7a-9082-5508-8a14-4dfa0f33c5c1,MGM,2017-07-26,,MGM,eodhd_adjusted_derived,"{""CIK"": ""0000789570"", ""CUSIP"": ""552953101"", ""ISIN"": ""US5529531015"", ""LEI"": ""54930066VBP7DZEGGJ87"", ""OpenFigi"": ""BBG000C2BXK4""}",validated POC3 identity and dated symbol-change evidence,HIGH
1698ecfc-1019-51f4-8966-b664b641484c,MHK,2013-12-23,2025-12-22,MHK,eodhd_adjusted_derived,"{""CIK"": ""0000851968"", ""CUSIP"": ""608190104"", ""ISIN"": ""US6081901042"", ""LEI"": ""549300JI1115MG3Q6322"", ""OpenFigi"": ""BBG000FLZN98""}",validated POC3 identity and dated symbol-change evidence,HIGH
52edd0a3-3025-5cbb-bd8c-97e04d49fd96,MKC,2003-03-20,,MKC,eodhd_adjusted_derived,"{""CIK"": ""0000063754"", ""CUSIP"": ""579780206"", ""ISIN"": ""US5797802064"", ""LEI"": ""549300JQQA6MQ4OJP259"", ""OpenFigi"": ""BBG000G6Y5W4""}",validated POC3 identity and dated symbol-change evidence,HIGH
1176a053-c3c6-52fd-8d3a-4f27b4312225,MKTX,2019-07-01,2025-09-22,MKTX,eodhd_adjusted_derived,"{""CIK"": ""0001278021"", ""CUSIP"": ""57060D108"", ""ISIN"": ""US57060D1081"", ""LEI"": ""5493002U1CA1XJOVID83"", ""OpenFigi"": ""BBG000BJBZ23""}",validated POC3 identity and dated symbol-change evidence,HIGH
c1baf84c-b832-5a51-a002-7e758b5d1304,MLM,2014-07-02,,MLM,eodhd_adjusted_derived,"{""CIK"": ""0000916076"", ""CUSIP"": ""573284106"", ""ISIN"": ""US5732841060"", ""LEI"": ""5299005MZ4WZECVATV08"", ""OpenFigi"": ""BBG000BGYMH7""}",validated POC3 identity and dated symbol-change evidence,HIGH
fad9aa13-a0aa-5cc8-b681-ac5050b1d439,MMM,1957-03-04,,MMM,eodhd_adjusted_derived,"{""CIK"": ""0000066740"", ""CUSIP"": ""88579Y101"", ""ISIN"": ""US88579Y1010"", ""LEI"": ""LUZQVYP4VS22CLWDAR65"", ""OpenFigi"": ""BBG000BP52R2""}",validated POC3 identity and dated symbol-change evidence,HIGH
805b5f24-5bfe-5bdd-9ef4-5b3b119c4e2e,MNST,2012-06-29,,MNST,eodhd_adjusted_derived,"{""CIK"": ""0000865752"", ""CUSIP"": ""61174X109"", ""ISIN"": ""US61174X1090"", ""LEI"": ""52990090AP0E7HCB6F33"", ""OpenFigi"": ""BBG008NVB1C0""}",validated POC3 identity and dated symbol-change evidence,HIGH
dcdee884-5372-58ca-951b-7d087d7b8339,MO,1957-03-04,,MO,eodhd_adjusted_derived,"{""CIK"": ""0000764180"", ""CUSIP"": ""718154107"", ""ISIN"": ""US02209S1033"", ""LEI"": ""XSGZFLO9YTNO9VCQV219"", ""OpenFigi"": ""BBG000BP6LJ8""}",validated POC3 identity and dated symbol-change evidence,HIGH
083ac037-f60f-512e-9426-432c3867bcea,MOH,2022-03-02,2026-03-23,MOH,eodhd_adjusted_derived,"{""CIK"": ""0001179929"", ""CUSIP"": ""60855R100"", ""ISIN"": ""US60855R1005"", ""LEI"": ""549300NQQCEQ46YHZ591"", ""OpenFigi"": ""BBG000MBHNC8""}",validated POC3 identity and dated symbol-change evidence,HIGH
1d60adb3-e1ce-514c-a2a5-a818828d0c72,MOS,2011-09-23,,MOS,eodhd_adjusted_derived,"{""CIK"": ""0001285785"", ""CUSIP"": ""449669100"", ""ISIN"": ""US61945C1036"", ""LEI"": ""2YD5STGSJNMUB7H76907"", ""OpenFigi"": ""BBG000BFXHL6""}",validated POC3 identity and dated symbol-change evidence,HIGH
5624f6d4-96e8-595d-bcc6-108c558dc7c9,MPC,2011-07-01,,MPC,eodhd_adjusted_derived,"{""CIK"": ""0001510295"", ""CUSIP"": ""56585A102"", ""ISIN"": ""US56585A1025"", ""LEI"": ""3BNYRYQHD39K4LCKQF12"", ""OpenFigi"": ""BBG001DCCGR8""}",validated POC3 identity and dated symbol-change evidence,HIGH
0140e130-c6a1-5148-8cdf-deca99985fdc,MPWR,2021-02-12,,MPWR,eodhd_adjusted_derived,"{""CIK"": ""0001280452"", ""CUSIP"": ""609839105"", ""ISIN"": ""US6098391054"", ""LEI"": ""529900TB7O85LSZ1XU31"", ""OpenFigi"": ""BBG000C30L48""}",validated POC3 identity and dated symbol-change evidence,HIGH
bd7ee629-7ab0-5ffb-ae7b-e974bf76a507,MRK,1957-03-04,,MRK,eodhd_adjusted_derived,"{""CIK"": ""0000310158"", ""CUSIP"": ""589339209"", ""ISIN"": ""US58933Y1055"", ""LEI"": ""MZK1AT00SJV4XB7WNL71"", ""OpenFigi"": ""BBG000BPD168""}",validated POC3 identity and dated symbol-change evidence,HIGH
abc5f173-5421-5faa-a4bb-2edb19936ef8,MRNA,2021-07-21,,MRNA,eodhd_adjusted_derived,"{""CIK"": ""0001682852"", ""CUSIP"": ""60770K107"", ""ISIN"": ""US60770K1079"", ""LEI"": ""549300EI6OKH5K5Q2G38"", ""OpenFigi"": ""BBG003PHHZT1""}",validated POC3 identity and dated symbol-change evidence,HIGH
c9c4a4c1-7795-5466-b0c9-65b0bb0ff348,MRO,1957-03-04,2024-11-26,MRO,eodhd_adjusted_derived,"{""CIK"": ""0000101778"", ""CUSIP"": ""90336X103"", ""ISIN"": ""US5658491064"", ""LEI"": ""1FRVQX2CRLGC1XLP5727"", ""OpenFigi"": ""BBG000C8H633""}",validated POC3 identity and dated symbol-change evidence,HIGH
ef394a5d-5928-5b83-8345-d2f6a54afc05,MMC,1987-08-31,2026-01-14,MRSH,eodhd_adjusted_derived,"{""ISIN"": ""US5717481023"", ""LEI"": ""549300XMP3KDCKJXIU47"", ""OpenFigi"": ""BBG000BP4MH0""}",EODHD symbol-change-history: MMC->MRSH effective 2026-01-14,HIGH
ef394a5d-5928-5b83-8345-d2f6a54afc05,MRSH,2026-01-14,,MRSH,eodhd_adjusted_derived,"{""ISIN"": ""US5717481023"", ""LEI"": ""549300XMP3KDCKJXIU47"", ""OpenFigi"": ""BBG000BP4MH0""}",validated POC3 identity and dated symbol-change evidence,HIGH
dfd69f29-0d22-50a9-8828-b0fb6fc1d1a0,MRVL,2026-06-22,,MRVL,eodhd_adjusted_derived,"{""CIK"": ""0001058057"", ""CUSIP"": ""G5876H105"", ""ISIN"": ""US5738741041"", ""OpenFigi"": ""BBG00ZXBJ153""}",validated POC3 identity and dated symbol-change evidence,HIGH
b37d5764-1a6d-5f8b-a30c-a37b419dbb50,MS,1993-07-29,,MS,eodhd_adjusted_derived,"{""CIK"": ""0000895421"", ""CUSIP"": ""24240V101"", ""ISIN"": ""US6174464486"", ""LEI"": ""IGJSJL3JD5P30I6NJZ34"", ""OpenFigi"": ""BBG000BLZRJ2""}",validated POC3 identity and dated symbol-change evidence,HIGH
e2e0f389-5214-59b2-8197-f98c98bc3211,MSCI,2018-04-04,,MSCI,eodhd_adjusted_derived,"{""CIK"": ""0001408198"", ""CUSIP"": ""55354G100"", ""ISIN"": ""US55354G1004"", ""LEI"": ""549300HTIN2PD78UB763"", ""OpenFigi"": ""BBG000RTDY25""}",validated POC3 identity and dated symbol-change evidence,HIGH
826ebb23-0c7e-552e-9706-b828dc261606,MSFT,1994-06-01,,MSFT,eodhd_adjusted_derived,"{""CIK"": ""0000789019"", ""CUSIP"": ""594918104"", ""ISIN"": ""US5949181045"", ""LEI"": ""INR2EJN1ERAN0W5ZP974"", ""OpenFigi"": ""BBG000BPH459""}",validated POC3 identity and dated symbol-change evidence,HIGH
001196a1-0760-5b8c-9b01-1989f3411fc1,MSI,1957-03-04,,MSI,eodhd_adjusted_derived,"{""CIK"": ""0000068505"", ""CUSIP"": ""620076125"", ""ISIN"": ""US6200763075"", ""LEI"": ""6S552MUG6KGJVEBSEC55"", ""OpenFigi"": ""BBG000BP8Z50""}",validated POC3 identity and dated symbol-change evidence,HIGH
30ae708d-5d8a-5b10-816d-68817f532ade,MTB,2004-02-23,,MTB,eodhd_adjusted_derived,"{""CIK"": ""0000036270"", ""CUSIP"": ""320076102"", ""ISIN"": ""US55261F1049"", ""LEI"": ""549300WYXDDBYRASEG81"", ""OpenFigi"": ""BBG000D9KWL9""}",validated POC3 identity and dated symbol-change evidence,HIGH
b996168e-d9ea-5056-9cad-5819eb7fafc7,MTCH,2021-09-20,2026-03-23,MTCH,eodhd_adjusted_derived,"{""CIK"": ""0000891103"", ""CUSIP"": ""57665R106"", ""ISIN"": ""US57667L1070"", ""LEI"": ""549300BIJKT86CPCKK96"", ""OpenFigi"": ""BBG00VT0KNC3""}",validated POC3 identity and dated symbol-change evidence,HIGH
45122848-f7fe-5eda-8b59-1f28c14b3b57,MTD,2016-09-06,,MTD,eodhd_adjusted_derived,"{""CIK"": ""0001037646"", ""CUSIP"": ""592688105"", ""ISIN"": ""US5926881054"", ""LEI"": ""5493000BD5GJNUDIUG10"", ""OpenFigi"": ""BBG000BZCKH3""}",validated POC3 identity and dated symbol-change evidence,HIGH
fc16819f-14d1-5d7e-ad8c-f8047c85f37d,MU,1994-09-27,,MU,eodhd_adjusted_derived,"{""CIK"": ""0000723125"", ""CUSIP"": ""595112103"", ""ISIN"": ""US5951121038"", ""LEI"": ""B3DXGBC8GAIYWI2Z0172"", ""OpenFigi"": ""BBG000C5Z1S3""}",validated POC3 identity and dated symbol-change evidence,HIGH
0ec8b90f-49f4-5526-9ef9-530326d58055,NCLH,2017-10-13,,NCLH,eodhd_adjusted_derived,"{""CIK"": ""0001513761"", ""CUSIP"": ""G66721104"", ""ISIN"": ""USG667211043"", ""OpenFigi"": ""BBG000BSRN78""}",validated POC3 identity and dated symbol-change evidence,HIGH
94187483-60f3-5f28-bba8-46cbdbaaabb2,NDAQ,2008-10-22,,NDAQ,eodhd_adjusted_derived,"{""CIK"": ""0001120193"", ""CUSIP"": ""631103108"", ""ISIN"": ""US6311031081"", ""LEI"": ""549300L8X1Q78ERXFD06"", ""OpenFigi"": ""BBG000F5VVB6""}",validated POC3 identity and dated symbol-change evidence,HIGH
f5ba219b-e1da-5c9f-a7da-21ad330c3299,NDSN,2022-02-15,,NDSN,eodhd_adjusted_derived,"{""CIK"": ""0000072331"", ""CUSIP"": ""655663102"", ""ISIN"": ""US6556631025"", ""LEI"": ""14OS6Q5N55N95WM84M53"", ""OpenFigi"": ""BBG000BPWGR1""}",validated POC3 identity and dated symbol-change evidence,HIGH
fef5a1eb-0806-5a04-8364-87d6e6d49af3,NEE,1976-06-30,,NEE,eodhd_adjusted_derived,"{""CIK"": ""0000753308"", ""CUSIP"": ""65339B100"", ""ISIN"": ""US65339F1012"", ""LEI"": ""UMI46YPGBLUE4VGNNT48"", ""OpenFigi"": ""BBG000BJSBJ0""}",validated POC3 identity and dated symbol-change evidence,HIGH
34746235-524a-59c3-93a9-fb2368cae2e1,NEM,1969-06-30,,NEM,eodhd_adjusted_derived,"{""CIK"": ""0001164727"", ""CUSIP"": ""651639106"", ""ISIN"": ""US6516391066"", ""LEI"": ""549300VSP3RIX7FGDZ51"", ""OpenFigi"": ""BBG000BPWXK1""}",validated POC3 identity and dated symbol-change evidence,HIGH
745603a2-7054-57f9-9fe6-eb20ea34b7fe,NFLX,2010-12-17,,NFLX,eodhd_adjusted_derived,"{""CIK"": ""0001065280"", ""CUSIP"": ""64110L106"", ""ISIN"": ""US64110L1061"", ""LEI"": ""549300Y7VHGU0I7CE873"", ""OpenFigi"": ""BBG000CL9VN6""}",validated POC3 identity and dated symbol-change evidence,HIGH
8923259e-050a-53bc-b5d8-3066c305b58a,NI,2000-11-02,,NI,eodhd_adjusted_derived,"{""CIK"": ""0001111711"", ""CUSIP"": ""65473P113"", ""ISIN"": ""US65473P1057"", ""LEI"": ""549300D8GOWWH0SJB189"", ""OpenFigi"": ""BBG000BPZBB6""}",validated POC3 identity and dated symbol-change evidence,HIGH
8cf5435a-bc84-5c6c-b7ae-55fdda443f81,NKE,1988-11-30,,NKE,eodhd_adjusted_derived,"{""CIK"": ""0000320187"", ""CUSIP"": ""654106103"", ""ISIN"": ""US6541061031"", ""LEI"": ""787RXPR0UX0O0XUXPZ81"", ""OpenFigi"": ""BBG000C5HS04""}",validated POC3 identity and dated symbol-change evidence,HIGH
9b2793b9-27ef-515e-9f54-49f341f7ed56,NLSN,2013-07-09,2022-10-12,NLSN,eodhd_adjusted_derived,"{""CIK"": ""0001492633"", ""CUSIP"": ""N63218106"", ""ISIN"": ""GB00BWFY5505"", ""LEI"": ""549300ZVCBHQE0XHG367""}",validated POC3 identity and dated symbol-change evidence,HIGH
ab90bda6-69a2-5349-a783-c686b9ca860b,NOC,1957-03-04,,NOC,eodhd_adjusted_derived,"{""CIK"": ""0001133421"", ""CUSIP"": ""666807102"", ""ISIN"": ""US6668071029"", ""LEI"": ""RIMU48P07456QXSO0R61"", ""OpenFigi"": ""BBG000BQ2C28""}",validated POC3 identity and dated symbol-change evidence,HIGH
8cff7db1-b645-57ea-949b-78328c1e157b,NOW,2019-11-21,,NOW,eodhd_adjusted_derived,"{""CIK"": ""0001373715"", ""CUSIP"": ""81762P102"", ""ISIN"": ""US81762P1021"", ""LEI"": ""549300HJTQM36M0E1G39"", ""OpenFigi"": ""BBG000M1R011""}",validated POC3 identity and dated symbol-change evidence,HIGH
c05c74dd-ede3-512f-bcf6-d11da5f65cc2,NRG,2010-01-29,,NRG,eodhd_adjusted_derived,"{""CIK"": ""0001013871"", ""CUSIP"": ""629377508"", ""ISIN"": ""US6293775085"", ""LEI"": ""5E2UPK5SW04M13XY7I38"", ""OpenFigi"": ""BBG000D8RG11""}",validated POC3 identity and dated symbol-change evidence,HIGH
abf4aed5-658f-552a-ac85-b311915b6511,NSC,1957-03-04,,NSC,eodhd_adjusted_derived,"{""CIK"": ""0000702165"", ""CUSIP"": ""655844108"", ""ISIN"": ""US6558441084"", ""LEI"": ""54930036C8MWP850MI84"", ""OpenFigi"": ""BBG000BQ5DS5""}",validated POC3 identity and dated symbol-change evidence,HIGH
5edae8bc-c67c-5e6f-8895-5527e59f8307,NTAP,1999-06-25,,NTAP,eodhd_adjusted_derived,"{""CIK"": ""0001002047"", ""CUSIP"": ""64120L104"", ""ISIN"": ""US64110D1046"", ""LEI"": ""QTX3D84DZDD5JYOCYH15"", ""OpenFigi"": ""BBG000FP1N32""}",validated POC3 identity and dated symbol-change evidence,HIGH
8b03722e-40e0-513e-98f2-65750bc485e6,NTRS,1998-01-30,,NTRS,eodhd_adjusted_derived,"{""CIK"": ""0000073124"", ""CUSIP"": ""665859104"", ""ISIN"": ""US6658591044"", ""LEI"": ""549300GLF98S992BC502"", ""OpenFigi"": ""BBG000BQ74K1""}",validated POC3 identity and dated symbol-change evidence,HIGH
27ada055-6878-51fb-b3f1-700b07a7c2ad,NUE,1985-04-30,,NUE,eodhd_adjusted_derived,"{""CIK"": ""0000073309"", ""CUSIP"": ""670346105"", ""ISIN"": ""US6703461052"", ""LEI"": ""549300GGJCRSI2TIEJ46"", ""OpenFigi"": ""BBG000BQ8KV2""}",validated POC3 identity and dated symbol-change evidence,HIGH
1c952796-e83f-5bf0-a109-449c34b9d3a3,NVDA,2001-11-30,,NVDA,eodhd_adjusted_derived,"{""CIK"": ""0001045810"", ""CUSIP"": ""67066G104"", ""ISIN"": ""US67066G1040"", ""LEI"": ""549300S4KLFTLO7GSQ80"", ""OpenFigi"": ""BBG000BBJQV0""}",validated POC3 identity and dated symbol-change evidence,HIGH
03313209-d985-5d0f-a33f-51a5fb78b8e8,NVR,2019-09-26,,NVR,eodhd_adjusted_derived,"{""CIK"": ""0000906163"", ""CUSIP"": ""62944T105"", ""ISIN"": ""US62944T1051"", ""LEI"": ""529900RWXR4JI3JYTV70"", ""OpenFigi"": ""BBG000BQBYR3""}",validated POC3 identity and dated symbol-change evidence,HIGH
78eb6cc8-d61d-5700-859a-7447f12e92eb,NWL,2012-04-01,2023-09-18,NWL,eodhd_adjusted_derived,"{""CIK"": ""0000814453"", ""CUSIP"": ""651195307"", ""ISIN"": ""US6512291062"", ""LEI"": ""549300LWGYFM1TVO1Z12"", ""OpenFigi"": ""BBG000BQC9V2""}",validated POC3 identity and dated symbol-change evidence,HIGH
28262922-51fa-5027-ad97-cf8fc5f4a95d,NWS,2015-09-21,,NWS,eodhd_adjusted_derived,"{""CIK"": ""0001564708"", ""CUSIP"": ""65249B208"", ""ISIN"": ""US65249B2088"", ""LEI"": ""549300ITS31QK8VRBQ14"", ""OpenFigi"": ""BBG0035M2ZB7""}",validated POC3 identity and dated symbol-change evidence,HIGH
2aace4c8-59ec-5418-a870-72cca4c7cdff,NWSA,2013-07-01,,NWSA,eodhd_adjusted_derived,"{""CIK"": ""0001564708"", ""CUSIP"": ""652487703"", ""ISIN"": ""US65249B1098"", ""LEI"": ""549300ITS31QK8VRBQ14"", ""OpenFigi"": ""BBG0035LY913""}",validated POC3 identity and dated symbol-change evidence,HIGH
da74ff12-0e90-509e-82c4-a027e1142945,NXPI,2021-03-22,,NXPI,eodhd_adjusted_derived,"{""CIK"": ""0001413447"", ""CUSIP"": ""N6596X109"", ""ISIN"": ""NL0009538784"", ""LEI"": ""724500M9BY5293JDF951"", ""OpenFigi"": ""BBG000BND699""}",validated POC3 identity and dated symbol-change evidence,HIGH
4f0eed35-0ca5-57ff-9bb1-4f297902c1f0,O,2015-04-07,,O,eodhd_adjusted_derived,"{""CIK"": ""0000726728"", ""CUSIP"": ""756109104"", ""ISIN"": ""US7561091049"", ""LEI"": ""549300CUWDAUZSH43859"", ""OpenFigi"": ""BBG000DHPN63""}",validated POC3 identity and dated symbol-change evidence,HIGH
6bfbaf89-04e4-5ad6-b238-f329967e482f,ODFL,2019-12-09,,ODFL,eodhd_adjusted_derived,"{""CIK"": ""0000878927"", ""CUSIP"": ""679580100"", ""ISIN"": ""US6795801009"", ""LEI"": ""5299009TWK32WE417T96"", ""OpenFigi"": ""BBG000CHSS88""}",validated POC3 identity and dated symbol-change evidence,HIGH
8bec089b-b40d-5b71-9931-9cc227dee17e,OGN,2021-06-03,2023-10-18,OGN,eodhd_adjusted_derived,"{""CIK"": ""0001821825"", ""CUSIP"": ""68622V106"", ""ISIN"": ""US68622V1061"", ""OpenFigi"": ""BBG00ZQRGW24""}",validated POC3 identity and dated symbol-change evidence,HIGH
e7a3ae07-7f9d-527d-8522-03eb3b2fb861,OKE,2010-03-15,,OKE,eodhd_adjusted_derived,"{""CIK"": ""0001039684"", ""CUSIP"": ""682680103"", ""ISIN"": ""US6826801036"", ""LEI"": ""2T3D6M0JSY48PSZI1Q41"", ""OpenFigi"": ""BBG000BQHGR6""}",validated POC3 identity and dated symbol-change evidence,HIGH
6a17125e-9b80-55b2-876e-ade090a16bf3,OMC,1997-12-31,,OMC,eodhd_adjusted_derived,"{""CIK"": ""0000029989"", ""CUSIP"": ""681919106"", ""ISIN"": ""US6819191064"", ""LEI"": ""HKUPACFHSSASQK8HLS17"", ""OpenFigi"": ""BBG000BS9489""}",validated POC3 identity and dated symbol-change evidence,HIGH
0ad2942a-be45-5dc6-87bf-ef70b3b9ac3e,ON,2022-06-21,,ON,eodhd_adjusted_derived,"{""CIK"": ""0001097864"", ""CUSIP"": ""682189105"", ""ISIN"": ""US6821891057"", ""LEI"": ""ZV20P4CNJVT8V1ZGJ064"", ""OpenFigi"": ""BBG000DV7MX4""}",validated POC3 identity and dated symbol-change evidence,HIGH
e2dac637-8460-52b5-9db5-80ceddfbe6b7,ONL,2021-11-15,2021-11-16,ONL,eodhd_adjusted_derived,"{""CIK"": ""0001873923"", ""CUSIP"": ""68629Y103"", ""ISIN"": ""US68629Y1038"", ""OpenFigi"": ""BBG0118JXCD9""}",validated POC3 identity and dated symbol-change evidence,HIGH
8bf63ab3-57dd-5247-95d4-553356ec4fee,ORCL,1989-08-31,,ORCL,eodhd_adjusted_derived,"{""CIK"": ""0001341439"", ""CUSIP"": ""68389X105"", ""ISIN"": ""US68389X1054"", ""LEI"": ""1Z4GXXU7ZHVWFCD8TV52"", ""OpenFigi"": ""BBG000BQLTW7""}",validated POC3 identity and dated symbol-change evidence,HIGH
8c2793c6-3f37-5686-a4df-34f8b2d2b31c,ORLY,2009-03-27,,ORLY,eodhd_adjusted_derived,"{""CIK"": ""0000898173"", ""CUSIP"": ""686091109"", ""ISIN"": ""US67103H1077"", ""LEI"": ""549300K2RLMQL149Q332"", ""OpenFigi"": ""BBG000BGYWY6""}",validated POC3 identity and dated symbol-change evidence,HIGH
f8a74b92-45f0-510c-ab1d-bf8d9e9c5b6f,OTIS,2020-04-03,,OTIS,eodhd_adjusted_derived,"{""CIK"": ""0001781335"", ""CUSIP"": ""68902V107"", ""ISIN"": ""US68902V1070"", ""LEI"": ""549300ZLBKR8VSU25153"", ""OpenFigi"": ""BBG00RP60KV0""}",validated POC3 identity and dated symbol-change evidence,HIGH
acb67a5c-83d5-5c7d-a189-706cfbe3a1eb,OXY,1957-03-04,,OXY,eodhd_adjusted_derived,"{""CIK"": ""0000797468"", ""CUSIP"": ""674599790"", ""ISIN"": ""US6745991058"", ""LEI"": ""IM7X0T3ECJW4C1T7ON55"", ""OpenFigi"": ""BBG000BQQ2S6""}",validated POC3 identity and dated symbol-change evidence,HIGH
562e86eb-d5db-52bb-96f1-5e3e3f3ac8cf,P,2026-09-21,,P,eodhd_adjusted_derived,"{""ISIN"": ""US74624M1027"", ""LEI"": ""549300NPDB0BZTK3WO90"", ""OpenFigi"": ""BBG00212PVZ5""}",validated POC3 identity and dated symbol-change evidence,HIGH
bdede65b-e30b-5473-837a-f5356e3850ae,PANW,2023-06-20,,PANW,eodhd_adjusted_derived,"{""CIK"": ""0001327567"", ""CUSIP"": ""697435105"", ""ISIN"": ""US6974351057"", ""LEI"": ""549300QXR2YVZV231H43"", ""OpenFigi"": ""BBG0014GJCT9""}",validated POC3 identity and dated symbol-change evidence,HIGH
e1aaf78a-be80-57e6-87c8-e25199e9150c,PAYC,2020-01-28,2026-03-23,PAYC,eodhd_adjusted_derived,"{""CIK"": ""0001590955"", ""CUSIP"": ""70432V102"", ""ISIN"": ""US70432V1026"", ""LEI"": ""254900LSB0HNJUDC6Q18"", ""OpenFigi"": ""BBG0064N0ZZ5""}",validated POC3 identity and dated symbol-change evidence,HIGH
e607ebe4-9786-5c79-a0cf-3b4b8cc5c53c,PAYX,1998-10-01,,PAYX,eodhd_adjusted_derived,"{""CIK"": ""0000723531"", ""CUSIP"": ""704326107"", ""ISIN"": ""US7043261079"", ""LEI"": ""529900K900DW6SUBM174"", ""OpenFigi"": ""BBG000BQSQ38""}",validated POC3 identity and dated symbol-change evidence,HIGH
53e220a1-48bd-5a58-813e-dfe2a190f961,PBCT,2012-04-01,2022-04-04,PBCT,eodhd_adjusted_derived,"{""CIK"": ""0001378946"", ""CUSIP"": ""712704105"", ""ISIN"": ""US7127041058"", ""LEI"": ""ROPY7PEPIPIDJNF0BO69""}",validated POC3 identity and dated symbol-change evidence,HIGH
b2dfa524-a26b-5660-895b-bfef99fea467,PCAR,1980-12-31,,PCAR,eodhd_adjusted_derived,"{""CIK"": ""0000075362"", ""CUSIP"": ""693718108"", ""ISIN"": ""US6937181088"", ""LEI"": ""KDTEY8BWE486IKZ3CC07"", ""OpenFigi"": ""BBG000BQVTF5""}",validated POC3 identity and dated symbol-change evidence,HIGH
8fcd7952-be18-5264-91fc-ff4239759fac,PCG,2022-10-03,,PCG,eodhd_adjusted_derived,"{""CIK"": ""0001004980"", ""CUSIP"": ""69331C108"", ""ISIN"": ""US69331C1080"", ""LEI"": ""8YQ2GSDWYZXO2EDN3511"", ""OpenFigi"": ""BBG000BQWPC5""}",validated POC3 identity and dated symbol-change evidence,HIGH
8a9dac3a-3c88-5480-9013-f44ceed3e0ae,PEG,1957-03-04,,PEG,eodhd_adjusted_derived,"{""CIK"": ""0000788784"", ""CUSIP"": ""744573106"", ""ISIN"": ""US7445731067"", ""LEI"": ""PUSS41EMO3E6XXNV3U28"", ""OpenFigi"": ""BBG000BQZMH4""}",validated POC3 identity and dated symbol-change evidence,HIGH
9a9790ce-0be2-599e-a1c0-6036e0fc18ef,PENN,2021-03-22,2022-09-19,PENN,eodhd_adjusted_derived,"{""CIK"": ""0000921738"", ""CUSIP"": ""707569109"", ""ISIN"": ""US7075691094"", ""OpenFigi"": ""BBG000CDZLV8""}",validated POC3 identity and dated symbol-change evidence,HIGH
0d17e4e1-e73a-55a3-a8c1-d306d63c7d80,PEP,1957-03-04,,PEP,eodhd_adjusted_derived,"{""CIK"": ""0000077476"", ""CUSIP"": ""713448108"", ""ISIN"": ""US7134481081"", ""LEI"": ""FJSUNZKFNQ5YPJ5OT455"", ""OpenFigi"": ""BBG000DH7JK6""}",validated POC3 identity and dated symbol-change evidence,HIGH
0144de81-0865-583a-85bc-85d9f4c2457e,PFE,1957-03-04,,PFE,eodhd_adjusted_derived,"{""CIK"": ""0000078003"", ""CUSIP"": ""717081103"", ""ISIN"": ""US7170811035"", ""LEI"": ""765LHXWGK1KXCLTFYQ30"", ""OpenFigi"": ""BBG000BR2B91""}",validated POC3 identity and dated symbol-change evidence,HIGH
6082495d-718c-5587-899d-d1826c2bf634,PFG,2002-07-22,,PFG,eodhd_adjusted_derived,"{""CIK"": ""0001126328"", ""CUSIP"": ""74251V102"", ""ISIN"": ""US74251V1026"", ""LEI"": ""CUMYEZJOAF02RYZ1JJ85"", ""OpenFigi"": ""BBG000NSCNT7""}",validated POC3 identity and dated symbol-change evidence,HIGH
9bfb4fad-1d68-5da6-83f1-ed8f98151920,PG,1957-03-04,,PG,eodhd_adjusted_derived,"{""CIK"": ""0000080424"", ""CUSIP"": ""742718109"", ""ISIN"": ""US7427181091"", ""LEI"": ""2572IBTT8CCZW6AU4141"", ""OpenFigi"": ""BBG000BR2TH3""}",validated POC3 identity and dated symbol-change evidence,HIGH
77598165-3ef5-549a-a3cd-5f20fd63a4c6,PGR,1997-08-04,,PGR,eodhd_adjusted_derived,"{""CIK"": ""0000080661"", ""CUSIP"": ""743315103"", ""ISIN"": ""US7433151039"", ""LEI"": ""529900TACNVLY9DCR586"", ""OpenFigi"": ""BBG000BR37X2""}",validated POC3 identity and dated symbol-change evidence,HIGH
da6a12be-db48-575d-9747-409f4ba19f66,PH,1985-11-30,,PH,eodhd_adjusted_derived,"{""CIK"": ""0000076334"", ""CUSIP"": ""701094104"", ""ISIN"": ""US7010941042"", ""LEI"": ""5493002CONDB4N2HKI23"", ""OpenFigi"": ""BBG000BR3KL6""}",validated POC3 identity and dated symbol-change evidence,HIGH
d2405901-298f-5b6b-a3cb-0cdd2863507e,PHIN,2023-07-05,2023-07-06,PHIN,eodhd_adjusted_derived,"{""CIK"": ""0001968915"", ""ISIN"": ""US71880K1016"", ""OpenFigi"": ""BBG01F6N6NM7""}",validated POC3 identity and dated symbol-change evidence,HIGH
09cab12a-e115-52e3-9082-07e0fddbb2a6,PHM,1984-04-30,,PHM,eodhd_adjusted_derived,"{""CIK"": ""0000822416"", ""CUSIP"": ""745867200"", ""ISIN"": ""US7458671010"", ""OpenFigi"": ""BBG000BR54L0""}",validated POC3 identity and dated symbol-change evidence,HIGH
fe582b35-682f-5622-9847-f6b49a08dde5,PKG,2017-07-26,,PKG,eodhd_adjusted_derived,"{""CIK"": ""0000075677"", ""CUSIP"": ""695156109"", ""ISIN"": ""US6951561090"", ""LEI"": ""549300XZP8MFZFY8TJ84"", ""OpenFigi"": ""BBG000BB8SW7""}",validated POC3 identity and dated symbol-change evidence,HIGH
6268445f-216d-55e2-a3b8-a0714e28873a,PLD,2003-07-17,,PLD,eodhd_adjusted_derived,"{""CIK"": ""0001045609"", ""CUSIP"": ""74340W103"", ""ISIN"": ""US74340W1036"", ""LEI"": ""529900DFH19P073LZ636"", ""OpenFigi"": ""BBG000B9Z0J8""}",validated POC3 identity and dated symbol-change evidence,HIGH
8476d821-9f99-5530-be5d-3cc1692a31de,PLTR,2024-09-23,,PLTR,eodhd_adjusted_derived,"{""CIK"": ""0001321655"", ""CUSIP"": ""69608A108"", ""ISIN"": ""US69608A1088"", ""LEI"": ""549300UVN46B3BBDHO85"", ""OpenFigi"": ""BBG000N7QR55""}",validated POC3 identity and dated symbol-change evidence,HIGH
51531aca-858d-5ff5-b9ca-fe28d7cb8c4f,PM,2008-03-31,,PM,eodhd_adjusted_derived,"{""CIK"": ""0001413329"", ""CUSIP"": ""718172109"", ""ISIN"": ""US7181721090"", ""LEI"": ""HL3H1H2BGXWVG3BSWR90"", ""OpenFigi"": ""BBG000J2XL74""}",validated POC3 identity and dated symbol-change evidence,HIGH
59677aa6-df15-5728-969c-b0736e011364,PNC,1988-04-30,,PNC,eodhd_adjusted_derived,"{""CIK"": ""0000713676"", ""CUSIP"": ""693475105"", ""ISIN"": ""US6934751057"", ""LEI"": ""CFGNEKW0P8842LEUIA51"", ""OpenFigi"": ""BBG000BRD0D8""}",validated POC3 identity and dated symbol-change evidence,HIGH
7127d023-333a-53f4-aa56-1bc7faf1f11e,PNR,2012-10-01,,PNR,eodhd_adjusted_derived,"{""CIK"": ""0000077360"", ""CUSIP"": ""709631105"", ""ISIN"": ""IE00BLS09M33"", ""OpenFigi"": ""BBG000C221G9""}",validated POC3 identity and dated symbol-change evidence,HIGH
81b2be0a-3aba-52b7-aa71-95980d5882cb,PNW,1999-10-04,,PNW,eodhd_adjusted_derived,"{""CIK"": ""0000764622"", ""CUSIP"": ""723484101"", ""ISIN"": ""US7234841010"", ""LEI"": ""TWSEY0NEDUDCKS27AH81"", ""OpenFigi"": ""BBG000BRDSX5""}",validated POC3 identity and dated symbol-change evidence,HIGH
d1cca836-7a69-5fb1-9528-711f10faa811,PODD,2023-03-15,,PODD,eodhd_adjusted_derived,"{""CIK"": ""0001145197"", ""CUSIP"": ""45784P101"", ""ISIN"": ""US45784P1012"", ""LEI"": ""549300TZTYD2PYN92D43"", ""OpenFigi"": ""BBG000R7XX87""}",validated POC3 identity and dated symbol-change evidence,HIGH
c8ac1c56-3556-584f-8f19-1a0ec40f9e81,POOL,2020-10-07,2026-06-22,POOL,eodhd_adjusted_derived,"{""CIK"": ""0000945841"", ""CUSIP"": ""784028102"", ""ISIN"": ""US73278L1052"", ""LEI"": ""5493005VZK1KMN6CO617"", ""OpenFigi"": ""BBG000BCVG28""}",validated POC3 identity and dated symbol-change evidence,HIGH
367257ac-60fc-544f-b1e8-c6bbd3b33db9,PPG,1957-03-04,,PPG,eodhd_adjusted_derived,"{""CIK"": ""0000079879"", ""CUSIP"": ""693506107"", ""ISIN"": ""US6935061076"", ""LEI"": ""549300BKPEP01R3V6C59"", ""OpenFigi"": ""BBG000BRJ809""}",validated POC3 identity and dated symbol-change evidence,HIGH
17ed6f9f-ab8f-5a1d-9d3d-1bd2aeba5801,PPL,2001-10-01,,PPL,eodhd_adjusted_derived,"{""CIK"": ""0000922224"", ""CUSIP"": ""693499105"", ""ISIN"": ""US69351T1060"", ""LEI"": ""9N3UAJSNOUXFKQLF3V18"", ""OpenFigi"": ""BBG000BRJL00""}",validated POC3 identity and dated symbol-change evidence,HIGH
5d36dee5-f47a-5c6c-823a-2746ea793e40,PRU,2002-07-22,,PRU,eodhd_adjusted_derived,"{""CIK"": ""0001137774"", ""CUSIP"": ""744320AG7"", ""ISIN"": ""US7443201022"", ""LEI"": ""5PRBRS5FEH7NREC8OR45"", ""OpenFigi"": ""BBG000HCJMF9""}",validated POC3 identity and dated symbol-change evidence,HIGH
3e4019f4-dcbc-55bc-83ef-bdbd08e44bef,PSA,2005-08-19,,PSA,eodhd_adjusted_derived,"{""CIK"": ""0001393311"", ""CUSIP"": ""74460D729"", ""ISIN"": ""US74460D1090"", ""LEI"": ""549300LMZF40TKJ6DM64"", ""OpenFigi"": ""BBG000BPPN67""}",validated POC3 identity and dated symbol-change evidence,HIGH
acf7f3e5-6099-5820-8a93-0675416322c3,PSKY,1994-09-30,,PSKY,eodhd_adjusted_derived,"{""ISIN"": ""US69932A2042"", ""OpenFigi"": ""BBG01VS5NK99""}",validated POC3 identity and dated symbol-change evidence,HIGH
aa8d295e-f184-5a71-ac22-ce3d537de90f,PSX,2012-05-01,,PSX,eodhd_adjusted_derived,"{""CIK"": ""0001534701"", ""CUSIP"": ""743627101"", ""ISIN"": ""US7185461040"", ""LEI"": ""5493005JBO5YSIGK1814"", ""OpenFigi"": ""BBG00286S4N9""}",validated POC3 identity and dated symbol-change evidence,HIGH
62fadcaa-341a-53ad-9e1f-8b22abeb8173,PTC,2021-04-20,,PTC,eodhd_adjusted_derived,"{""CIK"": ""0000857005"", ""CUSIP"": ""699173100"", ""ISIN"": ""US69370C1009"", ""LEI"": ""54930050SSMU8SKDJ030"", ""OpenFigi"": ""BBG000C2VBB0""}",validated POC3 identity and dated symbol-change evidence,HIGH
c1b60e43-a458-59ac-96d6-ccb0ef476bbb,PVH,2013-02-14,2022-09-19,PVH,eodhd_adjusted_derived,"{""CIK"": ""0000078239"", ""CUSIP"": ""718592108"", ""ISIN"": ""US6936561009"", ""LEI"": ""123WALMHY1GZXG2YDL90"", ""OpenFigi"": ""BBG000BRRG02""}",validated POC3 identity and dated symbol-change evidence,HIGH
b80b0bfc-8f21-53a4-b061-3952781a9ea9,PWR,2009-07-01,,PWR,eodhd_adjusted_derived,"{""CIK"": ""0001050915"", ""CUSIP"": ""74762E102"", ""ISIN"": ""US74762E1029"", ""LEI"": ""SHVRXXEACT60MMH07S24"", ""OpenFigi"": ""BBG000BBL8V7""}",validated POC3 identity and dated symbol-change evidence,HIGH
ee6b65a9-2aac-5f5f-af28-0a9941cdd7c0,PXD,2008-09-24,2024-05-08,PXD,eodhd_adjusted_derived,"{""CIK"": ""0001038357"", ""CUSIP"": ""723787107"", ""ISIN"": ""US7237871071"", ""LEI"": ""FY8JBF7CCL2VE4F1B628"", ""OpenFigi"": ""BBG000BXRPH1""}",validated POC3 identity and dated symbol-change evidence,HIGH
862e55a7-cab2-5f9f-9601-d81ab351d08a,PYPL,2015-07-20,,PYPL,eodhd_adjusted_derived,"{""CIK"": ""0001633917"", ""CUSIP"": ""70450Y103"", ""ISIN"": ""US70450Y1038"", ""LEI"": ""5493005X2GO78EFZ3E94"", ""OpenFigi"": ""BBG0077VNXV6""}",validated POC3 identity and dated symbol-change evidence,HIGH
8d560b0b-f7e2-5e8c-8164-68b8b8830823,Q,2025-11-03,,Q,eodhd_adjusted_derived,"{""ISIN"": ""US74743L1008"", ""OpenFigi"": ""BBG01TRL73S5""}",validated POC3 identity and dated symbol-change evidence,HIGH
50e7b55c-9ebb-5a4e-9043-338b3ec78dad,QCOM,1999-07-22,,QCOM,eodhd_adjusted_derived,"{""CIK"": ""0000804328"", ""CUSIP"": ""747525103"", ""ISIN"": ""US7475251036"", ""LEI"": ""H1J8DDZKZP6H7RWC0H53"", ""OpenFigi"": ""BBG000CGC1X8""}",validated POC3 identity and dated symbol-change evidence,HIGH
db34c334-d47f-5a4a-a5a3-e0f1c4348eaa,QRVO,2015-06-12,2024-12-23,QRVO,eodhd_adjusted_derived,"{""CIK"": ""0001604778"", ""CUSIP"": ""74736K101"", ""ISIN"": ""US74736K1016"", ""LEI"": ""254900YAUJV2EUEVBR11"", ""OpenFigi"": ""BBG007TJF1N7""}",validated POC3 identity and dated symbol-change evidence,HIGH
f544f9bc-10ad-57db-a0a1-bb6bc6f7f338,RAL_OLD,2025-06-30,2025-07-01,RAL_old,eodhd_adjusted_derived,"{""CIK"": ""0000081870"", ""CUSIP"": ""751277104""}",validated POC3 identity and dated symbol-change evidence,HIGH
10e4274b-9cff-543e-bbc1-31aa44237ace,RCL,2014-12-05,,RCL,eodhd_adjusted_derived,"{""CIK"": ""0000884887"", ""CUSIP"": ""V7780T103"", ""ISIN"": ""LR0008862868"", ""LEI"": ""K2NEH8QNVW44JIWK7Z55"", ""OpenFigi"": ""BBG000BB5792""}",validated POC3 identity and dated symbol-change evidence,HIGH
7571930c-3be5-559d-b62b-81db3fdceb0b,RDDT,2026-08-18,,RDDT,eodhd_adjusted_derived,"{""CIK"": ""0001713445"", ""CUSIP"": ""75734B100"", ""ISIN"": ""US75734B1008"", ""OpenFigi"": ""BBG005K1D4S0""}",validated POC3 identity and dated symbol-change evidence,HIGH
2cad453f-2fcd-5bb4-bc69-efd4a43bbdb6,REG,2017-03-02,,REG,eodhd_adjusted_derived,"{""CIK"": ""0000910606"", ""CUSIP"": ""758939102"", ""ISIN"": ""US7588491032"", ""LEI"": ""529900053A7X7FJ97S58"", ""OpenFigi"": ""BBG000BL46Q4""}",validated POC3 identity and dated symbol-change evidence,HIGH
8ab82c2e-63f5-52a5-a8d6-acb8f4956b6b,REGN,2013-05-01,,REGN,eodhd_adjusted_derived,"{""CIK"": ""0000872589"", ""CUSIP"": ""75886F107"", ""ISIN"": ""US75886F1075"", ""LEI"": ""549300RCBFWIRX3HYQ56"", ""OpenFigi"": ""BBG000C734W3""}",validated POC3 identity and dated symbol-change evidence,HIGH
6ed8afb4-f10f-53f9-abc0-c023c97f7686,RF,1998-08-28,,RF,eodhd_adjusted_derived,"{""CIK"": ""0001281761"", ""CUSIP"": ""7591EP100"", ""ISIN"": ""US7591EP1005"", ""LEI"": ""CW05CS5KW59QTC0DG824"", ""OpenFigi"": ""BBG000Q3JN03""}",validated POC3 identity and dated symbol-change evidence,HIGH
0a15344a-c930-5dee-a6e9-528dd0540172,RHI,2000-12-05,2024-06-24,RHI,eodhd_adjusted_derived,"{""CIK"": ""0000315213"", ""CUSIP"": ""770323103"", ""ISIN"": ""US7703231032"", ""LEI"": ""529900VPCUY9H3HLIC08"", ""OpenFigi"": ""BBG000BS5DR2""}",validated POC3 identity and dated symbol-change evidence,HIGH
27f2be03-ee8a-5ea7-8532-dfc037a322ad,RJF,2017-03-20,,RJF,eodhd_adjusted_derived,"{""CIK"": ""0000720005"", ""CUSIP"": ""754730109"", ""ISIN"": ""US7547301090"", ""LEI"": ""RGUZHJ05YTITL6D76949"", ""OpenFigi"": ""BBG000BS73J1""}",validated POC3 identity and dated symbol-change evidence,HIGH
17926eb7-b2b6-59c4-ba13-b02c6ed83aa3,RL,2007-02-02,,RL,eodhd_adjusted_derived,"{""CIK"": ""0001037038"", ""CUSIP"": ""731572103"", ""ISIN"": ""US7512121010"", ""LEI"": ""HO1QNWM0IXBZ0QSMMO20"", ""OpenFigi"": ""BBG000BS0ZF1""}",validated POC3 identity and dated symbol-change evidence,HIGH
ec83fc11-194b-5187-84f3-187c754ced22,RMD,2017-07-26,,RMD,eodhd_adjusted_derived,"{""CIK"": ""0000943819"", ""CUSIP"": ""761152107"", ""ISIN"": ""US7611521078"", ""LEI"": ""529900T3QE5253CCXF22"", ""OpenFigi"": ""BBG000L4M7F1""}",validated POC3 identity and dated symbol-change evidence,HIGH
26f5832f-d5a3-5fcd-b5b9-3786c0e05526,ROK,2000-03-12,,ROK,eodhd_adjusted_derived,"{""CIK"": ""0001024478"", ""CUSIP"": ""774347108"", ""ISIN"": ""US7739031091"", ""LEI"": ""VH3R4HHBHH12O0EXZJ88"", ""OpenFigi"": ""BBG000BBCDZ2""}",validated POC3 identity and dated symbol-change evidence,HIGH
dd92aaa1-979a-56f5-8bb7-8e33442eb91e,ROL,2018-10-01,,ROL,eodhd_adjusted_derived,"{""CIK"": ""0000084839"", ""CUSIP"": ""775711104"", ""ISIN"": ""US7757111049"", ""LEI"": ""549300F2A0BXT4SGWD84"", ""OpenFigi"": ""BBG000BSBBP1""}",validated POC3 identity and dated symbol-change evidence,HIGH
c613c6eb-d271-5545-bce9-722da9263f56,ROP,2009-12-23,,ROP,eodhd_adjusted_derived,"{""CIK"": ""0000882835"", ""CUSIP"": ""776696106"", ""ISIN"": ""US7766961061"", ""LEI"": ""54930003T4SXCIWVXY35"", ""OpenFigi"": ""BBG000F1ZSN5""}",validated POC3 identity and dated symbol-change evidence,HIGH
b781dbee-a1c5-5228-8be4-03a3b03927f6,ROST,2009-12-18,,ROST,eodhd_adjusted_derived,"{""CIK"": ""0000745732"", ""CUSIP"": ""778296103"", ""ISIN"": ""US7782961038"", ""LEI"": ""549300ENZFLPGRDFZQ60"", ""OpenFigi"": ""BBG000BSBZH7""}",validated POC3 identity and dated symbol-change evidence,HIGH
2dccb8a4-d764-54ae-ad81-cbd18e194a08,RSG,2008-12-05,,RSG,eodhd_adjusted_derived,"{""CIK"": ""0001060391"", ""CUSIP"": ""760759100"", ""ISIN"": ""US7607591002"", ""LEI"": ""NKNQHM6BLECKVOQP7O46"", ""OpenFigi"": ""BBG000BPXVJ6""}",validated POC3 identity and dated symbol-change evidence,HIGH
945091ed-8114-5794-a3e3-c762a5fdb78b,RTX,1957-03-04,,RTX,eodhd_adjusted_derived,"{""CIK"": ""0000101829"", ""CUSIP"": ""75513E101"", ""ISIN"": ""US75513E1010"", ""LEI"": ""I07WOS4YJ0N7YRFE7309"", ""OpenFigi"": ""BBG000BW8S60""}",validated POC3 identity and dated symbol-change evidence,HIGH
01865053-7dca-5816-9221-1ca94f2033f6,PKI,1985-05-31,2023-05-16,RVTY,eodhd_adjusted_derived,"{""CIK"": ""0000031791"", ""CUSIP"": ""714046109"", ""ISIN"": ""US7140461093"", ""LEI"": ""549300IKL1SDPFI7N655"", ""OpenFigi"": ""BBG000FXW512""}",EODHD symbol-change-history: PKI->RVTY effective 2023-05-16,HIGH
01865053-7dca-5816-9221-1ca94f2033f6,RVTY,2023-05-16,,RVTY,eodhd_adjusted_derived,"{""CIK"": ""0000031791"", ""CUSIP"": ""714046109"", ""ISIN"": ""US7140461093"", ""LEI"": ""549300IKL1SDPFI7N655"", ""OpenFigi"": ""BBG000FXW512""}",validated POC3 identity and dated symbol-change evidence,HIGH
3a819cef-d3f4-5e84-8b14-d5eaa2cb6312,SBAC,2017-09-01,,SBAC,eodhd_adjusted_derived,"{""CIK"": ""0001034054"", ""CUSIP"": ""78410G104"", ""ISIN"": ""US78410G1040"", ""LEI"": ""5299001HX8ZN8Y8QIT49"", ""OpenFigi"": ""BBG000D2M0Z7""}",validated POC3 identity and dated symbol-change evidence,HIGH
4eebb6ee-13b8-588c-8c90-5aaf4554ef62,SBNY,2021-12-20,2023-03-15,SBNY,eodhd_adjusted_derived,"{""CIK"": ""0001288784"", ""CUSIP"": ""82669G104"", ""ISIN"": ""US82669G1040"", ""LEI"": ""VLP5AP0XK2GM6GKD1007"", ""OpenFigi"": ""BBG000M6TR37""}",validated POC3 identity and dated symbol-change evidence,HIGH
fbec912c-2534-581f-bbfc-b215255f1de6,SBUX,2000-06-07,,SBUX,eodhd_adjusted_derived,"{""CIK"": ""0000829224"", ""CUSIP"": ""855244109"", ""ISIN"": ""US8552441094"", ""LEI"": ""OQSJ1DU9TAOC51A47K68"", ""OpenFigi"": ""BBG000CTQBF3""}",validated POC3 identity and dated symbol-change evidence,HIGH
3e480d59-4dbb-530f-8dc4-83080dbd629a,SCHW,1997-06-02,,SCHW,eodhd_adjusted_derived,"{""CIK"": ""0000316709"", ""CUSIP"": ""808513105"", ""ISIN"": ""US8085131055"", ""LEI"": ""549300VSGCJ7E698NM85"", ""OpenFigi"": ""BBG000BSLZY7""}",validated POC3 identity and dated symbol-change evidence,HIGH
70c9f7b6-e757-5001-9fdc-37125279c5d0,SEDG,2021-12-20,2023-12-18,SEDG,eodhd_adjusted_derived,"{""CIK"": ""0001419612"", ""CUSIP"": ""83417M104"", ""ISIN"": ""US83417M1045"", ""LEI"": ""5493000K6Y58XXPDF853"", ""OpenFigi"": ""BBG0084BBZY6""}",validated POC3 identity and dated symbol-change evidence,HIGH
23bfa115-7d12-5871-a8bb-d166e4ae2d59,SEE,2012-04-01,2023-12-18,SEE,eodhd_adjusted_derived,"{""CIK"": ""0001012100"", ""CUSIP"": ""81211K209"", ""ISIN"": ""US81211K1007"", ""LEI"": ""Q0M0CZB4YN6JZ65WXI09"", ""OpenFigi"": ""BBG000C22QV7""}",validated POC3 identity and dated symbol-change evidence,HIGH
d58ca19c-9f19-546f-9599-e76bcab4aa27,SHW,1964-06-30,,SHW,eodhd_adjusted_derived,"{""CIK"": ""0000089800"", ""CUSIP"": ""824348106"", ""ISIN"": ""US8243481061"", ""LEI"": ""Z15BMIOX8DDH0X2OBP21"", ""OpenFigi"": ""BBG000BSXQV7""}",validated POC3 identity and dated symbol-change evidence,HIGH
c114dfd9-2d71-561b-85f9-ad960d44a55e,SIVB,2018-03-19,2023-03-15,SIVB,eodhd_adjusted_derived,"{""CIK"": ""0000719739"", ""ISIN"": ""US78486Q1013"", ""LEI"": ""549300D2KJ20JMXE7542""}",validated POC3 identity and dated symbol-change evidence,HIGH
cb11e788-3aa9-5d8b-89ab-23d8e10be9b1,SJM,2008-11-06,,SJM,eodhd_adjusted_derived,"{""CIK"": ""0000091419"", ""CUSIP"": ""832696108"", ""ISIN"": ""US8326964058"", ""LEI"": ""5493000WDH6A0LHDJD55"", ""OpenFigi"": ""BBG000BT1715""}",validated POC3 identity and dated symbol-change evidence,HIGH
d73a0e2a-a05f-5d07-9263-06855c1f14d8,SLB,1957-03-04,,SLB,eodhd_adjusted_derived,"{""CIK"": ""0000087347"", ""CUSIP"": ""806857108"", ""ISIN"": ""AN8068571086"", ""LEI"": ""213800ZUA17OK3QLGM62"", ""OpenFigi"": ""BBG000BT4384""}",validated POC3 identity and dated symbol-change evidence,HIGH
7ff60f79-2d6d-5f57-8d9f-ccbb4a00f47e,SLVM,2021-10-01,2021-10-04,SLVM,eodhd_adjusted_derived,"{""CIK"": ""0001856485"", ""CUSIP"": ""871332102"", ""ISIN"": ""US8713321029"", ""OpenFigi"": ""BBG0122M8031""}",validated POC3 identity and dated symbol-change evidence,HIGH
5302a479-67b9-59c6-8dee-af2bf282faa4,SMCI,2024-03-18,,SMCI,eodhd_adjusted_derived,"{""CIK"": ""0001375365"", ""CUSIP"": ""86800U104"", ""ISIN"": ""US86800U3023"", ""OpenFigi"": ""BBG000MYZDJ3""}",validated POC3 identity and dated symbol-change evidence,HIGH
62f34367-633b-5d26-ad08-a09663e94e30,SNA,1982-09-30,,SNA,eodhd_adjusted_derived,"{""CIK"": ""0000091440"", ""CUSIP"": ""833034101"", ""ISIN"": ""US8330341012"", ""LEI"": ""HHWAT5TDOYZMM26KKQ73"", ""OpenFigi"": ""BBG000BT7JW9""}",validated POC3 identity and dated symbol-change evidence,HIGH
fe8bd6b1-8f1c-5659-8564-77eb3cb7711a,SNDK,2025-11-28,,SNDK,eodhd_adjusted_derived,"{""ISIN"": ""US80004C2008"", ""OpenFigi"": ""BBG01R388JG1""}",validated POC3 identity and dated symbol-change evidence,HIGH
c87d11bf-9315-54b3-bec4-9221b398f816,SNPS,2017-03-16,,SNPS,eodhd_adjusted_derived,"{""CIK"": ""0000883241"", ""CUSIP"": ""871607107"", ""ISIN"": ""US8716071076"", ""LEI"": ""QG7T915N9S0NY5UKNE63"", ""OpenFigi"": ""BBG000BSFRF3""}",validated POC3 identity and dated symbol-change evidence,HIGH
f55b7e1b-f238-5b93-92ab-d71a40737d23,SO,1957-03-04,,SO,eodhd_adjusted_derived,"{""CIK"": ""0000092122"", ""CUSIP"": ""842587107"", ""ISIN"": ""US8425871071"", ""LEI"": ""549300FC3G3YU2FBZD92"", ""OpenFigi"": ""BBG000BT9DW0""}",validated POC3 identity and dated symbol-change evidence,HIGH
48e1f11e-bd6e-5266-91aa-3d9f8b5f9fbc,SOLS,2025-10-30,2025-12-22,SOLS,eodhd_adjusted_derived,"{""ISIN"": ""US83443Q1031"", ""OpenFigi"": ""BBG01X5744P5""}",validated POC3 identity and dated symbol-change evidence,HIGH
9fcac527-d567-5079-a1cf-6aab1deeda41,SOLV,2024-04-01,,SOLV,eodhd_adjusted_derived,"{""CIK"": ""0001964738"", ""CUSIP"": ""83444M101"", ""ISIN"": ""US83444M1018"", ""OpenFigi"": ""BBG018YZH6T3""}",validated POC3 identity and dated symbol-change evidence,HIGH
8e2ce46a-e4c8-5053-9357-142ca62d5fb2,SPG,2002-06-26,,SPG,eodhd_adjusted_derived,"{""CIK"": ""0001063761"", ""CUSIP"": ""828806802"", ""ISIN"": ""US8288061091"", ""LEI"": ""529900GQL5X8H7AO3T64"", ""OpenFigi"": ""BBG000BJ2D31""}",validated POC3 identity and dated symbol-change evidence,HIGH
133a4eda-6c6e-58d7-9604-4fd349760cb0,SPGI,1957-03-04,,SPGI,eodhd_adjusted_derived,"{""CIK"": ""0000064040"", ""CUSIP"": ""580645109"", ""ISIN"": ""US78409V1044"", ""LEI"": ""Y6X4K52KMJMZE7I7MY94"", ""OpenFigi"": ""BBG000BP1Q11""}",validated POC3 identity and dated symbol-change evidence,HIGH
59447f8b-2363-5f8b-a884-9515cc3de84c,SRE,2017-03-17,,SRE,eodhd_adjusted_derived,"{""CIK"": ""0001032208"", ""CUSIP"": ""816851208"", ""ISIN"": ""US8168511090"", ""LEI"": ""PBBKGKLRK5S5C0Y4T545"", ""OpenFigi"": ""BBG000C2ZCH8""}",validated POC3 identity and dated symbol-change evidence,HIGH
2f45ea42-63f1-5623-801c-955eca93b06a,STE,2019-12-23,,STE,eodhd_adjusted_derived,"{""CIK"": ""0001757898"", ""CUSIP"": ""G8473T100"", ""ISIN"": ""IE00BFY8C754"", ""LEI"": ""549300BRDKZ1HFI2J358"", ""OpenFigi"": ""BBG00MRHG523""}",validated POC3 identity and dated symbol-change evidence,HIGH
e9ba660e-c233-57e0-a88e-5d559a81fe94,STLD,2022-12-22,,STLD,eodhd_adjusted_derived,"{""CIK"": ""0001022671"", ""CUSIP"": ""858119100"", ""ISIN"": ""US8581191009"", ""LEI"": ""549300HGGKEL4FYTTQ83"", ""OpenFigi"": ""BBG000HGYNZ9""}",validated POC3 identity and dated symbol-change evidence,HIGH
f581c404-a425-5c99-9b6d-b430b7762003,STT,2003-03-14,,STT,eodhd_adjusted_derived,"{""CIK"": ""0000093751"", ""CUSIP"": ""857473102"", ""ISIN"": ""US8574771031"", ""LEI"": ""549300ZFEEJ2IP5VME73"", ""OpenFigi"": ""BBG000BKFBD7""}",validated POC3 identity and dated symbol-change evidence,HIGH
dab639d3-cc17-54e4-9eff-233931c0e91f,STX,2012-07-02,,STX,eodhd_adjusted_derived,"{""CIK"": ""0001137789"", ""CUSIP"": ""G7945J104"", ""ISIN"": ""IE00BKVD2N49"", ""LEI"": ""635400RUXIFEZSRU8X70"", ""OpenFigi"": ""BBG0113JGQF0""}",validated POC3 identity and dated symbol-change evidence,HIGH
ca04364c-e372-5a8d-ac7a-dbfcfad873a0,STZ,2005-07-01,,STZ,eodhd_adjusted_derived,"{""CIK"": ""0000016918"", ""CUSIP"": ""137219101"", ""ISIN"": ""US21036P1084"", ""LEI"": ""5493005GKEG8QCVY7037"", ""OpenFigi"": ""BBG000J1QLT0""}",validated POC3 identity and dated symbol-change evidence,HIGH
753a277e-7271-555a-9f7a-95bc05e8425b,SW,2024-07-08,,SW,eodhd_adjusted_derived,"{""CIK"": ""0002005951"", ""ISIN"": ""IE00028FXN24"", ""OpenFigi"": ""BBG01NK9ZXT4""}",validated POC3 identity and dated symbol-change evidence,HIGH
431e4648-bb7a-519c-892b-150b8528d017,SWK,1982-09-30,,SWK,eodhd_adjusted_derived,"{""CIK"": ""0000093556"", ""CUSIP"": ""854502101"", ""ISIN"": ""US8545021011"", ""LEI"": ""549300DJ09SMTO561131"", ""OpenFigi"": ""BBG000BTQR96""}",validated POC3 identity and dated symbol-change evidence,HIGH
dd2b435e-34c8-50da-acaa-796038567e30,SWKS,2015-03-12,,SWKS,eodhd_adjusted_derived,"{""CIK"": ""0000004127"", ""CUSIP"": ""020753109"", ""ISIN"": ""US83088M1027"", ""LEI"": ""549300WZ3ORQ2BVKBD96"", ""OpenFigi"": ""BBG000KLB4Q1""}",validated POC3 identity and dated symbol-change evidence,HIGH
1ec06cea-784e-5168-9d31-9c009dc0ea85,SYF,2015-11-18,,SYF,eodhd_adjusted_derived,"{""CIK"": ""0001601712"", ""CUSIP"": ""87165B103"", ""ISIN"": ""US87165B1035"", ""LEI"": ""549300RS7EWPM9MA6C78"", ""OpenFigi"": ""BBG00658F3P3""}",validated POC3 identity and dated symbol-change evidence,HIGH
69cb3970-975c-5c71-818a-673c9f945e7c,SYK,2000-12-12,,SYK,eodhd_adjusted_derived,"{""CIK"": ""0000310764"", ""CUSIP"": ""863667101"", ""ISIN"": ""US8636671013"", ""LEI"": ""5493002F0SC4JTBU5137"", ""OpenFigi"": ""BBG000DN7P92""}",validated POC3 identity and dated symbol-change evidence,HIGH
148f5260-5fa3-592c-93e4-c22604566805,SYY,1986-12-31,,SYY,eodhd_adjusted_derived,"{""CIK"": ""0000096021"", ""CUSIP"": ""871829107"", ""ISIN"": ""US8718291078"", ""LEI"": ""5RGWIFLMGH3YS7KWI652"", ""OpenFigi"": ""BBG000BTVJ25""}",validated POC3 identity and dated symbol-change evidence,HIGH
4cfa553e-fe27-597c-9e5d-c88bf9e193f5,T,1983-11-30,,T,eodhd_adjusted_derived,"{""CIK"": ""0000732717"", ""CUSIP"": ""78387G202"", ""ISIN"": ""US00206R1023"", ""LEI"": ""549300Z40J86GGSTL398"", ""OpenFigi"": ""BBG000BSJK37""}",validated POC3 identity and dated symbol-change evidence,HIGH
416f7de7-4304-5ba3-9c04-5b12423596fc,TAP,1976-06-30,2026-09-21,TAP,eodhd_adjusted_derived,"{""CIK"": ""0000024545"", ""CUSIP"": ""217016104"", ""ISIN"": ""US60871R2094"", ""LEI"": ""54930073LBBH6ZCBE225"", ""OpenFigi"": ""BBG000BS7KS3""}",validated POC3 identity and dated symbol-change evidence,HIGH
607d3138-10bb-53da-8541-3c98bb72469c,TDG,2016-06-03,,TDG,eodhd_adjusted_derived,"{""CIK"": ""0001260221"", ""CUSIP"": ""893641100"", ""ISIN"": ""US8936411003"", ""LEI"": ""88Q84GB3X55CF5OC7582"", ""OpenFigi"": ""BBG000L8CBX4""}",validated POC3 identity and dated symbol-change evidence,HIGH
498a6645-e6d7-517e-9e49-1d16a2dbf2fd,TDY,2020-06-22,,TDY,eodhd_adjusted_derived,"{""CIK"": ""0001094285"", ""CUSIP"": ""879360105"", ""ISIN"": ""US8793601050"", ""LEI"": ""549300VSMO9KYQWDND94"", ""OpenFigi"": ""BBG000BMT9T6""}",validated POC3 identity and dated symbol-change evidence,HIGH
3f6b2803-9533-5626-9e54-85e529a91c62,TECH,2021-08-30,,TECH,eodhd_adjusted_derived,"{""CIK"": ""0000842023"", ""CUSIP"": ""878377100"", ""ISIN"": ""US09073M1045"", ""LEI"": ""54930073RLKQ51TILZ35"", ""OpenFigi"": ""BBG000C15114""}",validated POC3 identity and dated symbol-change evidence,HIGH
1849d7d7-767d-5c0d-916b-9a2cf82c9747,TEL,2011-10-14,,TEL,eodhd_adjusted_derived,"{""CIK"": ""0001385157"", ""CUSIP"": ""H8912P106"", ""ISIN"": ""IE000IVNQZ81"", ""OpenFigi"": ""BBG000RGM5P1""}",validated POC3 identity and dated symbol-change evidence,HIGH
abe5d280-8f93-51a4-b17a-eb0e59548e11,TER,2020-09-21,,TER,eodhd_adjusted_derived,"{""CIK"": ""0000097210"", ""CUSIP"": ""880770102"", ""ISIN"": ""US8807701029"", ""LEI"": ""C3X4YJ278QNZHRJULN75"", ""OpenFigi"": ""BBG000BV4DR6""}",validated POC3 identity and dated symbol-change evidence,HIGH
f2f5df89-b1dc-5526-b079-c6491f559704,TFC,1997-12-04,,TFC,eodhd_adjusted_derived,"{""CIK"": ""0000092230"", ""CUSIP"": ""89832Q109"", ""ISIN"": ""US89832Q1094"", ""LEI"": ""549300DRQQI75D2JP341"", ""OpenFigi"": ""BBG000BYYLS8""}",validated POC3 identity and dated symbol-change evidence,HIGH
321f1418-0964-5e09-b906-0fd3c5e52ecd,TFX,2019-01-18,2025-03-24,TFX,eodhd_adjusted_derived,"{""CIK"": ""0000096943"", ""CUSIP"": ""879369106"", ""ISIN"": ""US8793691069"", ""LEI"": ""UUL85LWXB4NGSWWXIQ25"", ""OpenFigi"": ""BBG000BV59Y6""}",validated POC3 identity and dated symbol-change evidence,HIGH
e441e0cb-3028-56ad-8f8f-0b76db57448e,TGT,1976-12-31,,TGT,eodhd_adjusted_derived,"{""CIK"": ""0000027419"", ""CUSIP"": ""87612E106"", ""ISIN"": ""US87612E1064"", ""LEI"": ""8WDDFXB5T1Z6J0XC1L66"", ""OpenFigi"": ""BBG000H8TVT2""}",validated POC3 identity and dated symbol-change evidence,HIGH
a773aeec-3cb7-555d-9618-02256b390f7d,TJX,1985-09-30,,TJX,eodhd_adjusted_derived,"{""CIK"": ""0000109198"", ""CUSIP"": ""872540307"", ""ISIN"": ""US8725401090"", ""LEI"": ""V167QI9I69W364E2DY52"", ""OpenFigi"": ""BBG000BV8DN6""}",validated POC3 identity and dated symbol-change evidence,HIGH
4043c89b-3363-51f4-92bb-c9e895070177,TKO,2025-03-24,,TKO,eodhd_adjusted_derived,"{""CIK"": ""0001973266"", ""CUSIP"": ""87256C101"", ""ISIN"": ""US87256C1018"", ""OpenFigi"": ""BBG01G9JKWV5""}",validated POC3 identity and dated symbol-change evidence,HIGH
27bc2dd1-2c8e-5b08-8ea6-f9f2a191ca58,TMO,2004-08-03,,TMO,eodhd_adjusted_derived,"{""CIK"": ""0000097745"", ""CUSIP"": ""883556201"", ""ISIN"": ""US8835561023"", ""LEI"": ""HCHV7422L5HDJZCRFL38"", ""OpenFigi"": ""BBG000BVDLH9""}",validated POC3 identity and dated symbol-change evidence,HIGH
8497f815-765f-5b99-ada1-bda44b309c32,TMUS,2019-07-15,,TMUS,eodhd_adjusted_derived,"{""CIK"": ""0001283699"", ""CUSIP"": ""872590104"", ""ISIN"": ""US8725901040"", ""LEI"": ""549300QHIJYOHPACPG31"", ""OpenFigi"": ""BBG000NDV1D4""}",validated POC3 identity and dated symbol-change evidence,HIGH
de2c0130-c00f-5f0c-8dbc-1856a73232da,TPL,2024-11-26,,TPL,eodhd_adjusted_derived,"{""CIK"": ""0000097517"", ""CUSIP"": ""882610108"", ""ISIN"": ""US88262P1021"", ""LEI"": ""529900WTH0D1S7BB4S10"", ""OpenFigi"": ""BBG00YRJXKB1""}",validated POC3 identity and dated symbol-change evidence,HIGH
f7c202b7-a5d6-538e-8725-9f9fc0dd7e08,TPR,2004-09-01,,TPR,eodhd_adjusted_derived,"{""CIK"": ""0001116132"", ""CUSIP"": ""876030107"", ""ISIN"": ""US8760301072"", ""LEI"": ""549300LJNVY5SW3VTN33"", ""OpenFigi"": ""BBG000BY29C7""}",validated POC3 identity and dated symbol-change evidence,HIGH
85848c18-804e-52e9-82c3-6e8fe3f67c69,TRGP,2022-10-12,,TRGP,eodhd_adjusted_derived,"{""CIK"": ""0001389170"", ""CUSIP"": ""87612G101"", ""ISIN"": ""US87612G1013"", ""LEI"": ""5493003QENHHS261UR94"", ""OpenFigi"": ""BBG0015XMW40""}",validated POC3 identity and dated symbol-change evidence,HIGH
d304a073-c6bd-59b0-8b2a-83b1743fda7c,TRMB,2021-01-21,,TRMB,eodhd_adjusted_derived,"{""CIK"": ""0000864749"", ""CUSIP"": ""896239100"", ""ISIN"": ""US8962391004"", ""LEI"": ""549300E2MI7NSZFQWS19"", ""OpenFigi"": ""BBG000BNPS52""}",validated POC3 identity and dated symbol-change evidence,HIGH
591b9e67-4ddf-541f-b4f3-92a6d650cffa,TROW,2019-07-29,,TROW,eodhd_adjusted_derived,"{""CIK"": ""0001113169"", ""CUSIP"": ""741477103"", ""ISIN"": ""US74144T1088"", ""LEI"": ""549300SIV6FPS9Y7IH33"", ""OpenFigi"": ""BBG000BVMPN3""}",validated POC3 identity and dated symbol-change evidence,HIGH
89b61945-a78d-5c46-89ac-94d97246c0fd,TRV,2002-08-21,,TRV,eodhd_adjusted_derived,"{""CIK"": ""0000086312"", ""CUSIP"": ""792856205"", ""ISIN"": ""US89417E1091"", ""LEI"": ""549300Y650407RU8B149"", ""OpenFigi"": ""BBG000BJ81C1""}",validated POC3 identity and dated symbol-change evidence,HIGH
372a477b-d9f2-5ab9-bf87-a3dbb9dee8bf,TSCO,2014-01-24,,TSCO,eodhd_adjusted_derived,"{""CIK"": ""0000916365"", ""CUSIP"": ""892356106"", ""ISIN"": ""US8923561067"", ""LEI"": ""549300OJ9VZHZRO6I137"", ""OpenFigi"": ""BBG000BLXZN1""}",validated POC3 identity and dated symbol-change evidence,HIGH
d3559f11-11ce-5e7f-b3b9-8c38d2e31298,TSLA,2020-12-21,,TSLA,eodhd_adjusted_derived,"{""CIK"": ""0001318605"", ""CUSIP"": ""88160R101"", ""ISIN"": ""US88160R1014"", ""LEI"": ""54930043XZGB27CTOV49"", ""OpenFigi"": ""BBG000N9MNX3""}",validated POC3 identity and dated symbol-change evidence,HIGH
4a361efa-392c-5b5d-9896-5bbaba5094b6,TSN,2005-08-10,,TSN,eodhd_adjusted_derived,"{""CIK"": ""0000100493"", ""CUSIP"": ""902494103"", ""ISIN"": ""US9024941034"", ""LEI"": ""WD6L6041MNRW1JE49D58"", ""OpenFigi"": ""BBG000DKCC19""}",validated POC3 identity and dated symbol-change evidence,HIGH
8767ef56-365e-5de1-a190-81a47d1a3fe2,TT,2010-11-17,,TT,eodhd_adjusted_derived,"{""CIK"": ""0000836102"", ""CUSIP"": ""456866102"", ""ISIN"": ""IE00BK9ZQ967"", ""OpenFigi"": ""BBG000BM6788""}",validated POC3 identity and dated symbol-change evidence,HIGH
b7e43efd-6e84-561f-b44e-a8716ba6599e,TTD,2025-07-18,2026-09-21,TTD,eodhd_adjusted_derived,"{""CIK"": ""0001671933"", ""CUSIP"": ""88339J105"", ""ISIN"": ""US88339J1051"", ""LEI"": ""549300GXPD31VT3E0P46"", ""OpenFigi"": ""BBG00629NGT2""}",validated POC3 identity and dated symbol-change evidence,HIGH
43774bed-1c29-5493-9204-d80c5c1d4385,TTWO,2018-03-19,,TTWO,eodhd_adjusted_derived,"{""CIK"": ""0000946581"", ""CUSIP"": ""874054109"", ""ISIN"": ""US8740541094"", ""LEI"": ""BOMSTHHJK882EWYX3334"", ""OpenFigi"": ""BBG000BS1YV5""}",validated POC3 identity and dated symbol-change evidence,HIGH
ae13e1b5-7a16-59c1-95ce-2bfa52b340d7,TWTR,2018-06-07,2022-11-01,TWTR,eodhd_adjusted_derived,"{""CIK"": ""0001418091"", ""CUSIP"": ""90184L102"", ""ISIN"": ""US90184L1026"", ""LEI"": ""549300I8RX485XMK6836""}",validated POC3 identity and dated symbol-change evidence,HIGH
174f098e-3fd2-5825-809c-163c26e0789f,TXN,2001-03-12,,TXN,eodhd_adjusted_derived,"{""CIK"": ""0000097476"", ""CUSIP"": ""882508104"", ""ISIN"": ""US8825081040"", ""LEI"": ""WDJNR2L6D8RWOEB8T652"", ""OpenFigi"": ""BBG000BVV7G1""}",validated POC3 identity and dated symbol-change evidence,HIGH
c5bdd5a4-c424-5fcc-b06d-d81a2b582a14,TXT,1978-12-31,,TXT,eodhd_adjusted_derived,"{""CIK"": ""0000217346"", ""CUSIP"": ""883203101"", ""ISIN"": ""US8832031012"", ""LEI"": ""3PPKBHUG1HD6BO7RNR87"", ""OpenFigi"": ""BBG000BVVQQ8""}",validated POC3 identity and dated symbol-change evidence,HIGH
dc66ac79-c69b-5b16-a4ab-8000a41a693c,TYL,2020-06-22,,TYL,eodhd_adjusted_derived,"{""CIK"": ""0000860731"", ""CUSIP"": ""902184100"", ""ISIN"": ""US9022521051"", ""LEI"": ""25490040SMU4Z8LBCW70"", ""OpenFigi"": ""BBG000BVWZF9""}",validated POC3 identity and dated symbol-change evidence,HIGH
9f7bb8c8-9e19-5024-8d84-bdf61ab85582,UA,2016-04-08,2022-06-21,UA,eodhd_adjusted_derived,"{""CIK"": ""0001336917"", ""CUSIP"": ""904311206"", ""ISIN"": ""US9043112062"", ""LEI"": ""549300D4549QKWETZ406"", ""OpenFigi"": ""BBG009DTD8H2""}",validated POC3 identity and dated symbol-change evidence,HIGH
87104983-2ebc-5cf4-86a2-2e03f37aa351,UAA,2014-05-01,2022-06-21,UAA,eodhd_adjusted_derived,"{""CIK"": ""0001336917"", ""CUSIP"": ""904311107"", ""ISIN"": ""US9043111072"", ""LEI"": ""549300D4549QKWETZ406"", ""OpenFigi"": ""BBG000BXM6V2""}",validated POC3 identity and dated symbol-change evidence,HIGH
4cadac36-9f41-5716-9322-b8ebece4cc34,UAL,2015-09-03,,UAL,eodhd_adjusted_derived,"{""CIK"": ""0000100517"", ""CUSIP"": ""902549104"", ""ISIN"": ""US9100471096"", ""LEI"": ""98450079DA0B78DD6764"", ""OpenFigi"": ""BBG000M65M61""}",validated POC3 identity and dated symbol-change evidence,HIGH
2e23f51c-b7ca-5b23-a137-6ce8d9c80db3,UBER,2023-12-18,,UBER,eodhd_adjusted_derived,"{""CIK"": ""0001543151"", ""CUSIP"": ""90353T100"", ""ISIN"": ""US90353T1007"", ""LEI"": ""549300B2FTG34FILDR98"", ""OpenFigi"": ""BBG002B04MT8""}",validated POC3 identity and dated symbol-change evidence,HIGH
60209070-d25e-5539-9a0c-8877972eb92c,UDR,2016-03-07,,UDR,eodhd_adjusted_derived,"{""CIK"": ""0000074208"", ""CUSIP"": ""910197102"", ""ISIN"": ""US9026531049"", ""LEI"": ""P3CH2EG5X6Z1XWU1OO74"", ""OpenFigi"": ""BBG000C41023""}",validated POC3 identity and dated symbol-change evidence,HIGH
9505a648-c489-5582-ad40-7f20ade60707,UHS,2014-09-22,,UHS,eodhd_adjusted_derived,"{""CIK"": ""0000352915"", ""CUSIP"": ""913903100"", ""ISIN"": ""US9139031002"", ""LEI"": ""549300YGMGQDO0NMJD09"", ""OpenFigi"": ""BBG000CB8Q50""}",validated POC3 identity and dated symbol-change evidence,HIGH
56cb79ee-da04-506e-aeea-1768ffa4e3b2,ULTA,2016-04-18,,ULTA,eodhd_adjusted_derived,"{""CIK"": ""0001403568"", ""CUSIP"": ""90384S303"", ""ISIN"": ""US90384S3031"", ""LEI"": ""529900CIV6HN8M28YM82"", ""OpenFigi"": ""BBG00FWQ4VD6""}",validated POC3 identity and dated symbol-change evidence,HIGH
ff6b5b3c-db4d-523c-81b4-2b09182057a5,UNH,1994-07-01,,UNH,eodhd_adjusted_derived,"{""CIK"": ""0000731766"", ""CUSIP"": ""910581107"", ""ISIN"": ""US91324P1021"", ""LEI"": ""549300GHBMY8T5GXDE41"", ""OpenFigi"": ""BBG000CH5208""}",validated POC3 identity and dated symbol-change evidence,HIGH
5513fff7-ac28-5033-bbff-c860486e0a5c,UNP,1957-03-04,,UNP,eodhd_adjusted_derived,"{""CIK"": ""0000100885"", ""CUSIP"": ""907818108"", ""ISIN"": ""US9078181081"", ""LEI"": ""549300LMMRSZZCZ8CL11"", ""OpenFigi"": ""BBG000BW3299""}",validated POC3 identity and dated symbol-change evidence,HIGH
40e32d56-4f81-598e-8f80-bcd62e61b7ba,UPS,2002-07-22,,UPS,eodhd_adjusted_derived,"{""CIK"": ""0001090727"", ""CUSIP"": ""911312106"", ""ISIN"": ""US9113121068"", ""LEI"": ""D01LMJZU09ULLNCY6Z23"", ""OpenFigi"": ""BBG000L9CV04""}",validated POC3 identity and dated symbol-change evidence,HIGH
eef7248b-fef1-50c0-acbb-7b84a7c46ace,URI,2014-09-22,,URI,eodhd_adjusted_derived,"{""CIK"": ""0001067701"", ""CUSIP"": ""911363109"", ""ISIN"": ""US9113631090"", ""LEI"": ""5323X5O7RN0NKFCDRY08"", ""OpenFigi"": ""BBG000BXMFC3""}",validated POC3 identity and dated symbol-change evidence,HIGH
6f20ee11-7773-56ba-8db9-24aa920b30ff,USB,1999-11-01,,USB,eodhd_adjusted_derived,"{""CIK"": ""0000036104"", ""CUSIP"": ""319279501"", ""ISIN"": ""US9029733048"", ""LEI"": ""N1GZ7BBF3NP8GI976H15"", ""OpenFigi"": ""BBG000FFDM15""}",validated POC3 identity and dated symbol-change evidence,HIGH
fd6a7c3d-16ff-5e7f-bab1-b69e8408ff16,V,2009-12-18,,V,eodhd_adjusted_derived,"{""CIK"": ""0001403161"", ""CUSIP"": ""92826C839"", ""ISIN"": ""US92826C8394"", ""LEI"": ""549300JZ4OKEHW3DPJ59"", ""OpenFigi"": ""BBG000PSKYX7""}",validated POC3 identity and dated symbol-change evidence,HIGH
056bb4af-75d7-5ef2-9ab8-d37a0c1387c5,VEEV,2026-05-07,,VEEV,eodhd_adjusted_derived,"{""CIK"": ""0001393052"", ""CUSIP"": ""922475108"", ""ISIN"": ""US9224751084"", ""LEI"": ""549300YZEXPDB92M2F02"", ""OpenFigi"": ""BBG001CGB489""}",validated POC3 identity and dated symbol-change evidence,HIGH
4b6cbf73-92f2-5e67-82f8-dfecb372d248,VFC,1979-06-30,2024-04-03,VFC,eodhd_adjusted_derived,"{""CIK"": ""0000103379"", ""CUSIP"": ""918204108"", ""ISIN"": ""US9182041080"", ""LEI"": ""CWAJJ9DJ5Z7P057HV541"", ""OpenFigi"": ""BBG000BWCKB6""}",validated POC3 identity and dated symbol-change evidence,HIGH
197b27bb-2700-5f70-9a1a-17e883956582,VGNT,2026-04-01,2026-04-02,VGNT,eodhd_adjusted_derived,"{""ISIN"": ""JE00BWK75100"", ""OpenFigi"": ""BBG01SLWMYD0""}",validated POC3 identity and dated symbol-change evidence,HIGH
4c6f308f-8f6b-5d86-86a7-5880c61c71d6,VICI,2022-06-08,,VICI,eodhd_adjusted_derived,"{""CIK"": ""0001705696"", ""CUSIP"": ""925652109"", ""ISIN"": ""US9256521090"", ""LEI"": ""254900RKH6RY9KCJQH63"", ""OpenFigi"": ""BBG00HVVB499""}",validated POC3 identity and dated symbol-change evidence,HIGH
ba8f6cdf-01b7-52ea-b7c7-d00dc76d8ccf,VLO,2002-12-20,,VLO,eodhd_adjusted_derived,"{""CIK"": ""0001035002"", ""CUSIP"": ""91913Y100"", ""ISIN"": ""US91913Y1001"", ""LEI"": ""549300XTO5VR8SKV1V74"", ""OpenFigi"": ""BBG000BBGGQ1""}",validated POC3 identity and dated symbol-change evidence,HIGH
e1f29ae5-f200-5389-a583-d291d1f1e16c,VLTO,2023-10-02,,VLTO,eodhd_adjusted_derived,"{""CIK"": ""0001967680"", ""CUSIP"": ""92338C103"", ""ISIN"": ""US92338C1036"", ""OpenFigi"": ""BBG019Q32XJ9""}",validated POC3 identity and dated symbol-change evidence,HIGH
877793c0-a728-52fa-8daa-7a3d46c8cebf,VMC,1999-06-30,,VMC,eodhd_adjusted_derived,"{""CIK"": ""0001396009"", ""CUSIP"": ""929160109"", ""ISIN"": ""US9291601097"", ""LEI"": ""549300Q8LSNHAVWBNI21"", ""OpenFigi"": ""BBG000BWGYF8""}",validated POC3 identity and dated symbol-change evidence,HIGH
f1d1017f-ee00-54d7-976a-9f446a3814f0,EQR,2001-12-03,2026-08-18,VMRK,eodhd_adjusted_derived,"{""ISIN"": ""US29476L1070"", ""LEI"": ""5493008RACSH5EP3PI59"", ""OpenFigi"": ""BBG000BG8M31""}",EODHD symbol-change-history: EQR->VMRK effective 2026-08-18,HIGH
f1d1017f-ee00-54d7-976a-9f446a3814f0,VMRK,2026-08-18,,VMRK,eodhd_adjusted_derived,"{""ISIN"": ""US29476L1070"", ""LEI"": ""5493008RACSH5EP3PI59"", ""OpenFigi"": ""BBG000BG8M31""}",validated POC3 identity and dated symbol-change evidence,HIGH
a3469fd6-eba8-5f29-9604-77630017d7c6,VNO,2012-04-01,2023-01-05,VNO,eodhd_adjusted_derived,"{""CIK"": ""0000899689"", ""CUSIP"": ""929042703"", ""ISIN"": ""US9290421091"", ""OpenFigi"": ""BBG000BWHD54""}",validated POC3 identity and dated symbol-change evidence,HIGH
b4ff8210-e537-56a6-9932-49078624c374,VRSK,2015-10-08,,VRSK,eodhd_adjusted_derived,"{""CIK"": ""0001442145"", ""CUSIP"": ""92345Y106"", ""ISIN"": ""US92345Y1064"", ""LEI"": ""549300I1YSWNIRKBWP67"", ""OpenFigi"": ""BBG000BCZL41""}",validated POC3 identity and dated symbol-change evidence,HIGH
cf89ee2a-739d-51d8-85f4-59db26f0625e,VRSN,2006-02-01,,VRSN,eodhd_adjusted_derived,"{""CIK"": ""0001014473"", ""CUSIP"": ""92343E102"", ""ISIN"": ""US92343E1029"", ""LEI"": ""LMPL4N8ZOJRMF0KOF759"", ""OpenFigi"": ""BBG000BGKHZ3""}",validated POC3 identity and dated symbol-change evidence,HIGH
49e2f7c6-355b-5dd4-9981-905dff6ea59c,VRT,2026-03-23,,VRT,eodhd_adjusted_derived,"{""CIK"": ""0001674101"", ""CUSIP"": ""36255F201"", ""ISIN"": ""US92537N1081"", ""LEI"": ""549300KTTIRAOGXCRV69"", ""OpenFigi"": ""BBG00L2B8KW8""}",validated POC3 identity and dated symbol-change evidence,HIGH
7c21e303-bced-554f-9f16-8b674a93c611,VRTX,2013-09-23,,VRTX,eodhd_adjusted_derived,"{""CIK"": ""0000875320"", ""CUSIP"": ""92532F100"", ""ISIN"": ""US92532F1003"", ""LEI"": ""54930015RAQRRZ5ZGJ91"", ""OpenFigi"": ""BBG000C1S2X2""}",validated POC3 identity and dated symbol-change evidence,HIGH
9852cfda-78da-515f-bcda-6652a57bfd55,VSNT,2026-01-05,2026-01-06,VSNT,eodhd_adjusted_derived,"{""CIK"": ""0002067876"", ""CUSIP"": ""925283103"", ""ISIN"": ""US9252831030"", ""OpenFigi"": ""BBG01Y0M8K11""}",validated POC3 identity and dated symbol-change evidence,HIGH
28b99525-8f98-5344-8959-af6ca8653be4,VST,2024-05-08,,VST,eodhd_adjusted_derived,"{""CIK"": ""0001692819"", ""CUSIP"": ""92840M102"", ""ISIN"": ""US92840M1027"", ""LEI"": ""549300KP43CPCUJOOG15"", ""OpenFigi"": ""BBG00DXDL6Q1""}",validated POC3 identity and dated symbol-change evidence,HIGH
b91df77c-4ee9-573a-b617-ea81130ecc69,VTR,2009-03-03,,VTR,eodhd_adjusted_derived,"{""CIK"": ""0000740260"", ""CUSIP"": ""922602107"", ""ISIN"": ""US92276F1003"", ""LEI"": ""ORQTRC074CWLT3DKHT41"", ""OpenFigi"": ""BBG000FRVHB9""}",validated POC3 identity and dated symbol-change evidence,HIGH
43a93ceb-c183-5276-ba96-b0259520adf8,VTRS,2004-04-23,,VTRS,eodhd_adjusted_derived,"{""CIK"": ""0001792044"", ""CUSIP"": ""92556V106"", ""ISIN"": ""US92556V1061"", ""LEI"": ""254900ZZTSW7NL773X71"", ""OpenFigi"": ""BBG00Y4RQNH4""}",validated POC3 identity and dated symbol-change evidence,HIGH
0b9d91db-992d-5220-a4f8-267fd5ef1365,VZ,1983-11-30,,VZ,eodhd_adjusted_derived,"{""CIK"": ""0000732712"", ""CUSIP"": ""077853109"", ""ISIN"": ""US92343V1044"", ""LEI"": ""2S72QS2UO2OESLG6Y829"", ""OpenFigi"": ""BBG000HS77T5""}",validated POC3 identity and dated symbol-change evidence,HIGH
c88162ac-6d21-550b-908d-759e7af5b815,WAB,2012-04-01,,WAB,eodhd_adjusted_derived,"{""CIK"": ""0000943452"", ""CUSIP"": ""960386100"", ""ISIN"": ""US9297401088"", ""LEI"": ""06BTX5UWZD0GQ5N5Y745"", ""OpenFigi"": ""BBG000BDD940""}",validated POC3 identity and dated symbol-change evidence,HIGH
80dacd27-e83f-56fd-9495-2b332f846332,WAT,2002-01-02,,WAT,eodhd_adjusted_derived,"{""CIK"": ""0001000697"", ""CUSIP"": ""941848103"", ""ISIN"": ""US9418481035"", ""LEI"": ""5T547R1474YC9HOD8Q74"", ""OpenFigi"": ""BBG000FQRVM3""}",validated POC3 identity and dated symbol-change evidence,HIGH
18726de7-5f34-5d86-a886-dcfc331b0c36,WBA,1979-12-31,2025-08-28,WBA,eodhd_adjusted_derived,"{""CIK"": ""0001618921"", ""CUSIP"": ""931422109"", ""ISIN"": ""US9314271084"", ""LEI"": ""549300RPTUOIXG4LIH86"", ""OpenFigi"": ""BBG000BWLMJ4""}",validated POC3 identity and dated symbol-change evidence,HIGH
17f8ef24-87e1-5ad4-8933-c4fdcc1e29a4,WBD,2014-08-07,,WBD,eodhd_adjusted_derived,"{""CIK"": ""0001437107"", ""CUSIP"": ""934423104"", ""ISIN"": ""US9344231041"", ""LEI"": ""5493006ZCRFWKF6B1K26"", ""OpenFigi"": ""BBG011386VF4""}",validated POC3 identity and dated symbol-change evidence,HIGH
b781ab6e-5254-58d9-89e5-1102522ce345,WDAY,2024-12-23,,WDAY,eodhd_adjusted_derived,"{""CIK"": ""0001327811"", ""CUSIP"": ""98138H101"", ""ISIN"": ""US98138H1014"", ""LEI"": ""549300J0DYC0N31V7G13"", ""OpenFigi"": ""BBG000VC0T95""}",validated POC3 identity and dated symbol-change evidence,HIGH
d1e56104-3d99-518e-88ce-a9be6b90213f,WDC,2009-07-01,,WDC,eodhd_adjusted_derived,"{""CIK"": ""0000106040"", ""CUSIP"": ""958102105"", ""ISIN"": ""US9581021055"", ""LEI"": ""549300QQXOOYEF89IC56"", ""OpenFigi"": ""BBG000BWNFZ9""}",validated POC3 identity and dated symbol-change evidence,HIGH
5ce6e915-2f9c-516d-bd9f-6406990c2c0a,WEC,2008-10-31,,WEC,eodhd_adjusted_derived,"{""CIK"": ""0000783325"", ""CUSIP"": ""92939U106"", ""ISIN"": ""US92939U1060"", ""LEI"": ""549300IGLYTZUK3PVP70"", ""OpenFigi"": ""BBG000BWP7D9""}",validated POC3 identity and dated symbol-change evidence,HIGH
9389d32c-e8fd-570c-b6f2-da80de5fe809,WELL,2009-01-30,,WELL,eodhd_adjusted_derived,"{""CIK"": ""0000766704"", ""CUSIP"": ""42217K106"", ""ISIN"": ""US95040Q1040"", ""LEI"": ""T6IZ0MBEG5ACZDTR7D06"", ""OpenFigi"": ""BBG000BKY1G5""}",validated POC3 identity and dated symbol-change evidence,HIGH
6beae94d-7c84-5d8e-9ac5-d1b0f31c1f79,WFC,1976-06-30,,WFC,eodhd_adjusted_derived,"{""CIK"": ""0000072971"", ""CUSIP"": ""668231103"", ""ISIN"": ""US9497461015"", ""LEI"": ""PBLD0EJDB5FWOLXP3B76"", ""OpenFigi"": ""BBG000BWQFY7""}",validated POC3 identity and dated symbol-change evidence,HIGH
62f7b683-ee8a-5cc7-bafc-d209cd7ad358,WHR,1958-03-31,2024-03-18,WHR,eodhd_adjusted_derived,"{""CIK"": ""0000106640"", ""CUSIP"": ""963320106"", ""ISIN"": ""US9633201069"", ""LEI"": ""WHENKOULSSK7WUM60H03"", ""OpenFigi"": ""BBG000BWSV34""}",validated POC3 identity and dated symbol-change evidence,HIGH
c5f92331-70b9-57b7-adeb-045c6b3ecc66,WM,1998-08-31,,WM,eodhd_adjusted_derived,"{""CIK"": ""0000823768"", ""CUSIP"": ""902917103"", ""ISIN"": ""US94106L1098"", ""LEI"": ""549300YX8JIID70NFS41"", ""OpenFigi"": ""BBG000BWVSR1""}",validated POC3 identity and dated symbol-change evidence,HIGH
505a959e-b5a7-5df4-b7f8-cb964b30a74b,WMB,1975-03-31,,WMB,eodhd_adjusted_derived,"{""CIK"": ""0000107263"", ""CUSIP"": ""969457142"", ""ISIN"": ""US9694571004"", ""LEI"": ""D71FAKCBLFS2O0RBPG08"", ""OpenFigi"": ""BBG000BWVCP8""}",validated POC3 identity and dated symbol-change evidence,HIGH
b9727d93-48d8-5a44-8733-c629a975efb4,WMT,1982-08-31,,WMT,eodhd_adjusted_derived,"{""CIK"": ""0000104169"", ""CUSIP"": ""931142103"", ""ISIN"": ""US9311421039"", ""LEI"": ""Y87794H0US1R65VBXU25"", ""OpenFigi"": ""BBG000BWXBC2""}",validated POC3 identity and dated symbol-change evidence,HIGH
76d5da8d-cdec-501b-84f5-2d7d198c202b,WRB,2019-12-05,,WRB,eodhd_adjusted_derived,"{""CIK"": ""0000011544"", ""CUSIP"": ""084423102"", ""ISIN"": ""US0844231029"", ""LEI"": ""SQOAGCLKBDWNVYV1OV80"", ""OpenFigi"": ""BBG000BD1HP2""}",validated POC3 identity and dated symbol-change evidence,HIGH
459c3c6e-3996-5291-9eb1-e4937b344146,WRK,2015-07-02,2024-07-08,WRK,eodhd_adjusted_derived,"{""CIK"": ""0001732845"", ""CUSIP"": ""96145D105"", ""ISIN"": ""US96145D1054"", ""LEI"": ""549300JEB576INN13W07"", ""OpenFigi"": ""BBG008NXC572""}",validated POC3 identity and dated symbol-change evidence,HIGH
22ceeaee-3296-5d29-aa66-cbfac1008de8,WSM,2025-03-24,,WSM,eodhd_adjusted_derived,"{""CIK"": ""0000719955"", ""CUSIP"": ""969904101"", ""ISIN"": ""US9699041011"", ""OpenFigi"": ""BBG000FSMWC3""}",validated POC3 identity and dated symbol-change evidence,HIGH
f9e5a38d-c947-5ea8-a5c2-fe93883d4761,WST,2020-05-22,,WST,eodhd_adjusted_derived,"{""CIK"": ""0000105770"", ""CUSIP"": ""953348109"", ""ISIN"": ""US9553061055"", ""LEI"": ""5493007NKRGM1RJQ1P16"", ""OpenFigi"": ""BBG000BX24N8""}",validated POC3 identity and dated symbol-change evidence,HIGH
978826fa-e8e8-595e-8cfb-dd132a4647b6,WTW,2016-01-05,,WTW,eodhd_adjusted_derived,"{""CIK"": ""0001140536"", ""CUSIP"": ""G96666105"", ""ISIN"": ""IE00BDB6Q211"", ""LEI"": ""549300WHC56FF48KL350"", ""OpenFigi"": ""BBG000DB3KT1""}",validated POC3 identity and dated symbol-change evidence,HIGH
2419b908-64b4-5bbe-b80e-b8f96a02aa4a,WU,2012-04-01,2021-12-20,WU,eodhd_adjusted_derived,"{""CIK"": ""0001365135"", ""CUSIP"": ""959802109"", ""ISIN"": ""US9598021098"", ""LEI"": ""28ID94QU1140NC23S047"", ""OpenFigi"": ""BBG000BB5373""}",validated POC3 identity and dated symbol-change evidence,HIGH
2b690144-1e17-5d40-9434-b7eb832d3f3e,WY,1979-10-01,,WY,eodhd_adjusted_derived,"{""CIK"": ""0000106535"", ""CUSIP"": ""962166104"", ""ISIN"": ""US9621661043"", ""LEI"": ""08IRJODWFYBI7QWRGS31"", ""OpenFigi"": ""BBG000BX3BL3""}",validated POC3 identity and dated symbol-change evidence,HIGH
b7252157-901d-51bf-af94-070ccd159dc6,WYNN,2008-11-14,,WYNN,eodhd_adjusted_derived,"{""CIK"": ""0001174922"", ""CUSIP"": ""983134107"", ""ISIN"": ""US9831341071"", ""LEI"": ""254900CEKKWIHTEAB172"", ""OpenFigi"": ""BBG000LD9JQ8""}",validated POC3 identity and dated symbol-change evidence,HIGH
10a36dbb-6568-563d-949a-36039b32cc9a,XEL,1957-03-04,,XEL,eodhd_adjusted_derived,"{""CIK"": ""0000072903"", ""CUSIP"": ""98389B308"", ""ISIN"": ""US98389B1008"", ""LEI"": ""LGJNMI9GH8XIDG5RCM61"", ""OpenFigi"": ""BBG000BCTQ65""}",validated POC3 identity and dated symbol-change evidence,HIGH
c0462268-8cfb-59b5-b5f2-868de5d3ab78,XLNX,2012-04-01,2022-02-15,XLNX,eodhd_adjusted_derived,"{""CIK"": ""0000743988"", ""CUSIP"": ""983919101"", ""ISIN"": ""US9839191015"", ""LEI"": ""6EY4K7ZMF9UX1CU6KC79""}",validated POC3 identity and dated symbol-change evidence,HIGH
46a7e415-d54e-509e-9b4e-20813e18f47b,XOM,1957-03-04,,XOM,eodhd_adjusted_derived,"{""CIK"": ""0000034088"", ""CUSIP"": ""302290101"", ""ISIN"": ""US30233Q1085"", ""OpenFigi"": ""BBG000GZQ728""}",validated POC3 identity and dated symbol-change evidence,HIGH
a4cf9e1e-0079-5abb-a3f8-21eec425d956,XRAY,2008-11-14,2024-04-03,XRAY,eodhd_adjusted_derived,"{""CIK"": ""0000818479"", ""CUSIP"": ""24906P109"", ""ISIN"": ""US24906P1093"", ""LEI"": ""9NHEHR1SOZCYXDO8HO28"", ""OpenFigi"": ""BBG000BX57K1""}",validated POC3 identity and dated symbol-change evidence,HIGH
41fe7c0b-c984-5f09-859c-8b83961f6b2e,XYL,2011-10-31,,XYL,eodhd_adjusted_derived,"{""CIK"": ""0001524472"", ""CUSIP"": ""98419M100"", ""ISIN"": ""US98419M1009"", ""LEI"": ""549300DF5MV96DRYLQ48"", ""OpenFigi"": ""BBG001D8R5D0""}",validated POC3 identity and dated symbol-change evidence,HIGH
75c55cb7-9402-5e52-b7f8-f44aa5bc9d68,XYZ,2025-07-23,,XYZ,eodhd_adjusted_derived,"{""CIK"": ""0001512673"", ""CUSIP"": ""852234103"", ""ISIN"": ""US8522341036"", ""LEI"": ""549300OHIIUWSTIZME52"", ""OpenFigi"": ""BBG0018SLC07""}",validated POC3 identity and dated symbol-change evidence,HIGH
e27ceb4b-1582-56d8-bad8-62986ec832a8,YUM,1997-10-06,,YUM,eodhd_adjusted_derived,"{""CIK"": ""0001041061"", ""CUSIP"": ""895953107"", ""ISIN"": ""US9884981013"", ""LEI"": ""549300JE8XHZZ7OHN517"", ""OpenFigi"": ""BBG000BH3GZ2""}",validated POC3 identity and dated symbol-change evidence,HIGH
b15fe26a-6bcf-58ce-9f7d-7bbe7f51a109,ZBH,2001-08-07,,ZBH,eodhd_adjusted_derived,"{""CIK"": ""0001136869"", ""CUSIP"": ""98956P102"", ""ISIN"": ""US98956P1021"", ""LEI"": ""2P2YLDVPES3BXQ1FRB91"", ""OpenFigi"": ""BBG000BKPL53""}",validated POC3 identity and dated symbol-change evidence,HIGH
3bac31ac-cc5c-538b-8c44-541cd08cccbd,ZBRA,2019-12-23,,ZBRA,eodhd_adjusted_derived,"{""CIK"": ""0000877212"", ""CUSIP"": ""989207105"", ""ISIN"": ""US9892071054"", ""LEI"": ""PO0I32GKZ3HZMMDPZZ08"", ""OpenFigi"": ""BBG000CC7LQ7""}",validated POC3 identity and dated symbol-change evidence,HIGH
b5a5f2ce-8884-5bbf-86ba-c8d3d06c76c9,ZIMV,2022-03-01,2022-03-02,ZIMV,eodhd_adjusted_derived,"{""CIK"": ""0001876588"", ""CUSIP"": ""98888T107"", ""ISIN"": ""US98888T1079"", ""LEI"": ""549300GFKURT1J6XR665"", ""OpenFigi"": ""BBG014630587""}",validated POC3 identity and dated symbol-change evidence,HIGH
0667e4c4-11ef-5825-a0fa-4362402e0b51,ZION,2001-06-22,2024-03-18,ZION,eodhd_adjusted_derived,"{""CIK"": ""0000109380"", ""CUSIP"": ""989701503"", ""ISIN"": ""US9897011071"", ""LEI"": ""8WH0EE09O9V05QJZ3V89"", ""OpenFigi"": ""BBG000BX9WL1""}",validated POC3 identity and dated symbol-change evidence,HIGH
34051c59-fd01-58fe-97ec-43bbbfb2167c,ZTS,2013-06-24,,ZTS,eodhd_adjusted_derived,"{""CIK"": ""0001555280"", ""CUSIP"": ""98978V103"", ""ISIN"": ""US98978V1035"", ""LEI"": ""549300HD9Q1LOC9KLJ48"", ""OpenFigi"": ""BBG0039320N9""}",validated POC3 identity and dated symbol-change evidence,HIGH
