historical_ticker,security_id,valid_from,valid_to,company_security_name,figi,isin,cik,provider_symbol,source,source_confidence,provenance,resolution_status,resolution_reason
A,070c5d12-708c-5c60-a932-3a1237d113ab,2000-06-05,,Agilent Technologies Inc,BBG000C2V3D6,US00846U1016,0001090872,A,EODHD HistoricalTickerComponents / POC3 validated,HIGH,"{""dataset"": ""EODHD POC3 validated security master"", ""exception"": null, ""identifiers"": {""CIK"": ""0001090872"", ""CUSIP"": ""00846U101"", ""ISIN"": ""US00846U1016"", ""LEI"": ""QUIX8Y7A2WP0XRMW7G29"", ""OpenFigi"": ""BBG000C2V3D6""}, ""identity_correction"": null, ""identity_evidence"": [""current directory ticker and name compatible""], ""membership_source"": ""HistoricalTickerComponents"", ""provider_symbol"": ""A"", ""source_security_id"": ""070c5d12-708c-5c60-a932-3a1237d113ab"", ""symbol_changes"": []}",RESOLVED,stable identifiers and provider identity preserved by validated POC3 security master
AAL,868f358c-3ca5-5b62-91ac-b73a2e96ba4a,2015-03-23,2024-09-23,American Airlines Group,BBG005P7Q881,US02376R1023,0000006201,AAL,EODHD HistoricalTickerComponents / POC3 validated,HIGH,"{""dataset"": ""EODHD POC3 validated security master"", ""exception"": null, ""identifiers"": {""CIK"": ""0000006201"", ""CUSIP"": ""001765106"", ""ISIN"": ""US02376R1023"", ""LEI"": ""IWUQB36BXD6OWD6X4T14"", ""OpenFigi"": ""BBG005P7Q881""}, ""identity_correction"": null, ""identity_evidence"": [""no exact safe current/delisted instrument mapping"", ""exact ticker used as candidate pending fundamentals validation""], ""membership_source"": ""HistoricalTickerComponents"", ""provider_symbol"": ""AAL"", ""source_security_id"": ""868f358c-3ca5-5b62-91ac-b73a2e96ba4a"", ""symbol_changes"": []}",RESOLVED,stable identifiers and provider identity preserved by validated POC3 security master
AAP,349ba079-3155-5183-89d8-50867050357c,2015-07-09,2023-08-25,Advance Auto Parts Inc,BBG000F7RCJ1,US00751Y1064,0001158449,AAP,EODHD HistoricalTickerComponents / POC3 validated,HIGH,"{""dataset"": ""EODHD POC3 validated security master"", ""exception"": null, ""identifiers"": {""CIK"": ""0001158449"", ""CUSIP"": ""00751Y106"", ""ISIN"": ""US00751Y1064"", ""LEI"": ""529900UCNQ5H9FSL0Y70"", ""OpenFigi"": ""BBG000F7RCJ1""}, ""identity_correction"": null, ""identity_evidence"": [""no exact safe current/delisted instrument mapping"", ""exact ticker used as candidate pending fundamentals validation""], ""membership_source"": ""HistoricalTickerComponents"", ""provider_symbol"": ""AAP"", ""source_security_id"": ""349ba079-3155-5183-89d8-50867050357c"", ""symbol_changes"": []}",RESOLVED,stable identifiers and provider identity preserved by validated POC3 security master
AAPL,f8661f82-c047-5f2b-b081-cead33a2367c,1982-11-30,,Apple Inc.,BBG000B9XRY4,US0378331005,0000320193,AAPL,EODHD HistoricalTickerComponents / POC3 validated,HIGH,"{""dataset"": ""EODHD POC3 validated security master"", ""exception"": null, ""identifiers"": {""CIK"": ""0000320193"", ""CUSIP"": ""037833100"", ""ISIN"": ""US0378331005"", ""LEI"": ""HWUPKR0MPOU8FGXBT394"", ""OpenFigi"": ""BBG000B9XRY4""}, ""identity_correction"": null, ""identity_evidence"": [""current directory ticker and name compatible""], ""membership_source"": ""HistoricalTickerComponents"", ""provider_symbol"": ""AAPL"", ""source_security_id"": ""f8661f82-c047-5f2b-b081-cead33a2367c"", ""symbol_changes"": []}",RESOLVED,stable identifiers and provider identity preserved by validated POC3 security master
ABBV,4c4ec106-5f0d-5977-952a-399e9ebcea86,2013-01-02,,AbbVie Inc,BBG0025Y4RY4,US00287Y1091,0001551152,ABBV,EODHD HistoricalTickerComponents / POC3 validated,HIGH,"{""dataset"": ""EODHD POC3 validated security master"", ""exception"": null, ""identifiers"": {""CIK"": ""0001551152"", ""CUSIP"": ""00287Y109"", ""ISIN"": ""US00287Y1091"", ""LEI"": ""FR5LCKFTG8054YNNRU85"", ""OpenFigi"": ""BBG0025Y4RY4""}, ""identity_correction"": null, ""identity_evidence"": [""current directory ticker and name compatible""], ""membership_source"": ""HistoricalTickerComponents"", ""provider_symbol"": ""ABBV"", ""source_security_id"": ""4c4ec106-5f0d-5977-952a-399e9ebcea86"", ""symbol_changes"": []}",RESOLVED,stable identifiers and provider identity preserved by validated POC3 security master
ABMD,6edfda44-d5e9-5fcd-8305-49ea5a5dd2c2,2018-05-31,2022-12-22,ABIOMED Inc,,US0036541003,0000815094,ABMD,EODHD HistoricalTickerComponents / POC3 validated,HIGH,"{""dataset"": ""EODHD POC3 validated security master"", ""exception"": null, ""identifiers"": {""CIK"": ""0000815094"", ""CUSIP"": ""003654100"", ""ISIN"": ""US0036541003"", ""LEI"": ""5493001EZN4ZTB4Z5887""}, ""identity_correction"": null, ""identity_evidence"": [""delisted directory ticker and name compatible""], ""membership_source"": ""HistoricalTickerComponents"", ""provider_symbol"": ""ABMD"", ""source_security_id"": ""6edfda44-d5e9-5fcd-8305-49ea5a5dd2c2"", ""symbol_changes"": []}",RESOLVED,stable identifiers and provider identity preserved by validated POC3 security master
ABNB,d8d14254-6447-5dde-acad-1ea4bdb381ad,2023-09-18,,Airbnb Inc,BBG001Y2XS07,US0090661010,0001559720,ABNB,EODHD HistoricalTickerComponents / POC3 validated,HIGH,"{""dataset"": ""EODHD POC3 validated security master"", ""exception"": null, ""identifiers"": {""CIK"": ""0001559720"", ""CUSIP"": ""009066101"", ""ISIN"": ""US0090661010"", ""LEI"": ""549300HMUDNO0RY56D37"", ""OpenFigi"": ""BBG001Y2XS07""}, ""identity_correction"": null, ""identity_evidence"": [""current directory ticker and name compatible""], ""membership_source"": ""HistoricalTickerComponents"", ""provider_symbol"": ""ABNB"", ""source_security_id"": ""d8d14254-6447-5dde-acad-1ea4bdb381ad"", ""symbol_changes"": []}",RESOLVED,stable identifiers and provider identity preserved by validated POC3 security master
ABT,6814e848-c8e4-5d15-a68f-3937bf15606a,1957-03-04,,Abbott Laboratories,BBG000B9ZXB4,US0028241000,0000001800,ABT,EODHD HistoricalTickerComponents / POC3 validated,HIGH,"{""dataset"": ""EODHD POC3 validated security master"", ""exception"": null, ""identifiers"": {""CIK"": ""0000001800"", ""CUSIP"": ""002824100"", ""ISIN"": ""US0028241000"", ""LEI"": ""HQD377W2YR662HK5JX27"", ""OpenFigi"": ""BBG000B9ZXB4""}, ""identity_correction"": null, ""identity_evidence"": [""current directory ticker and name compatible""], ""membership_source"": ""HistoricalTickerComponents"", ""provider_symbol"": ""ABT"", ""source_security_id"": ""6814e848-c8e4-5d15-a68f-3937bf15606a"", ""symbol_changes"": []}",RESOLVED,stable identifiers and provider identity preserved by validated POC3 security master
ACGL,b3f863a9-44a1-52ed-87f1-99e67f07b642,2022-11-01,,Arch Capital Group Ltd.,BBG000HXNN20,BMG0450A1053,0000947484,ACGL,EODHD HistoricalTickerComponents / POC3 validated,HIGH,"{""dataset"": ""EODHD POC3 validated security master"", ""exception"": null, ""identifiers"": {""CIK"": ""0000947484"", ""CUSIP"": ""03937L105"", ""ISIN"": ""BMG0450A1053"", ""LEI"": ""549300AYR4P8AFKDCE43"", ""OpenFigi"": ""BBG000HXNN20""}, ""identity_correction"": null, ""identity_evidence"": [""current directory ticker and name compatible""], ""membership_source"": ""HistoricalTickerComponents"", ""provider_symbol"": ""ACGL"", ""source_security_id"": ""b3f863a9-44a1-52ed-87f1-99e67f07b642"", ""symbol_changes"": []}",RESOLVED,stable identifiers and provider identity preserved by validated POC3 security master
ACN,fa67f7a7-00b9-5ef0-ace3-552a8eb6545c,2011-07-05,,Accenture plc,BBG000D9D830,IE00B4BNMY34,0001467373,ACN,EODHD HistoricalTickerComponents / POC3 validated,HIGH,"{""dataset"": ""EODHD POC3 validated security master"", ""exception"": null, ""identifiers"": {""CIK"": ""0001467373"", ""CUSIP"": ""G1150G111"", ""ISIN"": ""IE00B4BNMY34"", ""LEI"": ""5493006CYHP8X8WKJO28"", ""OpenFigi"": ""BBG000D9D830""}, ""identity_correction"": null, ""identity_evidence"": [""current directory ticker and name compatible""], ""membership_source"": ""HistoricalTickerComponents"", ""provider_symbol"": ""ACN"", ""source_security_id"": ""fa67f7a7-00b9-5ef0-ace3-552a8eb6545c"", ""symbol_changes"": []}",RESOLVED,stable identifiers and provider identity preserved by validated POC3 security master
ADBE,2fc37683-042f-51e5-9c7a-5ef04596fb31,1997-05-05,,Adobe Systems Incorporated,BBG000BB5006,US00724F1012,0000796343,ADBE,EODHD HistoricalTickerComponents / POC3 validated,HIGH,"{""dataset"": ""EODHD POC3 validated security master"", ""exception"": null, ""identifiers"": {""CIK"": ""0000796343"", ""CUSIP"": ""00724F101"", ""ISIN"": ""US00724F1012"", ""LEI"": ""FU4LY2G4933NH2E1CP29"", ""OpenFigi"": ""BBG000BB5006""}, ""identity_correction"": null, ""identity_evidence"": [""current directory ticker and name compatible""], ""membership_source"": ""HistoricalTickerComponents"", ""provider_symbol"": ""ADBE"", ""source_security_id"": ""2fc37683-042f-51e5-9c7a-5ef04596fb31"", ""symbol_changes"": []}",RESOLVED,stable identifiers and provider identity preserved by validated POC3 security master
ADI,fb56d610-266f-58b6-89bb-1a633fcd52f7,1999-10-12,,Analog Devices Inc,BBG000BB6G37,US0326541051,0000006281,ADI,EODHD HistoricalTickerComponents / POC3 validated,HIGH,"{""dataset"": ""EODHD POC3 validated security master"", ""exception"": null, ""identifiers"": {""CIK"": ""0000006281"", ""CUSIP"": ""032654105"", ""ISIN"": ""US0326541051"", ""LEI"": ""GYVOE5EZ4GDAVTU4CQ61"", ""OpenFigi"": ""BBG000BB6G37""}, ""identity_correction"": null, ""identity_evidence"": [""current directory ticker and name compatible""], ""membership_source"": ""HistoricalTickerComponents"", ""provider_symbol"": ""ADI"", ""source_security_id"": ""fb56d610-266f-58b6-89bb-1a633fcd52f7"", ""symbol_changes"": []}",RESOLVED,stable identifiers and provider identity preserved by validated POC3 security master
ADM,c06f8c4e-0852-5fa3-869c-29b690efd77c,1957-03-04,,Archer-Daniels-Midland Company,BBG000BB6WG8,US0394831020,0000007084,ADM,EODHD HistoricalTickerComponents / POC3 validated,HIGH,"{""dataset"": ""EODHD POC3 validated security master"", ""exception"": null, ""identifiers"": {""CIK"": ""0000007084"", ""CUSIP"": ""039483102"", ""ISIN"": ""US0394831020"", ""LEI"": ""549300LO13MQ9HYSTR83"", ""OpenFigi"": ""BBG000BB6WG8""}, ""identity_correction"": null, ""identity_evidence"": [""current directory ticker and name compatible""], ""membership_source"": ""HistoricalTickerComponents"", ""provider_symbol"": ""ADM"", ""source_security_id"": ""c06f8c4e-0852-5fa3-869c-29b690efd77c"", ""symbol_changes"": []}",RESOLVED,stable identifiers and provider identity preserved by validated POC3 security master
ADP,88de6262-2557-5314-b7db-36b0a1cbff5b,1981-03-31,,Automatic Data Processing Inc,BBG000JG0547,US0530151036,0000008670,ADP,EODHD HistoricalTickerComponents / POC3 validated,HIGH,"{""dataset"": ""EODHD POC3 validated security master"", ""exception"": null, ""identifiers"": {""CIK"": ""0000008670"", ""CUSIP"": ""053015103"", ""ISIN"": ""US0530151036"", ""LEI"": ""HGBOLILQXWER4SAL2I23"", ""OpenFigi"": ""BBG000JG0547""}, ""identity_correction"": null, ""identity_evidence"": [""current directory ticker and name compatible""], ""membership_source"": ""HistoricalTickerComponents"", ""provider_symbol"": ""ADP"", ""source_security_id"": ""88de6262-2557-5314-b7db-36b0a1cbff5b"", ""symbol_changes"": []}",RESOLVED,stable identifiers and provider identity preserved by validated POC3 security master
ADSK,63a9db22-f9ad-5458-9c40-181e3d7afea9,1989-12-01,,Autodesk Inc,BBG000BM7HL0,US0527691069,0000769397,ADSK,EODHD HistoricalTickerComponents / POC3 validated,HIGH,"{""dataset"": ""EODHD POC3 validated security master"", ""exception"": null, ""identifiers"": {""CIK"": ""0000769397"", ""CUSIP"": ""052769106"", ""ISIN"": ""US0527691069"", ""LEI"": ""FRKKVKAIQEF3FCSTPG55"", ""OpenFigi"": ""BBG000BM7HL0""}, ""identity_correction"": null, ""identity_evidence"": [""current directory ticker and name compatible""], ""membership_source"": ""HistoricalTickerComponents"", ""provider_symbol"": ""ADSK"", ""source_security_id"": ""63a9db22-f9ad-5458-9c40-181e3d7afea9"", ""symbol_changes"": []}",RESOLVED,stable identifiers and provider identity preserved by validated POC3 security master
AEE,0da32161-2613-5caf-ba52-83bc6c9b3142,1991-09-19,,Ameren Corp,BBG000B9X8C0,US0236081024,0001002910,AEE,EODHD HistoricalTickerComponents / POC3 validated,HIGH,"{""dataset"": ""EODHD POC3 validated security master"", ""exception"": null, ""identifiers"": {""CIK"": ""0001002910"", ""CUSIP"": ""023608102"", ""ISIN"": ""US0236081024"", ""LEI"": ""XRZQ5S7HYJFPHJ78L959"", ""OpenFigi"": ""BBG000B9X8C0""}, ""identity_correction"": null, ""identity_evidence"": [""current directory ticker and name compatible""], ""membership_source"": ""HistoricalTickerComponents"", ""provider_symbol"": ""AEE"", ""source_security_id"": ""0da32161-2613-5caf-ba52-83bc6c9b3142"", ""symbol_changes"": []}",RESOLVED,stable identifiers and provider identity preserved by validated POC3 security master
AEP,2ca60fb1-9fae-589d-a1a2-391a96a0682d,1957-03-04,,American Electric Power Co Inc,BBG000BB9KF2,US0255371017,0000004904,AEP,EODHD HistoricalTickerComponents / POC3 validated,HIGH,"{""dataset"": ""EODHD POC3 validated security master"", ""exception"": null, ""identifiers"": {""CIK"": ""0000004904"", ""CUSIP"": ""025537101"", ""ISIN"": ""US0255371017"", ""LEI"": ""1B4S6S7G0TW5EE83BO58"", ""OpenFigi"": ""BBG000BB9KF2""}, ""identity_correction"": null, ""identity_evidence"": [""current directory ticker and name compatible""], ""membership_source"": ""HistoricalTickerComponents"", ""provider_symbol"": ""AEP"", ""source_security_id"": ""2ca60fb1-9fae-589d-a1a2-391a96a0682d"", ""symbol_changes"": []}",RESOLVED,stable identifiers and provider identity preserved by validated POC3 security master
AES,46ee77df-4689-5c42-87f8-b5fbf73232e5,1998-10-02,,The AES Corporation,BBG000C23KJ3,US00130H1059,0000874761,AES,EODHD HistoricalTickerComponents / POC3 validated,HIGH,"{""dataset"": ""EODHD POC3 validated security master"", ""exception"": null, ""identifiers"": {""CIK"": ""0000874761"", ""CUSIP"": ""00130H105"", ""ISIN"": ""US00130H1059"", ""LEI"": ""2NUNNB7D43COUIRE5295"", ""OpenFigi"": ""BBG000C23KJ3""}, ""identity_correction"": null, ""identity_evidence"": [""current directory ticker and name compatible""], ""membership_source"": ""HistoricalTickerComponents"", ""provider_symbol"": ""AES"", ""source_security_id"": ""46ee77df-4689-5c42-87f8-b5fbf73232e5"", ""symbol_changes"": []}",RESOLVED,stable identifiers and provider identity preserved by validated POC3 security master
AFL,27798bd7-a611-568b-a4b9-bbf2533a41f4,1999-05-28,,Aflac Incorporated,BBG000BBBNC6,US0010551028,0000004977,AFL,EODHD HistoricalTickerComponents / POC3 validated,HIGH,"{""dataset"": ""EODHD POC3 validated security master"", ""exception"": null, ""identifiers"": {""CIK"": ""0000004977"", ""CUSIP"": ""001055102"", ""ISIN"": ""US0010551028"", ""LEI"": ""549300N0B7DOGLXWPP39"", ""OpenFigi"": ""BBG000BBBNC6""}, ""identity_correction"": null, ""identity_evidence"": [""current directory ticker and name compatible""], ""membership_source"": ""HistoricalTickerComponents"", ""provider_symbol"": ""AFL"", ""source_security_id"": ""27798bd7-a611-568b-a4b9-bbf2533a41f4"", ""symbol_changes"": []}",RESOLVED,stable identifiers and provider identity preserved by validated POC3 security master
AIG,1219f9dd-df35-5a25-9916-774fb8dac4b9,1980-03-31,,American International Group Inc,BBG000BBDZG3,US0268747849,0000005272,AIG,EODHD HistoricalTickerComponents / POC3 validated,HIGH,"{""dataset"": ""EODHD POC3 validated security master"", ""exception"": null, ""identifiers"": {""CIK"": ""0000005272"", ""CUSIP"": ""026874107"", ""ISIN"": ""US0268747849"", ""LEI"": ""ODVCVCQG2BP6VHV36M30"", ""OpenFigi"": ""BBG000BBDZG3""}, ""identity_correction"": null, ""identity_evidence"": [""current directory ticker and name compatible""], ""membership_source"": ""HistoricalTickerComponents"", ""provider_symbol"": ""AIG"", ""source_security_id"": ""1219f9dd-df35-5a25-9916-774fb8dac4b9"", ""symbol_changes"": []}",RESOLVED,stable identifiers and provider identity preserved by validated POC3 security master
AIZ,70fca91f-1b5f-59ee-8342-15cf17de0dab,2007-04-10,,"Assurant, Inc.",BBG000BZX1N5,US04621X1081,0001267238,AIZ,EODHD HistoricalTickerComponents / POC3 validated,HIGH,"{""dataset"": ""EODHD POC3 validated security master"", ""exception"": null, ""identifiers"": {""CIK"": ""0001267238"", ""CUSIP"": ""04621X108"", ""ISIN"": ""US04621X1081"", ""LEI"": ""H3F39CAXWQRVWURFXL38"", ""OpenFigi"": ""BBG000BZX1N5""}, ""identity_correction"": null, ""identity_evidence"": [""current directory ticker and name compatible""], ""membership_source"": ""HistoricalTickerComponents"", ""provider_symbol"": ""AIZ"", ""source_security_id"": ""70fca91f-1b5f-59ee-8342-15cf17de0dab"", ""symbol_changes"": []}",RESOLVED,stable identifiers and provider identity preserved by validated POC3 security master
AJG,cfb69a1f-8faf-5e53-8da2-68cf3dfef292,2016-05-31,,Arthur J Gallagher & Co,BBG000BBHXQ3,US3635761097,0000354190,AJG,EODHD HistoricalTickerComponents / POC3 validated,HIGH,"{""dataset"": ""EODHD POC3 validated security master"", ""exception"": null, ""identifiers"": {""CIK"": ""0000354190"", ""CUSIP"": ""363576109"", ""ISIN"": ""US3635761097"", ""LEI"": ""54930049QLLMPART6V29"", ""OpenFigi"": ""BBG000BBHXQ3""}, ""identity_correction"": null, ""identity_evidence"": [""current directory ticker and name compatible""], ""membership_source"": ""HistoricalTickerComponents"", ""provider_symbol"": ""AJG"", ""source_security_id"": ""cfb69a1f-8faf-5e53-8da2-68cf3dfef292"", ""symbol_changes"": []}",RESOLVED,stable identifiers and provider identity preserved by validated POC3 security master
AKAM,cfd8b202-e7e8-5a3c-8628-0910b9ce5f1a,2007-07-12,,Akamai Technologies Inc,BBG000BJQWD2,US00971T1016,0001086222,AKAM,EODHD HistoricalTickerComponents / POC3 validated,HIGH,"{""dataset"": ""EODHD POC3 validated security master"", ""exception"": null, ""identifiers"": {""CIK"": ""0001086222"", ""CUSIP"": ""00971T101"", ""ISIN"": ""US00971T1016"", ""LEI"": ""OC1LZNN2LF5WTJ5RIL89"", ""OpenFigi"": ""BBG000BJQWD2""}, ""identity_correction"": null, ""identity_evidence"": [""current directory ticker and name compatible""], ""membership_source"": ""HistoricalTickerComponents"", ""provider_symbol"": ""AKAM"", ""source_security_id"": ""cfd8b202-e7e8-5a3c-8628-0910b9ce5f1a"", ""symbol_changes"": []}",RESOLVED,stable identifiers and provider identity preserved by validated POC3 security master
ALB,0ddffc5a-ddfc-5799-a874-5138b2fc9df5,2016-07-01,,Albemarle Corp,BBG000BJ26K7,US0126531013,0000915913,ALB,EODHD HistoricalTickerComponents / POC3 validated,HIGH,"{""dataset"": ""EODHD POC3 validated security master"", ""exception"": null, ""identifiers"": {""CIK"": ""0000915913"", ""CUSIP"": ""012653101"", ""ISIN"": ""US0126531013"", ""LEI"": ""HDBLS2Q6GV1LSKQPBS54"", ""OpenFigi"": ""BBG000BJ26K7""}, ""identity_correction"": null, ""identity_evidence"": [""current directory ticker and name compatible""], ""membership_source"": ""HistoricalTickerComponents"", ""provider_symbol"": ""ALB"", ""source_security_id"": ""0ddffc5a-ddfc-5799-a874-5138b2fc9df5"", ""symbol_changes"": []}",RESOLVED,stable identifiers and provider identity preserved by validated POC3 security master
ALGN,ccb61592-c6d2-570a-b52a-bf0407e5e880,2017-06-19,,Align Technology Inc,BBG000BRNLL2,US0162551016,0001097149,ALGN,EODHD HistoricalTickerComponents / POC3 validated,HIGH,"{""dataset"": ""EODHD POC3 validated security master"", ""exception"": null, ""identifiers"": {""CIK"": ""0001097149"", ""CUSIP"": ""016255101"", ""ISIN"": ""US0162551016"", ""LEI"": ""549300N5YSE0U3LCP840"", ""OpenFigi"": ""BBG000BRNLL2""}, ""identity_correction"": null, ""identity_evidence"": [""current directory ticker and name compatible""], ""membership_source"": ""HistoricalTickerComponents"", ""provider_symbol"": ""ALGN"", ""source_security_id"": ""ccb61592-c6d2-570a-b52a-bf0407e5e880"", ""symbol_changes"": []}",RESOLVED,stable identifiers and provider identity preserved by validated POC3 security master
ALK,8693a413-830f-5430-9398-30e0f29c9393,2016-05-13,2023-12-18,Alaska Air Group Inc,BBG000BBL0Y1,US0116591092,0000766421,ALK,EODHD HistoricalTickerComponents / POC3 validated,HIGH,"{""dataset"": ""EODHD POC3 validated security master"", ""exception"": null, ""identifiers"": {""CIK"": ""0000766421"", ""CUSIP"": ""011659109"", ""ISIN"": ""US0116591092"", ""LEI"": ""529900G48RT4KWLC6C27"", ""OpenFigi"": ""BBG000BBL0Y1""}, ""identity_correction"": null, ""identity_evidence"": [""no exact safe current/delisted instrument mapping"", ""exact ticker used as candidate pending fundamentals validation""], ""membership_source"": ""HistoricalTickerComponents"", ""provider_symbol"": ""ALK"", ""source_security_id"": ""8693a413-830f-5430-9398-30e0f29c9393"", ""symbol_changes"": []}",RESOLVED,stable identifiers and provider identity preserved by validated POC3 security master
ALL,904b75c8-805d-59df-87f6-8dee21037c33,1995-07-13,,The Allstate Corporation,BBG000BVMGF2,US0200021014,0000899051,ALL,EODHD HistoricalTickerComponents / POC3 validated,HIGH,"{""dataset"": ""EODHD POC3 validated security master"", ""exception"": null, ""identifiers"": {""CIK"": ""0000899051"", ""CUSIP"": ""020002101"", ""ISIN"": ""US0200021014"", ""LEI"": ""OBT0W1ED8G0NWVOLOJ77"", ""OpenFigi"": ""BBG000BVMGF2""}, ""identity_correction"": null, ""identity_evidence"": [""current directory ticker and name compatible""], ""membership_source"": ""HistoricalTickerComponents"", ""provider_symbol"": ""ALL"", ""source_security_id"": ""904b75c8-805d-59df-87f6-8dee21037c33"", ""symbol_changes"": []}",RESOLVED,stable identifiers and provider identity preserved by validated POC3 security master
ALLE,63d5ad4d-9ad1-5bd3-8efa-233b8c3a3717,2013-12-02,,Allegion PLC,BBG003PS7JV1,IE00BFRT3W74,0001579241,ALLE,EODHD HistoricalTickerComponents / POC3 validated,HIGH,"{""dataset"": ""EODHD POC3 validated security master"", ""exception"": null, ""identifiers"": {""CIK"": ""0001579241"", ""CUSIP"": ""G0176J109"", ""ISIN"": ""IE00BFRT3W74"", ""LEI"": ""984500560CAC2E6FB757"", ""OpenFigi"": ""BBG003PS7JV1""}, ""identity_correction"": null, ""identity_evidence"": [""current directory ticker and name compatible""], ""membership_source"": ""HistoricalTickerComponents"", ""provider_symbol"": ""ALLE"", ""source_security_id"": ""63d5ad4d-9ad1-5bd3-8efa-233b8c3a3717"", ""symbol_changes"": []}",RESOLVED,stable identifiers and provider identity preserved by validated POC3 security master
AMAT,5870a14b-8312-582d-a2ef-d6e91a17214e,1995-03-16,,Applied Materials Inc,BBG000BBPFB9,US0382221051,0000006951,AMAT,EODHD HistoricalTickerComponents / POC3 validated,HIGH,"{""dataset"": ""EODHD POC3 validated security master"", ""exception"": null, ""identifiers"": {""CIK"": ""0000006951"", ""CUSIP"": ""038222105"", ""ISIN"": ""US0382221051"", ""LEI"": ""41BNNE1AFPNAZELZ6K07"", ""OpenFigi"": ""BBG000BBPFB9""}, ""identity_correction"": null, ""identity_evidence"": [""current directory ticker and name compatible""], ""membership_source"": ""HistoricalTickerComponents"", ""provider_symbol"": ""AMAT"", ""source_security_id"": ""5870a14b-8312-582d-a2ef-d6e91a17214e"", ""symbol_changes"": []}",RESOLVED,stable identifiers and provider identity preserved by validated POC3 security master
AMCR,0b3483ae-d3cf-5762-a976-0a1c9e481236,2019-06-07,,Amcor PLC,BBG00LNJRQ09,JE00BV7DQ550,0001748790,AMCR,EODHD HistoricalTickerComponents / POC3 validated,HIGH,"{""dataset"": ""EODHD POC3 validated security master"", ""exception"": null, ""identifiers"": {""CIK"": ""0001748790"", ""CUSIP"": ""G0250X107"", ""ISIN"": ""JE00BV7DQ550"", ""OpenFigi"": ""BBG00LNJRQ09""}, ""identity_correction"": null, ""identity_evidence"": [""current directory ticker and name compatible""], ""membership_source"": ""HistoricalTickerComponents"", ""provider_symbol"": ""AMCR"", ""source_security_id"": ""0b3483ae-d3cf-5762-a976-0a1c9e481236"", ""symbol_changes"": []}",RESOLVED,stable identifiers and provider identity preserved by validated POC3 security master
AMD,00de690b-ae35-5acf-900e-ad635f307634,2017-03-20,,Advanced Micro Devices Inc,BBG000BBQCY0,US0079031078,0000002488,AMD,EODHD HistoricalTickerComponents / POC3 validated,HIGH,"{""dataset"": ""EODHD POC3 validated security master"", ""exception"": null, ""identifiers"": {""CIK"": ""0000002488"", ""CUSIP"": ""007903107"", ""ISIN"": ""US0079031078"", ""LEI"": ""R2I72C950HOYXII45366"", ""OpenFigi"": ""BBG000BBQCY0""}, ""identity_correction"": null, ""identity_evidence"": [""current directory ticker and name compatible""], ""membership_source"": ""HistoricalTickerComponents"", ""provider_symbol"": ""AMD"", ""source_security_id"": ""00de690b-ae35-5acf-900e-ad635f307634"", ""symbol_changes"": []}",RESOLVED,stable identifiers and provider identity preserved by validated POC3 security master
AME,d3544f08-a706-5f96-8024-a352e08e473b,2013-09-23,,Ametek Inc,BBG000B9XG87,US0311001004,0001037868,AME,EODHD HistoricalTickerComponents / POC3 validated,HIGH,"{""dataset"": ""EODHD POC3 validated security master"", ""exception"": null, ""identifiers"": {""CIK"": ""0001037868"", ""CUSIP"": ""031100100"", ""ISIN"": ""US0311001004"", ""LEI"": ""549300WZDEF9KKE40E98"", ""OpenFigi"": ""BBG000B9XG87""}, ""identity_correction"": null, ""identity_evidence"": [""current directory ticker and name compatible""], ""membership_source"": ""HistoricalTickerComponents"", ""provider_symbol"": ""AME"", ""source_security_id"": ""d3544f08-a706-5f96-8024-a352e08e473b"", ""symbol_changes"": []}",RESOLVED,stable identifiers and provider identity preserved by validated POC3 security master
AMGN,950bb8fc-97a4-54a9-9338-b7b56801a78a,1992-01-02,,Amgen Inc,BBG000BBS2Y0,US0311621009,0000318154,AMGN,EODHD HistoricalTickerComponents / POC3 validated,HIGH,"{""dataset"": ""EODHD POC3 validated security master"", ""exception"": null, ""identifiers"": {""CIK"": ""0000318154"", ""CUSIP"": ""031162100"", ""ISIN"": ""US0311621009"", ""LEI"": ""62QBXGPJ34PQ72Z12S66"", ""OpenFigi"": ""BBG000BBS2Y0""}, ""identity_correction"": null, ""identity_evidence"": [""current directory ticker and name compatible""], ""membership_source"": ""HistoricalTickerComponents"", ""provider_symbol"": ""AMGN"", ""source_security_id"": ""950bb8fc-97a4-54a9-9338-b7b56801a78a"", ""symbol_changes"": []}",RESOLVED,stable identifiers and provider identity preserved by validated POC3 security master
AMP,8d5302a1-f140-5d5a-9049-0cb9a3fb5e23,2005-10-03,,Ameriprise Financial Inc,BBG000G3QLY3,US03076C1062,0000820027,AMP,EODHD HistoricalTickerComponents / POC3 validated,HIGH,"{""dataset"": ""EODHD POC3 validated security master"", ""exception"": null, ""identifiers"": {""CIK"": ""0000820027"", ""CUSIP"": ""03076C106"", ""ISIN"": ""US03076C1062"", ""LEI"": ""6ZLKQF7QB6JAEKQS5388"", ""OpenFigi"": ""BBG000G3QLY3""}, ""identity_correction"": null, ""identity_evidence"": [""current directory ticker and name compatible""], ""membership_source"": ""HistoricalTickerComponents"", ""provider_symbol"": ""AMP"", ""source_security_id"": ""8d5302a1-f140-5d5a-9049-0cb9a3fb5e23"", ""symbol_changes"": []}",RESOLVED,stable identifiers and provider identity preserved by validated POC3 security master
AMT,d4acca36-2949-56e0-b312-2232ee17abc6,2007-11-19,,American Tower Corp,BBG000B9XYV2,US03027X1000,0001053507,AMT,EODHD HistoricalTickerComponents / POC3 validated,HIGH,"{""dataset"": ""EODHD POC3 validated security master"", ""exception"": null, ""identifiers"": {""CIK"": ""0001053507"", ""CUSIP"": ""029912201"", ""ISIN"": ""US03027X1000"", ""LEI"": ""5493006ORUSIL88JOE18"", ""OpenFigi"": ""BBG000B9XYV2""}, ""identity_correction"": null, ""identity_evidence"": [""current directory ticker and name compatible""], ""membership_source"": ""HistoricalTickerComponents"", ""provider_symbol"": ""AMT"", ""source_security_id"": ""d4acca36-2949-56e0-b312-2232ee17abc6"", ""symbol_changes"": []}",RESOLVED,stable identifiers and provider identity preserved by validated POC3 security master
AMTM,3dc8254d-8de3-521a-9552-30ddce4862b0,2024-09-30,2024-12-23,Amentum Holdings Inc.,BBG01NY7B734,US0239391016,0002011286,AMTM,EODHD HistoricalTickerComponents / POC3 validated,HIGH,"{""dataset"": ""EODHD POC3 validated security master"", ""exception"": null, ""identifiers"": {""CIK"": ""0002011286"", ""CUSIP"": ""37938Q101"", ""ISIN"": ""US0239391016"", ""OpenFigi"": ""BBG01NY7B734""}, ""identity_correction"": null, ""identity_evidence"": [""no exact safe current/delisted instrument mapping"", ""exact ticker used as candidate pending fundamentals validation""], ""membership_source"": ""HistoricalTickerComponents"", ""provider_symbol"": ""AMTM"", ""source_security_id"": ""3dc8254d-8de3-521a-9552-30ddce4862b0"", ""symbol_changes"": []}",RESOLVED,stable identifiers and provider identity preserved by validated POC3 security master
AMZN,ef3a1c54-675d-593d-8058-afe02bb198f8,2005-11-18,,Amazon.com Inc,BBG000BVPV84,US0231351067,0001018724,AMZN,EODHD HistoricalTickerComponents / POC3 validated,HIGH,"{""dataset"": ""EODHD POC3 validated security master"", ""exception"": null, ""identifiers"": {""CIK"": ""0001018724"", ""CUSIP"": ""023135106"", ""ISIN"": ""US0231351067"", ""LEI"": ""ZXTILKJKG63JELOEG630"", ""OpenFigi"": ""BBG000BVPV84""}, ""identity_correction"": null, ""identity_evidence"": [""current directory ticker and name compatible""], ""membership_source"": ""HistoricalTickerComponents"", ""provider_symbol"": ""AMZN"", ""source_security_id"": ""ef3a1c54-675d-593d-8058-afe02bb198f8"", ""symbol_changes"": []}",RESOLVED,stable identifiers and provider identity preserved by validated POC3 security master
ANET,83dac899-0f08-5054-9950-e39f53d386c4,2018-08-28,,Arista Networks,BBG000N2HDY5,US0404132054,0001596532,ANET,EODHD HistoricalTickerComponents / POC3 validated,HIGH,"{""dataset"": ""EODHD POC3 validated security master"", ""exception"": null, ""identifiers"": {""CIK"": ""0001596532"", ""CUSIP"": ""040413106"", ""ISIN"": ""US0404132054"", ""OpenFigi"": ""BBG000N2HDY5""}, ""identity_correction"": null, ""identity_evidence"": [""current directory ticker and name compatible""], ""membership_source"": ""HistoricalTickerComponents"", ""provider_symbol"": ""ANET"", ""source_security_id"": ""83dac899-0f08-5054-9950-e39f53d386c4"", ""symbol_changes"": []}",RESOLVED,stable identifiers and provider identity preserved by validated POC3 security master
ANSS,3e7d73ad-80f0-5815-b607-ec62690c8a86,2017-06-19,2025-07-18,ANSYS Inc,BBG000GXZ4W7,US03662Q1058,0001013462,ANSS,EODHD HistoricalTickerComponents / POC3 validated,HIGH,"{""dataset"": ""EODHD POC3 validated security master"", ""exception"": null, ""identifiers"": {""CIK"": ""0001013462"", ""CUSIP"": ""03662Q105"", ""ISIN"": ""US03662Q1058"", ""LEI"": ""549300VJV8H15Z5FJ571"", ""OpenFigi"": ""BBG000GXZ4W7""}, ""identity_correction"": null, ""identity_evidence"": [""delisted directory ticker and name compatible""], ""membership_source"": ""HistoricalTickerComponents"", ""provider_symbol"": ""ANSS"", ""source_security_id"": ""3e7d73ad-80f0-5815-b607-ec62690c8a86"", ""symbol_changes"": []}",RESOLVED,stable identifiers and provider identity preserved by validated POC3 security master
AON,99146eef-95d1-5c76-866e-c72b27c1a8bf,1996-04-23,,Aon PLC,BBG00SSQFPK6,IE00BLP1HW54,0000315293,AON,EODHD HistoricalTickerComponents / POC3 validated,HIGH,"{""dataset"": ""EODHD POC3 validated security master"", ""exception"": null, ""identifiers"": {""CIK"": ""0000315293"", ""CUSIP"": ""G0403H108"", ""ISIN"": ""IE00BLP1HW54"", ""LEI"": ""635400FALWQYX5E6QC64"", ""OpenFigi"": ""BBG00SSQFPK6""}, ""identity_correction"": null, ""identity_evidence"": [""current directory ticker and name compatible""], ""membership_source"": ""HistoricalTickerComponents"", ""provider_symbol"": ""AON"", ""source_security_id"": ""99146eef-95d1-5c76-866e-c72b27c1a8bf"", ""symbol_changes"": []}",RESOLVED,stable identifiers and provider identity preserved by validated POC3 security master
AOS,e7c5fe19-4c51-5ede-a812-fb251949fec0,2017-07-26,,Smith AO Corporation,BBG000BC1L02,US8318652091,0000091142,AOS,EODHD HistoricalTickerComponents / POC3 validated,HIGH,"{""dataset"": ""EODHD POC3 validated security master"", ""exception"": null, ""identifiers"": {""CIK"": ""0000091142"", ""CUSIP"": ""831865100"", ""ISIN"": ""US8318652091"", ""LEI"": ""549300XG4US7UJNECY36"", ""OpenFigi"": ""BBG000BC1L02""}, ""identity_correction"": null, ""identity_evidence"": [""current directory ticker and name compatible""], ""membership_source"": ""HistoricalTickerComponents"", ""provider_symbol"": ""AOS"", ""source_security_id"": ""e7c5fe19-4c51-5ede-a812-fb251949fec0"", ""symbol_changes"": []}",RESOLVED,stable identifiers and provider identity preserved by validated POC3 security master
APA,f9e83dd3-ff0b-526f-9b83-07ce3f3ed8d8,1997-07-28,,APA Corporation,BBG00YTS96G2,US03743Q1085,0000006769,APA,EODHD HistoricalTickerComponents / POC3 validated,HIGH,"{""dataset"": ""EODHD POC3 validated security master"", ""exception"": null, ""identifiers"": {""CIK"": ""0000006769"", ""CUSIP"": ""037411600"", ""ISIN"": ""US03743Q1085"", ""OpenFigi"": ""BBG00YTS96G2""}, ""identity_correction"": null, ""identity_evidence"": [""current directory ticker and name compatible""], ""membership_source"": ""HistoricalTickerComponents"", ""provider_symbol"": ""APA"", ""source_security_id"": ""f9e83dd3-ff0b-526f-9b83-07ce3f3ed8d8"", ""symbol_changes"": []}",RESOLVED,stable identifiers and provider identity preserved by validated POC3 security master
APD,267636cc-ee09-596d-9126-268d9455d71b,1985-04-30,,Air Products and Chemicals Inc,BBG000BC4JJ4,US0091581068,0000002969,APD,EODHD HistoricalTickerComponents / POC3 validated,HIGH,"{""dataset"": ""EODHD POC3 validated security master"", ""exception"": null, ""identifiers"": {""CIK"": ""0000002969"", ""CUSIP"": ""009158403"", ""ISIN"": ""US0091581068"", ""LEI"": ""7QEON6Y1RL5XR3R1W237"", ""OpenFigi"": ""BBG000BC4JJ4""}, ""identity_correction"": null, ""identity_evidence"": [""current directory ticker and name compatible""], ""membership_source"": ""HistoricalTickerComponents"", ""provider_symbol"": ""APD"", ""source_security_id"": ""267636cc-ee09-596d-9126-268d9455d71b"", ""symbol_changes"": []}",RESOLVED,stable identifiers and provider identity preserved by validated POC3 security master
APH,697a2183-1b17-5129-b5fd-903128e006e3,2008-09-30,,Amphenol Corporation,BBG000B9YJ35,US0320951017,0000820313,APH,EODHD HistoricalTickerComponents / POC3 validated,HIGH,"{""dataset"": ""EODHD POC3 validated security master"", ""exception"": null, ""identifiers"": {""CIK"": ""0000820313"", ""CUSIP"": ""032094203"", ""ISIN"": ""US0320951017"", ""LEI"": ""549300D3L3G0R4U4VT04"", ""OpenFigi"": ""BBG000B9YJ35""}, ""identity_correction"": null, ""identity_evidence"": [""current directory ticker and name compatible""], ""membership_source"": ""HistoricalTickerComponents"", ""provider_symbol"": ""APH"", ""source_security_id"": ""697a2183-1b17-5129-b5fd-903128e006e3"", ""symbol_changes"": []}",RESOLVED,stable identifiers and provider identity preserved by validated POC3 security master
APO,627c9e0a-b080-550c-9c1b-51d7627940b9,2024-12-23,,Apollo Global Management LLC Class A,BBG00ZNLTFK3,US03769M1062,0001411494,APO,EODHD HistoricalTickerComponents / POC3 validated,HIGH,"{""dataset"": ""EODHD POC3 validated security master"", ""exception"": null, ""identifiers"": {""CIK"": ""0001411494"", ""CUSIP"": ""03768E105"", ""ISIN"": ""US03769M1062"", ""OpenFigi"": ""BBG00ZNLTFK3""}, ""identity_correction"": null, ""identity_evidence"": [""current directory ticker and name compatible""], ""membership_source"": ""HistoricalTickerComponents"", ""provider_symbol"": ""APO"", ""source_security_id"": ""627c9e0a-b080-550c-9c1b-51d7627940b9"", ""symbol_changes"": []}",RESOLVED,stable identifiers and provider identity preserved by validated POC3 security master
APP,336370e3-298a-534d-a3f8-e33c8edb2fe5,2025-09-22,,Applovin Corp,BBG006HFPX77,US03831W1080,0001751008,APP,EODHD HistoricalTickerComponents / POC3 validated,HIGH,"{""dataset"": ""EODHD POC3 validated security master"", ""exception"": null, ""identifiers"": {""CIK"": ""0001751008"", ""CUSIP"": ""03831W108"", ""ISIN"": ""US03831W1080"", ""LEI"": ""549300LLVXMUAOL3SQ07"", ""OpenFigi"": ""BBG006HFPX77""}, ""identity_correction"": null, ""identity_evidence"": [""current directory ticker and name compatible""], ""membership_source"": ""HistoricalTickerComponents"", ""provider_symbol"": ""APP"", ""source_security_id"": ""336370e3-298a-534d-a3f8-e33c8edb2fe5"", ""symbol_changes"": []}",RESOLVED,stable identifiers and provider identity preserved by validated POC3 security master
APTV,8127131a-27b7-54cf-8705-6b484ad5259b,2012-12-24,,Aptiv PLC,BBG01R914LT5,JE00BTDN8H13,0001521332,APTV,EODHD HistoricalTickerComponents / POC3 validated,HIGH,"{""dataset"": ""EODHD POC3 validated security master"", ""exception"": null, ""identifiers"": {""CIK"": ""0001521332"", ""CUSIP"": ""G27823106"", ""ISIN"": ""JE00BTDN8H13"", ""OpenFigi"": ""BBG01R914LT5""}, ""identity_correction"": null, ""identity_evidence"": [""current directory ticker and name compatible""], ""membership_source"": ""HistoricalTickerComponents"", ""provider_symbol"": ""APTV"", ""source_security_id"": ""8127131a-27b7-54cf-8705-6b484ad5259b"", ""symbol_changes"": []}",RESOLVED,stable identifiers and provider identity preserved by validated POC3 security master
ARE,7e056cb8-23b5-50c7-b65e-a8cff0ef10d3,2017-03-20,,Alexandria Real Estate Equities Inc,BBG000BC33T9,US0152711091,0001035443,ARE,EODHD HistoricalTickerComponents / POC3 validated,HIGH,"{""dataset"": ""EODHD POC3 validated security master"", ""exception"": null, ""identifiers"": {""CIK"": ""0001035443"", ""CUSIP"": ""015271109"", ""ISIN"": ""US0152711091"", ""LEI"": ""MGCJBT4MKTQBVLNUIS88"", ""OpenFigi"": ""BBG000BC33T9""}, ""identity_correction"": null, ""identity_evidence"": [""current directory ticker and name compatible""], ""membership_source"": ""HistoricalTickerComponents"", ""provider_symbol"": ""ARE"", ""source_security_id"": ""7e056cb8-23b5-50c7-b65e-a8cff0ef10d3"", ""symbol_changes"": []}",RESOLVED,stable identifiers and provider identity preserved by validated POC3 security master
ARES,61491a78-f71a-5577-a825-c6ffdbae4b2a,2025-12-11,,Ares Management LP,BBG0068KVV91,US03990B1017,0001176948,ARES,EODHD HistoricalTickerComponents / POC3 validated,HIGH,"{""dataset"": ""EODHD POC3 validated security master"", ""exception"": null, ""identifiers"": {""CIK"": ""0001176948"", ""CUSIP"": ""03990B101"", ""ISIN"": ""US03990B1017"", ""LEI"": ""529900JUV61FH7B8VW38"", ""OpenFigi"": ""BBG0068KVV91""}, ""identity_correction"": null, ""identity_evidence"": [""current directory ticker and name compatible""], ""membership_source"": ""HistoricalTickerComponents"", ""provider_symbol"": ""ARES"", ""source_security_id"": ""61491a78-f71a-5577-a825-c6ffdbae4b2a"", ""symbol_changes"": []}",RESOLVED,stable identifiers and provider identity preserved by validated POC3 security master
ATO,779a45ea-1d8f-5076-9afc-e18b329e4fb5,2019-02-15,,Atmos Energy Corporation,BBG000BRNGM2,US0495601058,0000731802,ATO,EODHD HistoricalTickerComponents / POC3 validated,HIGH,"{""dataset"": ""EODHD POC3 validated security master"", ""exception"": null, ""identifiers"": {""CIK"": ""0000731802"", ""CUSIP"": ""049560105"", ""ISIN"": ""US0495601058"", ""LEI"": ""QVLWEGTD2S8GJMO8D383"", ""OpenFigi"": ""BBG000BRNGM2""}, ""identity_correction"": null, ""identity_evidence"": [""current directory ticker and name compatible""], ""membership_source"": ""HistoricalTickerComponents"", ""provider_symbol"": ""ATO"", ""source_security_id"": ""779a45ea-1d8f-5076-9afc-e18b329e4fb5"", ""symbol_changes"": []}",RESOLVED,stable identifiers and provider identity preserved by validated POC3 security master
ATVI,a6f59b1b-3c11-528e-bde0-17d3b38c94a2,2015-08-31,2023-10-18,Activision Blizzard Inc,BBG000CVWGS6,US00507V1098,0000718877,ATVI,EODHD HistoricalTickerComponents / POC3 validated,HIGH,"{""dataset"": ""EODHD POC3 validated security master"", ""exception"": null, ""identifiers"": {""CIK"": ""0000718877"", ""CUSIP"": ""00507V109"", ""ISIN"": ""US00507V1098"", ""LEI"": ""549300TPQQDBP9GNOF40"", ""OpenFigi"": ""BBG000CVWGS6""}, ""identity_correction"": null, ""identity_evidence"": [""delisted directory ticker and name compatible""], ""membership_source"": ""HistoricalTickerComponents"", ""provider_symbol"": ""ATVI"", ""source_security_id"": ""a6f59b1b-3c11-528e-bde0-17d3b38c94a2"", ""symbol_changes"": []}",RESOLVED,stable identifiers and provider identity preserved by validated POC3 security master
AVB,2f061ec4-45b4-50d1-b81e-e93fc4e840f1,2007-01-10,2026-08-18,AvalonBay Communities Inc,BBG000BLPBL5,US0534841012,0000915912,AVB,EODHD HistoricalTickerComponents / POC3 validated,HIGH,"{""dataset"": ""EODHD POC3 validated security master"", ""exception"": null, ""identifiers"": {""CIK"": ""0000915912"", ""CUSIP"": ""072012107"", ""ISIN"": ""US0534841012"", ""LEI"": ""K9G90K85RBWD2LAGQX17"", ""OpenFigi"": ""BBG000BLPBL5""}, ""identity_correction"": null, ""identity_evidence"": [""current directory ticker and name compatible""], ""membership_source"": ""HistoricalTickerComponents"", ""provider_symbol"": ""AVB"", ""source_security_id"": ""2f061ec4-45b4-50d1-b81e-e93fc4e840f1"", ""symbol_changes"": [{""company_name"": ""Vivmark Residential"", ""effective"": ""2026-08-18"", ""exchange"": ""US"", ""new_symbol"": ""VMRK"", ""old_symbol"": ""AVB""}]}",RESOLVED,stable identifiers and provider identity preserved by validated POC3 security master
AVGO,e459ecaa-f010-5409-a16a-e474734dab1f,2014-05-08,,Broadcom Inc,BBG00KHY5S69,US11135F1012,0001730168,AVGO,EODHD HistoricalTickerComponents / POC3 validated,HIGH,"{""dataset"": ""EODHD POC3 validated security master"", ""exception"": null, ""identifiers"": {""CIK"": ""0001730168"", ""CUSIP"": ""Y0486S104"", ""ISIN"": ""US11135F1012"", ""LEI"": ""549300WV6GIDOZJTV909"", ""OpenFigi"": ""BBG00KHY5S69""}, ""identity_correction"": null, ""identity_evidence"": [""current directory ticker and name compatible""], ""membership_source"": ""HistoricalTickerComponents"", ""provider_symbol"": ""AVGO"", ""source_security_id"": ""e459ecaa-f010-5409-a16a-e474734dab1f"", ""symbol_changes"": []}",RESOLVED,stable identifiers and provider identity preserved by validated POC3 security master
AVY,83b4c8ef-f885-5e06-86d7-1f296067e4a7,1987-12-31,,Avery Dennison Corp,BBG000BCQ4P6,US0536111091,0000008818,AVY,EODHD HistoricalTickerComponents / POC3 validated,HIGH,"{""dataset"": ""EODHD POC3 validated security master"", ""exception"": null, ""identifiers"": {""CIK"": ""0000008818"", ""CUSIP"": ""053611109"", ""ISIN"": ""US0536111091"", ""LEI"": ""549300PW7VPFCYKLIV37"", ""OpenFigi"": ""BBG000BCQ4P6""}, ""identity_correction"": null, ""identity_evidence"": [""current directory ticker and name compatible""], ""membership_source"": ""HistoricalTickerComponents"", ""provider_symbol"": ""AVY"", ""source_security_id"": ""83b4c8ef-f885-5e06-86d7-1f296067e4a7"", ""symbol_changes"": []}",RESOLVED,stable identifiers and provider identity preserved by validated POC3 security master
AWK,30f29c16-e5ca-54a4-a7f3-3ff861901d5e,2016-03-04,,American Water Works,BBG000TRJ294,US0304201033,0001410636,AWK,EODHD HistoricalTickerComponents / POC3 validated,HIGH,"{""dataset"": ""EODHD POC3 validated security master"", ""exception"": null, ""identifiers"": {""CIK"": ""0001410636"", ""CUSIP"": ""030420103"", ""ISIN"": ""US0304201033"", ""LEI"": ""549300DXHIJQMD5WFW18"", ""OpenFigi"": ""BBG000TRJ294""}, ""identity_correction"": null, ""identity_evidence"": [""current directory ticker and name compatible""], ""membership_source"": ""HistoricalTickerComponents"", ""provider_symbol"": ""AWK"", ""source_security_id"": ""30f29c16-e5ca-54a4-a7f3-3ff861901d5e"", ""symbol_changes"": []}",RESOLVED,stable identifiers and provider identity preserved by validated POC3 security master
AXON,cca2f541-36b6-52e5-8bcf-2884384039b3,2023-05-04,,Axon Enterprise Inc.,BBG000BHJWG1,US05464C1018,0001069183,AXON,EODHD HistoricalTickerComponents / POC3 validated,HIGH,"{""dataset"": ""EODHD POC3 validated security master"", ""exception"": null, ""identifiers"": {""CIK"": ""0001069183"", ""CUSIP"": ""05464C101"", ""ISIN"": ""US05464C1018"", ""LEI"": ""549300QP2IEEGFE16681"", ""OpenFigi"": ""BBG000BHJWG1""}, ""identity_correction"": null, ""identity_evidence"": [""current directory ticker and name compatible""], ""membership_source"": ""HistoricalTickerComponents"", ""provider_symbol"": ""AXON"", ""source_security_id"": ""cca2f541-36b6-52e5-8bcf-2884384039b3"", ""symbol_changes"": []}",RESOLVED,stable identifiers and provider identity preserved by validated POC3 security master
AXP,f99d8f1f-412a-58f2-ad8d-586e8317d1c4,1976-06-30,,American Express Company,BBG000BCQZS4,US0258161092,0000004962,AXP,EODHD HistoricalTickerComponents / POC3 validated,HIGH,"{""dataset"": ""EODHD POC3 validated security master"", ""exception"": null, ""identifiers"": {""CIK"": ""0000004962"", ""CUSIP"": ""025816109"", ""ISIN"": ""US0258161092"", ""LEI"": ""R4PP93JZOLY261QX3811"", ""OpenFigi"": ""BBG000BCQZS4""}, ""identity_correction"": null, ""identity_evidence"": [""current directory ticker and name compatible""], ""membership_source"": ""HistoricalTickerComponents"", ""provider_symbol"": ""AXP"", ""source_security_id"": ""f99d8f1f-412a-58f2-ad8d-586e8317d1c4"", ""symbol_changes"": []}",RESOLVED,stable identifiers and provider identity preserved by validated POC3 security master
AZO,5b0726e5-65d5-5b20-871f-b661b1b27a51,1997-01-02,,AutoZone Inc,BBG000C7LMS8,US0533321024,0000866787,AZO,EODHD HistoricalTickerComponents / POC3 validated,HIGH,"{""dataset"": ""EODHD POC3 validated security master"", ""exception"": null, ""identifiers"": {""CIK"": ""0000866787"", ""CUSIP"": ""053332102"", ""ISIN"": ""US0533321024"", ""LEI"": ""GA3JGKJ41LJKXDN23E90"", ""OpenFigi"": ""BBG000C7LMS8""}, ""identity_correction"": null, ""identity_evidence"": [""current directory ticker and name compatible""], ""membership_source"": ""HistoricalTickerComponents"", ""provider_symbol"": ""AZO"", ""source_security_id"": ""5b0726e5-65d5-5b20-871f-b661b1b27a51"", ""symbol_changes"": []}",RESOLVED,stable identifiers and provider identity preserved by validated POC3 security master
BA,708f3e80-0d53-5d1f-9de1-d3a240f9d4da,1957-03-04,,The Boeing Company,BBG000BCSST7,US0970231058,0000012927,BA,EODHD HistoricalTickerComponents / POC3 validated,HIGH,"{""dataset"": ""EODHD POC3 validated security master"", ""exception"": null, ""identifiers"": {""CIK"": ""0000012927"", ""CUSIP"": ""097023105"", ""ISIN"": ""US0970231058"", ""LEI"": ""RVHJWBXLJ1RFUBSY1F30"", ""OpenFigi"": ""BBG000BCSST7""}, ""identity_correction"": null, ""identity_evidence"": [""current directory ticker and name compatible""], ""membership_source"": ""HistoricalTickerComponents"", ""provider_symbol"": ""BA"", ""source_security_id"": ""708f3e80-0d53-5d1f-9de1-d3a240f9d4da"", ""symbol_changes"": []}",RESOLVED,stable identifiers and provider identity preserved by validated POC3 security master
BAC,985278ae-1fc5-513c-ac55-7c7c2135f80f,1976-06-30,,Bank of America Corp,BBG000BCTLF6,US0605051046,0000070858,BAC,EODHD HistoricalTickerComponents / POC3 validated,HIGH,"{""dataset"": ""EODHD POC3 validated security master"", ""exception"": null, ""identifiers"": {""CIK"": ""0000070858"", ""CUSIP"": ""638585109"", ""ISIN"": ""US0605051046"", ""LEI"": ""9DJT3UXIJIZJI4WXO774"", ""OpenFigi"": ""BBG000BCTLF6""}, ""identity_correction"": null, ""identity_evidence"": [""current directory ticker and name compatible""], ""membership_source"": ""HistoricalTickerComponents"", ""provider_symbol"": ""BAC"", ""source_security_id"": ""985278ae-1fc5-513c-ac55-7c7c2135f80f"", ""symbol_changes"": []}",RESOLVED,stable identifiers and provider identity preserved by validated POC3 security master
BALL,8e09e005-3ca4-5d35-a7e2-683fdccc4604,1984-10-31,,Ball Corporation,BBG000BDDNH5,US0584981064,0000009389,BALL,EODHD HistoricalTickerComponents / POC3 validated,HIGH,"{""dataset"": ""EODHD POC3 validated security master"", ""exception"": null, ""identifiers"": {""CIK"": ""0000009389"", ""CUSIP"": ""058498106"", ""ISIN"": ""US0584981064"", ""LEI"": ""0BGI85ALH27ZJP15DY16"", ""OpenFigi"": ""BBG000BDDNH5""}, ""identity_correction"": null, ""identity_evidence"": [""current directory ticker and name compatible""], ""membership_source"": ""HistoricalTickerComponents"", ""provider_symbol"": ""BALL"", ""source_security_id"": ""8e09e005-3ca4-5d35-a7e2-683fdccc4604"", ""symbol_changes"": []}",RESOLVED,stable identifiers and provider identity preserved by validated POC3 security master
BAX,3cf79ac4-6db1-5dfe-969c-1dfd6e54dceb,1972-09-30,,Baxter International Inc,BBG000BCVJ77,US0718131099,0000010456,BAX,EODHD HistoricalTickerComponents / POC3 validated,HIGH,"{""dataset"": ""EODHD POC3 validated security master"", ""exception"": null, ""identifiers"": {""CIK"": ""0000010456"", ""CUSIP"": ""071813141"", ""ISIN"": ""US0718131099"", ""LEI"": ""J5OIVXX3P24RJRW5CK77"", ""OpenFigi"": ""BBG000BCVJ77""}, ""identity_correction"": null, ""identity_evidence"": [""current directory ticker and name compatible""], ""membership_source"": ""HistoricalTickerComponents"", ""provider_symbol"": ""BAX"", ""source_security_id"": ""3cf79ac4-6db1-5dfe-969c-1dfd6e54dceb"", ""symbol_changes"": []}",RESOLVED,stable identifiers and provider identity preserved by validated POC3 security master
BBWI,d3f9ad67-1e97-557a-b70c-104308f9ed19,1983-09-30,2024-10-01,Bath & Body Works Inc.,BBG000BNGTQ7,US0708301041,0000701985,BBWI,EODHD HistoricalTickerComponents / POC3 validated,HIGH,"{""dataset"": ""EODHD POC3 validated security master"", ""exception"": null, ""identifiers"": {""CIK"": ""0000701985"", ""CUSIP"": ""070830104"", ""ISIN"": ""US0708301041"", ""LEI"": ""GR3KVMWVCR54YWQNXU90"", ""OpenFigi"": ""BBG000BNGTQ7""}, ""identity_correction"": null, ""identity_evidence"": [""no exact safe current/delisted instrument mapping"", ""exact ticker used as candidate pending fundamentals validation""], ""membership_source"": ""HistoricalTickerComponents"", ""provider_symbol"": ""BBWI"", ""source_security_id"": ""d3f9ad67-1e97-557a-b70c-104308f9ed19"", ""symbol_changes"": []}",RESOLVED,stable identifiers and provider identity preserved by validated POC3 security master
BBY,bec7cd7a-f7aa-5a40-bce1-f3fc13bbe6f6,1999-06-29,,Best Buy Co. Inc,BBG000BCWCG1,US0865161014,0000764478,BBY,EODHD HistoricalTickerComponents / POC3 validated,HIGH,"{""dataset"": ""EODHD POC3 validated security master"", ""exception"": null, ""identifiers"": {""CIK"": ""0000764478"", ""CUSIP"": ""08651F200"", ""ISIN"": ""US0865161014"", ""LEI"": ""HL5XPTVRV0O8TUN5LL90"", ""OpenFigi"": ""BBG000BCWCG1""}, ""identity_correction"": null, ""identity_evidence"": [""current directory ticker and name compatible""], ""membership_source"": ""HistoricalTickerComponents"", ""provider_symbol"": ""BBY"", ""source_security_id"": ""bec7cd7a-f7aa-5a40-bce1-f3fc13bbe6f6"", ""symbol_changes"": []}",RESOLVED,stable identifiers and provider identity preserved by validated POC3 security master
BDX,37a5417c-9d37-58aa-a285-26c6afbae668,1972-09-30,,Becton Dickinson and Company,BBG000BCZYD3,US0758871091,0000010795,BDX,EODHD HistoricalTickerComponents / POC3 validated,HIGH,"{""dataset"": ""EODHD POC3 validated security master"", ""exception"": null, ""identifiers"": {""CIK"": ""0000010795"", ""CUSIP"": ""075887109"", ""ISIN"": ""US0758871091"", ""LEI"": ""ICE2EP6D98PQUILVRZ91"", ""OpenFigi"": ""BBG000BCZYD3""}, ""identity_correction"": null, ""identity_evidence"": [""current directory ticker and name compatible""], ""membership_source"": ""HistoricalTickerComponents"", ""provider_symbol"": ""BDX"", ""source_security_id"": ""37a5417c-9d37-58aa-a285-26c6afbae668"", ""symbol_changes"": []}",RESOLVED,stable identifiers and provider identity preserved by validated POC3 security master
BE,56c00000-09d8-5212-a2a4-590130c33408,2026-09-21,,Bloom Energy Corp,BBG000N7KBZ3,US0937121079,0001664703,BE,EODHD HistoricalTickerComponents / POC3 validated,HIGH,"{""dataset"": ""EODHD POC3 validated security master"", ""exception"": null, ""identifiers"": {""CIK"": ""0001664703"", ""CUSIP"": ""093712107"", ""ISIN"": ""US0937121079"", ""LEI"": ""549300XB5J9BFW5JXV97"", ""OpenFigi"": ""BBG000N7KBZ3""}, ""identity_correction"": null, ""identity_evidence"": [""no exact safe current/delisted instrument mapping"", ""exact ticker used as candidate pending fundamentals validation""], ""membership_source"": ""HistoricalTickerComponents"", ""provider_symbol"": ""BE"", ""source_security_id"": ""56c00000-09d8-5212-a2a4-590130c33408"", ""symbol_changes"": []}",RESOLVED,stable identifiers and provider identity preserved by validated POC3 security master
BEN,4042b020-f7af-593a-bd92-955ba93356d7,1998-04-30,,Franklin Resources Inc,BBG000BD0TF8,US3546131018,0000038777,BEN,EODHD HistoricalTickerComponents / POC3 validated,HIGH,"{""dataset"": ""EODHD POC3 validated security master"", ""exception"": null, ""identifiers"": {""CIK"": ""0000038777"", ""CUSIP"": ""354613101"", ""ISIN"": ""US3546131018"", ""LEI"": ""RIFQSET379FOGTEFKS80"", ""OpenFigi"": ""BBG000BD0TF8""}, ""identity_correction"": null, ""identity_evidence"": [""current directory ticker and name compatible""], ""membership_source"": ""HistoricalTickerComponents"", ""provider_symbol"": ""BEN"", ""source_security_id"": ""4042b020-f7af-593a-bd92-955ba93356d7"", ""symbol_changes"": []}",RESOLVED,stable identifiers and provider identity preserved by validated POC3 security master
BF-B,1ef55edc-cf37-5ee9-a8e3-88d969120009,1982-10-31,,Brown-Forman Corporation,,US1156372096,0000014693,BF-B,EODHD HistoricalTickerComponents / POC3 validated,HIGH,"{""dataset"": ""EODHD POC3 validated security master"", ""exception"": null, ""identifiers"": {""CIK"": ""0000014693"", ""CUSIP"": ""115637209"", ""ISIN"": ""US1156372096"", ""LEI"": ""549300873K3LXF7ARU34""}, ""identity_correction"": null, ""identity_evidence"": [""current directory ticker and name compatible""], ""membership_source"": ""HistoricalTickerComponents"", ""provider_symbol"": ""BF-B"", ""source_security_id"": ""1ef55edc-cf37-5ee9-a8e3-88d969120009"", ""symbol_changes"": []}",RESOLVED,stable identifiers and provider identity preserved by validated POC3 security master
BG,bf7218fb-2fae-57d2-820d-f71587dc44ec,2023-03-15,,Bunge Global SA,BBG000DGPR66,CH1300646267,0001144519,BG,EODHD HistoricalTickerComponents / POC3 validated,HIGH,"{""dataset"": ""EODHD POC3 validated security master"", ""exception"": null, ""identifiers"": {""CIK"": ""0001144519"", ""CUSIP"": ""G16962105"", ""ISIN"": ""CH1300646267"", ""OpenFigi"": ""BBG000DGPR66""}, ""identity_correction"": null, ""identity_evidence"": [""current directory ticker and name compatible""], ""membership_source"": ""HistoricalTickerComponents"", ""provider_symbol"": ""BG"", ""source_security_id"": ""bf7218fb-2fae-57d2-820d-f71587dc44ec"", ""symbol_changes"": []}",RESOLVED,stable identifiers and provider identity preserved by validated POC3 security master
BIIB,1aadddba-1d85-5f61-941d-0b0269f2009f,2003-11-13,,Biogen Inc,BBG000C17X76,US09062X1037,0000875045,BIIB,EODHD HistoricalTickerComponents / POC3 validated,HIGH,"{""dataset"": ""EODHD POC3 validated security master"", ""exception"": null, ""identifiers"": {""CIK"": ""0000875045"", ""CUSIP"": ""449370105"", ""ISIN"": ""US09062X1037"", ""LEI"": ""W8J5WZB5IY3K0NDQT671"", ""OpenFigi"": ""BBG000C17X76""}, ""identity_correction"": null, ""identity_evidence"": [""current directory ticker and name compatible""], ""membership_source"": ""HistoricalTickerComponents"", ""provider_symbol"": ""BIIB"", ""source_security_id"": ""1aadddba-1d85-5f61-941d-0b0269f2009f"", ""symbol_changes"": []}",RESOLVED,stable identifiers and provider identity preserved by validated POC3 security master
BIO,da41113d-2456-52b5-80a9-1f8718a73d5d,2020-06-22,2024-09-23,Bio-Rad Laboratories Inc,BBG000DY28W5,US0905722072,0000012208,BIO,EODHD HistoricalTickerComponents / POC3 validated,HIGH,"{""dataset"": ""EODHD POC3 validated security master"", ""exception"": null, ""identifiers"": {""CIK"": ""0000012208"", ""CUSIP"": ""090572207"", ""ISIN"": ""US0905722072"", ""LEI"": ""549300ZC1GPV35XYDK53"", ""OpenFigi"": ""BBG000DY28W5""}, ""identity_correction"": null, ""identity_evidence"": [""no exact safe current/delisted instrument mapping"", ""exact ticker used as candidate pending fundamentals validation""], ""membership_source"": ""HistoricalTickerComponents"", ""provider_symbol"": ""BIO"", ""source_security_id"": ""da41113d-2456-52b5-80a9-1f8718a73d5d"", ""symbol_changes"": []}",RESOLVED,stable identifiers and provider identity preserved by validated POC3 security master
BKNG,409bdf1a-301f-5e53-95c8-ef33cecca76d,2009-11-06,,Booking Holdings Inc,BBG000BLBVN4,US09857L1089,0001075531,BKNG,EODHD HistoricalTickerComponents / POC3 validated,HIGH,"{""dataset"": ""EODHD POC3 validated security master"", ""exception"": null, ""identifiers"": {""CIK"": ""0001075531"", ""CUSIP"": ""741503106"", ""ISIN"": ""US09857L1089"", ""LEI"": ""FXM8FAOHMYDIPD38UZ17"", ""OpenFigi"": ""BBG000BLBVN4""}, ""identity_correction"": null, ""identity_evidence"": [""current directory ticker and name compatible""], ""membership_source"": ""HistoricalTickerComponents"", ""provider_symbol"": ""BKNG"", ""source_security_id"": ""409bdf1a-301f-5e53-95c8-ef33cecca76d"", ""symbol_changes"": []}",RESOLVED,stable identifiers and provider identity preserved by validated POC3 security master
BKR,dc651692-75bd-55ba-943d-63ed77e93c6e,2017-07-07,,Baker Hughes Co,BBG00GBVBK51,US05722G1004,0001701605,BKR,EODHD HistoricalTickerComponents / POC3 validated,HIGH,"{""dataset"": ""EODHD POC3 validated security master"", ""exception"": null, ""identifiers"": {""CIK"": ""0001701605"", ""CUSIP"": ""05722G100"", ""ISIN"": ""US05722G1004"", ""LEI"": ""549300XU3XH6F05YEQ93"", ""OpenFigi"": ""BBG00GBVBK51""}, ""identity_correction"": null, ""identity_evidence"": [""current directory ticker and name compatible""], ""membership_source"": ""HistoricalTickerComponents"", ""provider_symbol"": ""BKR"", ""source_security_id"": ""dc651692-75bd-55ba-943d-63ed77e93c6e"", ""symbol_changes"": []}",RESOLVED,stable identifiers and provider identity preserved by validated POC3 security master
BLDR,e2d66ac6-29be-5617-a549-c8a466711f95,2023-12-18,2026-09-21,Builders FirstSource Inc,BBG000BKD3K9,US12008R1077,0001316835,BLDR,EODHD HistoricalTickerComponents / POC3 validated,HIGH,"{""dataset"": ""EODHD POC3 validated security master"", ""exception"": null, ""identifiers"": {""CIK"": ""0001316835"", ""CUSIP"": ""12008R107"", ""ISIN"": ""US12008R1077"", ""LEI"": ""549300W0SKP6L3H7DP63"", ""OpenFigi"": ""BBG000BKD3K9""}, ""identity_correction"": null, ""identity_evidence"": [""current directory ticker and name compatible""], ""membership_source"": ""HistoricalTickerComponents"", ""provider_symbol"": ""BLDR"", ""source_security_id"": ""e2d66ac6-29be-5617-a549-c8a466711f95"", ""symbol_changes"": []}",RESOLVED,stable identifiers and provider identity preserved by validated POC3 security master
BLK,181b0494-2759-577b-bcf5-cd46067db093,2011-04-01,,BlackRock Inc,BBG01PSW2WN4,US09290D1019,0001364742,BLK,EODHD HistoricalTickerComponents / POC3 validated,HIGH,"{""dataset"": ""EODHD POC3 validated security master"", ""exception"": null, ""identifiers"": {""CIK"": ""0001364742"", ""CUSIP"": ""09247X101"", ""ISIN"": ""US09290D1019"", ""OpenFigi"": ""BBG01PSW2WN4""}, ""identity_correction"": null, ""identity_evidence"": [""current directory ticker and name compatible""], ""membership_source"": ""HistoricalTickerComponents"", ""provider_symbol"": ""BLK"", ""source_security_id"": ""181b0494-2759-577b-bcf5-cd46067db093"", ""symbol_changes"": []}",RESOLVED,stable identifiers and provider identity preserved by validated POC3 security master
BMY,ce885dc1-4dde-5747-b3e6-d8aebbb46f65,1957-03-04,,Bristol-Myers Squibb Company,BBG000DQLV23,US1101221083,0000014272,BMY,EODHD HistoricalTickerComponents / POC3 validated,HIGH,"{""dataset"": ""EODHD POC3 validated security master"", ""exception"": null, ""identifiers"": {""CIK"": ""0000014272"", ""CUSIP"": ""110122108"", ""ISIN"": ""US1101221083"", ""LEI"": ""HLYYNH7UQUORYSJQCN42"", ""OpenFigi"": ""BBG000DQLV23""}, ""identity_correction"": null, ""identity_evidence"": [""current directory ticker and name compatible""], ""membership_source"": ""HistoricalTickerComponents"", ""provider_symbol"": ""BMY"", ""source_security_id"": ""ce885dc1-4dde-5747-b3e6-d8aebbb46f65"", ""symbol_changes"": []}",RESOLVED,stable identifiers and provider identity preserved by validated POC3 security master
BNY,89cb6c51-1971-56fe-b4c1-f9e8ba5b34f5,1995-03-31,,The Bank of New York Mellon Corporation,BBG000BD8PN9,US09248L1061,,BNY,EODHD HistoricalTickerComponents / POC3 validated,HIGH,"{""dataset"": ""EODHD POC3 validated security master"", ""exception"": null, ""identifiers"": {""ISIN"": ""US09248L1061"", ""OpenFigi"": ""BBG000BD8PN9""}, ""identity_correction"": null, ""identity_evidence"": [""current directory ticker and name compatible""], ""membership_source"": ""HistoricalTickerComponents"", ""provider_symbol"": ""BNY"", ""source_security_id"": ""89cb6c51-1971-56fe-b4c1-f9e8ba5b34f5"", ""symbol_changes"": [{""company_name"": ""The Bank of New York Mellon Corporation Common Stock"", ""effective"": ""2026-05-21"", ""exchange"": ""US"", ""new_symbol"": ""BNY"", ""old_symbol"": ""BK""}]}",RESOLVED,stable identifiers and provider identity preserved by validated POC3 security master
BR,aecffbd4-38a4-56a3-a5b2-3948f630f44a,2018-06-18,,Broadridge Financial Solutions Inc,BBG000PPFKQ7,US11133T1034,0001383312,BR,EODHD HistoricalTickerComponents / POC3 validated,HIGH,"{""dataset"": ""EODHD POC3 validated security master"", ""exception"": null, ""identifiers"": {""CIK"": ""0001383312"", ""CUSIP"": ""11133T103"", ""ISIN"": ""US11133T1034"", ""LEI"": ""549300KZDJZQ2YIHRC28"", ""OpenFigi"": ""BBG000PPFKQ7""}, ""identity_correction"": null, ""identity_evidence"": [""current directory ticker and name compatible""], ""membership_source"": ""HistoricalTickerComponents"", ""provider_symbol"": ""BR"", ""source_security_id"": ""aecffbd4-38a4-56a3-a5b2-3948f630f44a"", ""symbol_changes"": []}",RESOLVED,stable identifiers and provider identity preserved by validated POC3 security master
BRK-B,e200b674-cec7-5b18-9fea-63e30ce899e3,2010-02-16,,Berkshire Hathaway Inc,BBG000DWH8Q0,US0846707026,0001067983,BRK-B,EODHD HistoricalTickerComponents / POC3 validated,HIGH,"{""dataset"": ""EODHD POC3 validated security master"", ""exception"": null, ""identifiers"": {""CIK"": ""0001067983"", ""CUSIP"": ""084670207"", ""ISIN"": ""US0846707026"", ""LEI"": ""5493000C01ZX7D35SD85"", ""OpenFigi"": ""BBG000DWH8Q0""}, ""identity_correction"": null, ""identity_evidence"": [""current directory ticker and name compatible""], ""membership_source"": ""HistoricalTickerComponents"", ""provider_symbol"": ""BRK-B"", ""source_security_id"": ""e200b674-cec7-5b18-9fea-63e30ce899e3"", ""symbol_changes"": []}",RESOLVED,stable identifiers and provider identity preserved by validated POC3 security master
BRO,3e45999b-9f64-5388-a6c6-376a2fbdb651,2021-09-20,,Brown & Brown Inc,BBG000BWSGF4,US1152361010,0000079282,BRO,EODHD HistoricalTickerComponents / POC3 validated,HIGH,"{""dataset"": ""EODHD POC3 validated security master"", ""exception"": null, ""identifiers"": {""CIK"": ""0000079282"", ""CUSIP"": ""730444106"", ""ISIN"": ""US1152361010"", ""LEI"": ""549300PC8KTJ71XKFY89"", ""OpenFigi"": ""BBG000BWSGF4""}, ""identity_correction"": null, ""identity_evidence"": [""current directory ticker and name compatible""], ""membership_source"": ""HistoricalTickerComponents"", ""provider_symbol"": ""BRO"", ""source_security_id"": ""3e45999b-9f64-5388-a6c6-376a2fbdb651"", ""symbol_changes"": []}",RESOLVED,stable identifiers and provider identity preserved by validated POC3 security master
BSX,7196df99-c87e-5e3a-a3e8-9d29a4f5eecf,1995-02-24,,Boston Scientific Corp,BBG000C0LW92,US1011371077,0000885725,BSX,EODHD HistoricalTickerComponents / POC3 validated,HIGH,"{""dataset"": ""EODHD POC3 validated security master"", ""exception"": null, ""identifiers"": {""CIK"": ""0000885725"", ""CUSIP"": ""101137107"", ""ISIN"": ""US1011371077"", ""LEI"": ""Y6ZDD9FP4P8JSSJMW954"", ""OpenFigi"": ""BBG000C0LW92""}, ""identity_correction"": null, ""identity_evidence"": [""current directory ticker and name compatible""], ""membership_source"": ""HistoricalTickerComponents"", ""provider_symbol"": ""BSX"", ""source_security_id"": ""7196df99-c87e-5e3a-a3e8-9d29a4f5eecf"", ""symbol_changes"": []}",RESOLVED,stable identifiers and provider identity preserved by validated POC3 security master
BWA,899f3213-15ae-5393-916e-83357a96e98a,2011-12-16,2025-03-24,BorgWarner Inc,BBG000BJ49H3,US0997241064,0000908255,BWA,EODHD HistoricalTickerComponents / POC3 validated,HIGH,"{""dataset"": ""EODHD POC3 validated security master"", ""exception"": null, ""identifiers"": {""CIK"": ""0000908255"", ""CUSIP"": ""099724106"", ""ISIN"": ""US0997241064"", ""LEI"": ""549300DSFX2IE88NSX47"", ""OpenFigi"": ""BBG000BJ49H3""}, ""identity_correction"": null, ""identity_evidence"": [""no exact safe current/delisted instrument mapping"", ""exact ticker used as candidate pending fundamentals validation""], ""membership_source"": ""HistoricalTickerComponents"", ""provider_symbol"": ""BWA"", ""source_security_id"": ""899f3213-15ae-5393-916e-83357a96e98a"", ""symbol_changes"": []}",RESOLVED,stable identifiers and provider identity preserved by validated POC3 security master
BX,f17b23b2-30cb-5ba8-bdc4-a695c9a5207c,2023-09-18,,Blackstone Group Inc,BBG000BH0106,US09260D1072,0001393818,BX,EODHD HistoricalTickerComponents / POC3 validated,HIGH,"{""dataset"": ""EODHD POC3 validated security master"", ""exception"": null, ""identifiers"": {""CIK"": ""0001393818"", ""CUSIP"": ""09260D107"", ""ISIN"": ""US09260D1072"", ""OpenFigi"": ""BBG000BH0106""}, ""identity_correction"": null, ""identity_evidence"": [""current directory ticker and name compatible""], ""membership_source"": ""HistoricalTickerComponents"", ""provider_symbol"": ""BX"", ""source_security_id"": ""f17b23b2-30cb-5ba8-bdc4-a695c9a5207c"", ""symbol_changes"": []}",RESOLVED,stable identifiers and provider identity preserved by validated POC3 security master
BXP,502014a1-5786-523d-881f-c62e5f247cfa,2006-04-03,,"BXP, Inc.",BBG000BS5CM9,US1011211018,0001037540,BXP,EODHD HistoricalTickerComponents / POC3 validated,HIGH,"{""dataset"": ""EODHD POC3 validated security master"", ""exception"": null, ""identifiers"": {""CIK"": ""0001037540"", ""CUSIP"": ""101121101"", ""ISIN"": ""US1011211018"", ""LEI"": ""549300OF70FSEUQBT254"", ""OpenFigi"": ""BBG000BS5CM9""}, ""identity_correction"": null, ""identity_evidence"": [""current directory ticker and name compatible""], ""membership_source"": ""HistoricalTickerComponents"", ""provider_symbol"": ""BXP"", ""source_security_id"": ""502014a1-5786-523d-881f-c62e5f247cfa"", ""symbol_changes"": []}",RESOLVED,stable identifiers and provider identity preserved by validated POC3 security master
C,3b966cdf-5342-51db-8767-3827d5784308,1988-05-31,,Citigroup Inc.,BBG000FY4S11,US1729674242,0000831001,C,EODHD HistoricalTickerComponents / POC3 validated,HIGH,"{""dataset"": ""EODHD POC3 validated security master"", ""exception"": null, ""identifiers"": {""CIK"": ""0000831001"", ""CUSIP"": ""172967101"", ""ISIN"": ""US1729674242"", ""LEI"": ""6SHGI4ZSSLCXXQSBB395"", ""OpenFigi"": ""BBG000FY4S11""}, ""identity_correction"": null, ""identity_evidence"": [""current directory ticker and name compatible""], ""membership_source"": ""HistoricalTickerComponents"", ""provider_symbol"": ""C"", ""source_security_id"": ""3b966cdf-5342-51db-8767-3827d5784308"", ""symbol_changes"": []}",RESOLVED,stable identifiers and provider identity preserved by validated POC3 security master
CAG,5d01f374-83c8-5896-837e-800f393473d2,1983-08-31,2026-06-30,"Conagra Brands, Inc.",BBG000BDXGP9,US2058871029,0000023217,CAG,EODHD HistoricalTickerComponents / POC3 validated,HIGH,"{""dataset"": ""EODHD POC3 validated security master"", ""exception"": null, ""identifiers"": {""CIK"": ""0000023217"", ""CUSIP"": ""205887102"", ""ISIN"": ""US2058871029"", ""LEI"": ""54930035UDEIH090K650"", ""OpenFigi"": ""BBG000BDXGP9""}, ""identity_correction"": null, ""identity_evidence"": [""no exact safe current/delisted instrument mapping"", ""exact ticker used as candidate pending fundamentals validation""], ""membership_source"": ""HistoricalTickerComponents"", ""provider_symbol"": ""CAG"", ""source_security_id"": ""5d01f374-83c8-5896-837e-800f393473d2"", ""symbol_changes"": []}",RESOLVED,stable identifiers and provider identity preserved by validated POC3 security master
CAH,3b225bdb-1165-5f72-9652-41cb7339a491,1997-05-27,,Cardinal Health Inc,BBG000D898T9,US14149Y1082,0000721371,CAH,EODHD HistoricalTickerComponents / POC3 validated,HIGH,"{""dataset"": ""EODHD POC3 validated security master"", ""exception"": null, ""identifiers"": {""CIK"": ""0000721371"", ""CUSIP"": ""14149Y108"", ""ISIN"": ""US14149Y1082"", ""LEI"": ""CCU46N3GJMF4OK4N7U60"", ""OpenFigi"": ""BBG000D898T9""}, ""identity_correction"": null, ""identity_evidence"": [""current directory ticker and name compatible""], ""membership_source"": ""HistoricalTickerComponents"", ""provider_symbol"": ""CAH"", ""source_security_id"": ""3b225bdb-1165-5f72-9652-41cb7339a491"", ""symbol_changes"": []}",RESOLVED,stable identifiers and provider identity preserved by validated POC3 security master
CARR,cce011e4-1dfe-5181-985e-d55909662255,2020-04-03,,Carrier Global Corp,BBG00RP5HYS8,US14448C1045,0001783180,CARR,EODHD HistoricalTickerComponents / POC3 validated,HIGH,"{""dataset"": ""EODHD POC3 validated security master"", ""exception"": null, ""identifiers"": {""CIK"": ""0001783180"", ""CUSIP"": ""14448C104"", ""ISIN"": ""US14448C1045"", ""LEI"": ""549300JE3W6CWY2NAN77"", ""OpenFigi"": ""BBG00RP5HYS8""}, ""identity_correction"": null, ""identity_evidence"": [""current directory ticker and name compatible""], ""membership_source"": ""HistoricalTickerComponents"", ""provider_symbol"": ""CARR"", ""source_security_id"": ""cce011e4-1dfe-5181-985e-d55909662255"", ""symbol_changes"": []}",RESOLVED,stable identifiers and provider identity preserved by validated POC3 security master
CASY,fd5f0ff3-9c87-5104-8189-85beabd670cc,2026-04-09,,Caseys General Stores Inc,BBG000BF0672,US1475281036,0000726958,CASY,EODHD HistoricalTickerComponents / POC3 validated,HIGH,"{""dataset"": ""EODHD POC3 validated security master"", ""exception"": null, ""identifiers"": {""CIK"": ""0000726958"", ""CUSIP"": ""147528103"", ""ISIN"": ""US1475281036"", ""LEI"": ""549300CAFWSI86V66Q65"", ""OpenFigi"": ""BBG000BF0672""}, ""identity_correction"": null, ""identity_evidence"": [""current directory ticker and name compatible""], ""membership_source"": ""HistoricalTickerComponents"", ""provider_symbol"": ""CASY"", ""source_security_id"": ""fd5f0ff3-9c87-5104-8189-85beabd670cc"", ""symbol_changes"": []}",RESOLVED,stable identifiers and provider identity preserved by validated POC3 security master
CAT,b68090f1-2bc3-58e9-9bb5-a7388d9ab84d,1957-03-04,,Caterpillar Inc,BBG000BF0K17,US1491231015,0000018230,CAT,EODHD HistoricalTickerComponents / POC3 validated,HIGH,"{""dataset"": ""EODHD POC3 validated security master"", ""exception"": null, ""identifiers"": {""CIK"": ""0000018230"", ""CUSIP"": ""149123101"", ""ISIN"": ""US1491231015"", ""LEI"": ""WRJR7GS4GTRECRRTVX92"", ""OpenFigi"": ""BBG000BF0K17""}, ""identity_correction"": null, ""identity_evidence"": [""current directory ticker and name compatible""], ""membership_source"": ""HistoricalTickerComponents"", ""provider_symbol"": ""CAT"", ""source_security_id"": ""b68090f1-2bc3-58e9-9bb5-a7388d9ab84d"", ""symbol_changes"": []}",RESOLVED,stable identifiers and provider identity preserved by validated POC3 security master
CB,032d8754-474f-5c48-89f5-7fff6220b59a,2010-07-14,,Chubb Ltd,BBG000BR14K5,CH0044328745,0000896159,CB,EODHD HistoricalTickerComponents / POC3 validated,HIGH,"{""dataset"": ""EODHD POC3 validated security master"", ""exception"": null, ""identifiers"": {""CIK"": ""0000896159"", ""CUSIP"": ""G0070K103"", ""ISIN"": ""CH0044328745"", ""LEI"": ""E0JAN6VLUDI1HITHT809"", ""OpenFigi"": ""BBG000BR14K5""}, ""identity_correction"": null, ""identity_evidence"": [""current directory ticker and name compatible""], ""membership_source"": ""HistoricalTickerComponents"", ""provider_symbol"": ""CB"", ""source_security_id"": ""032d8754-474f-5c48-89f5-7fff6220b59a"", ""symbol_changes"": []}",RESOLVED,stable identifiers and provider identity preserved by validated POC3 security master
CBOE,7d18f550-cff7-5da6-b434-e05a2988d170,2017-03-01,,Cboe Global Markets Inc,BBG000QH56C1,US12503M1080,0001374310,CBOE,EODHD HistoricalTickerComponents / POC3 validated,HIGH,"{""dataset"": ""EODHD POC3 validated security master"", ""exception"": null, ""identifiers"": {""CIK"": ""0001374310"", ""CUSIP"": ""12503M108"", ""ISIN"": ""US12503M1080"", ""LEI"": ""529900RLNSGA90UPEH54"", ""OpenFigi"": ""BBG000QH56C1""}, ""identity_correction"": null, ""identity_evidence"": [""current directory ticker and name compatible""], ""membership_source"": ""HistoricalTickerComponents"", ""provider_symbol"": ""CBOE"", ""source_security_id"": ""7d18f550-cff7-5da6-b434-e05a2988d170"", ""symbol_changes"": []}",RESOLVED,stable identifiers and provider identity preserved by validated POC3 security master
CBRE,c748ee94-f1ea-5846-a43e-c9cd22b9bd62,2006-11-10,,CBRE Group Inc Class A,BBG000C04224,US12504L1098,0001138118,CBRE,EODHD HistoricalTickerComponents / POC3 validated,HIGH,"{""dataset"": ""EODHD POC3 validated security master"", ""exception"": null, ""identifiers"": {""CIK"": ""0001138118"", ""CUSIP"": ""12497T101"", ""ISIN"": ""US12504L1098"", ""LEI"": ""52990016II9MJ2OSWA10"", ""OpenFigi"": ""BBG000C04224""}, ""identity_correction"": null, ""identity_evidence"": [""current directory ticker and name compatible""], ""membership_source"": ""HistoricalTickerComponents"", ""provider_symbol"": ""CBRE"", ""source_security_id"": ""c748ee94-f1ea-5846-a43e-c9cd22b9bd62"", ""symbol_changes"": []}",RESOLVED,stable identifiers and provider identity preserved by validated POC3 security master
CCI,453e6dee-504f-5b15-b0f8-61abe49f0fc2,1997-06-17,,Crown Castle,BBG000FV1Z23,US22822V1017,0001051470,CCI,EODHD HistoricalTickerComponents / POC3 validated,HIGH,"{""dataset"": ""EODHD POC3 validated security master"", ""exception"": null, ""identifiers"": {""CIK"": ""0001051470"", ""CUSIP"": ""22822V101"", ""ISIN"": ""US22822V1017"", ""LEI"": ""54930012H97VSM0I2R19"", ""OpenFigi"": ""BBG000FV1Z23""}, ""identity_correction"": null, ""identity_evidence"": [""current directory ticker and name compatible""], ""membership_source"": ""HistoricalTickerComponents"", ""provider_symbol"": ""CCI"", ""source_security_id"": ""453e6dee-504f-5b15-b0f8-61abe49f0fc2"", ""symbol_changes"": []}",RESOLVED,stable identifiers and provider identity preserved by validated POC3 security master
CCL,822c9516-6764-50ab-9c88-973599ad2e8a,1998-12-11,,Carnival Corporation,BBG000BF6LY3,BMG2004J1036,0000815097,CCL,EODHD HistoricalTickerComponents / POC3 validated,HIGH,"{""dataset"": ""EODHD POC3 validated security master"", ""exception"": null, ""identifiers"": {""CIK"": ""0000815097"", ""CUSIP"": ""143658102"", ""ISIN"": ""BMG2004J1036"", ""OpenFigi"": ""BBG000BF6LY3""}, ""identity_correction"": null, ""identity_evidence"": [""current directory ticker and name compatible""], ""membership_source"": ""HistoricalTickerComponents"", ""provider_symbol"": ""CCL"", ""source_security_id"": ""822c9516-6764-50ab-9c88-973599ad2e8a"", ""symbol_changes"": []}",RESOLVED,stable identifiers and provider identity preserved by validated POC3 security master
CDNS,6889383d-45b9-58d3-87b4-6933c55fa11b,2017-09-18,,Cadence Design Systems Inc,BBG000C13CD9,US1273871087,0000813672,CDNS,EODHD HistoricalTickerComponents / POC3 validated,HIGH,"{""dataset"": ""EODHD POC3 validated security master"", ""exception"": null, ""identifiers"": {""CIK"": ""0000813672"", ""CUSIP"": ""127387108"", ""ISIN"": ""US1273871087"", ""LEI"": ""GCT7RXJOGLXPV0NXZY22"", ""OpenFigi"": ""BBG000C13CD9""}, ""identity_correction"": null, ""identity_evidence"": [""current directory ticker and name compatible""], ""membership_source"": ""HistoricalTickerComponents"", ""provider_symbol"": ""CDNS"", ""source_security_id"": ""6889383d-45b9-58d3-87b4-6933c55fa11b"", ""symbol_changes"": []}",RESOLVED,stable identifiers and provider identity preserved by validated POC3 security master
CDW,0de0c907-6af9-5da5-aa76-c7cbb4c090a3,2019-09-23,,CDW Corp,BBG001P63B80,US12514G1085,0001402057,CDW,EODHD HistoricalTickerComponents / POC3 validated,HIGH,"{""dataset"": ""EODHD POC3 validated security master"", ""exception"": null, ""identifiers"": {""CIK"": ""0001402057"", ""CUSIP"": ""12514G108"", ""ISIN"": ""US12514G1085"", ""OpenFigi"": ""BBG001P63B80""}, ""identity_correction"": null, ""identity_evidence"": [""current directory ticker and name compatible""], ""membership_source"": ""HistoricalTickerComponents"", ""provider_symbol"": ""CDW"", ""source_security_id"": ""0de0c907-6af9-5da5-aa76-c7cbb4c090a3"", ""symbol_changes"": []}",RESOLVED,stable identifiers and provider identity preserved by validated POC3 security master
CE,28093eec-baba-51db-b167-7045f32884dd,2018-12-24,2025-03-24,Celanese Corporation,BBG000JYP7L8,US1508701034,0001306830,CE,EODHD HistoricalTickerComponents / POC3 validated,HIGH,"{""dataset"": ""EODHD POC3 validated security master"", ""exception"": null, ""identifiers"": {""CIK"": ""0001306830"", ""CUSIP"": ""150870202"", ""ISIN"": ""US1508701034"", ""LEI"": ""549300FHJQTDPPN41627"", ""OpenFigi"": ""BBG000JYP7L8""}, ""identity_correction"": null, ""identity_evidence"": [""no exact safe current/delisted instrument mapping"", ""exact ticker used as candidate pending fundamentals validation""], ""membership_source"": ""HistoricalTickerComponents"", ""provider_symbol"": ""CE"", ""source_security_id"": ""28093eec-baba-51db-b167-7045f32884dd"", ""symbol_changes"": []}",RESOLVED,stable identifiers and provider identity preserved by validated POC3 security master
CEG,1617d443-004a-5307-8acb-7b1b8582764f,2022-02-02,,Constellation Energy Corp,BBG014KFRNP7,US21037T1097,0001868275,CEG,EODHD HistoricalTickerComponents / POC3 validated,HIGH,"{""dataset"": ""EODHD POC3 validated security master"", ""exception"": null, ""identifiers"": {""CIK"": ""0001868275"", ""CUSIP"": ""21037T109"", ""ISIN"": ""US21037T1097"", ""LEI"": ""549300F8Y20RYGNGV346"", ""OpenFigi"": ""BBG014KFRNP7""}, ""identity_correction"": null, ""identity_evidence"": [""current directory ticker and name compatible""], ""membership_source"": ""HistoricalTickerComponents"", ""provider_symbol"": ""CEG"", ""source_security_id"": ""1617d443-004a-5307-8acb-7b1b8582764f"", ""symbol_changes"": []}",RESOLVED,stable identifiers and provider identity preserved by validated POC3 security master
CERN,7556317a-8d08-5a8f-aa95-76973fb31777,2010-04-29,2022-06-08,Cerner Corp,,US1567821046,0000804753,CERN,EODHD HistoricalTickerComponents / POC3 validated,HIGH,"{""dataset"": ""EODHD POC3 validated security master"", ""exception"": null, ""identifiers"": {""CIK"": ""0000804753"", ""CUSIP"": ""156782104"", ""ISIN"": ""US1567821046"", ""LEI"": ""549300L4UJ40IEVVI304""}, ""identity_correction"": null, ""identity_evidence"": [""delisted directory ticker and name compatible""], ""membership_source"": ""HistoricalTickerComponents"", ""provider_symbol"": ""CERN"", ""source_security_id"": ""7556317a-8d08-5a8f-aa95-76973fb31777"", ""symbol_changes"": []}",RESOLVED,stable identifiers and provider identity preserved by validated POC3 security master
CF,23053dc1-af62-5611-aa75-22ea1e01b81c,2008-08-27,,CF Industries Holdings Inc,BBG000BWJFZ4,US1252691001,0001324404,CF,EODHD HistoricalTickerComponents / POC3 validated,HIGH,"{""dataset"": ""EODHD POC3 validated security master"", ""exception"": null, ""identifiers"": {""CIK"": ""0001324404"", ""CUSIP"": ""125269100"", ""ISIN"": ""US1252691001"", ""LEI"": ""529900CG8YAQFZ2JMV97"", ""OpenFigi"": ""BBG000BWJFZ4""}, ""identity_correction"": null, ""identity_evidence"": [""current directory ticker and name compatible""], ""membership_source"": ""HistoricalTickerComponents"", ""provider_symbol"": ""CF"", ""source_security_id"": ""23053dc1-af62-5611-aa75-22ea1e01b81c"", ""symbol_changes"": []}",RESOLVED,stable identifiers and provider identity preserved by validated POC3 security master
CFG,a87fc298-d8df-5a33-992c-a79a422d4250,2016-02-01,,"Citizens Financial Group, Inc.",BBG006Q0HY77,US1746101054,0000759944,CFG,EODHD HistoricalTickerComponents / POC3 validated,HIGH,"{""dataset"": ""EODHD POC3 validated security master"", ""exception"": null, ""identifiers"": {""CIK"": ""0000759944"", ""CUSIP"": ""174610105"", ""ISIN"": ""US1746101054"", ""LEI"": ""2138004JDDA4ZQUPFW65"", ""OpenFigi"": ""BBG006Q0HY77""}, ""identity_correction"": null, ""identity_evidence"": [""current directory ticker and name compatible""], ""membership_source"": ""HistoricalTickerComponents"", ""provider_symbol"": ""CFG"", ""source_security_id"": ""a87fc298-d8df-5a33-992c-a79a422d4250"", ""symbol_changes"": []}",RESOLVED,stable identifiers and provider identity preserved by validated POC3 security master
CHD,ddc856eb-c0d2-590d-bbce-3777913a0da2,2015-12-29,,Church & Dwight Company Inc,BBG000BFJT36,US1713401024,0000313927,CHD,EODHD HistoricalTickerComponents / POC3 validated,HIGH,"{""dataset"": ""EODHD POC3 validated security master"", ""exception"": null, ""identifiers"": {""CIK"": ""0000313927"", ""CUSIP"": ""171340102"", ""ISIN"": ""US1713401024"", ""LEI"": ""POOXSI30AWAQGYJZC921"", ""OpenFigi"": ""BBG000BFJT36""}, ""identity_correction"": null, ""identity_evidence"": [""current directory ticker and name compatible""], ""membership_source"": ""HistoricalTickerComponents"", ""provider_symbol"": ""CHD"", ""source_security_id"": ""ddc856eb-c0d2-590d-bbce-3777913a0da2"", ""symbol_changes"": []}",RESOLVED,stable identifiers and provider identity preserved by validated POC3 security master
CHRW,c9629510-94b8-52c9-a37a-295a2ff04570,2007-03-02,,CH Robinson Worldwide Inc,BBG000BTCH57,US12541W2098,0001043277,CHRW,EODHD HistoricalTickerComponents / POC3 validated,HIGH,"{""dataset"": ""EODHD POC3 validated security master"", ""exception"": null, ""identifiers"": {""CIK"": ""0001043277"", ""CUSIP"": ""12541W100"", ""ISIN"": ""US12541W2098"", ""LEI"": ""529900WNWN5L0OVDHA79"", ""OpenFigi"": ""BBG000BTCH57""}, ""identity_correction"": null, ""identity_evidence"": [""current directory ticker and name compatible""], ""membership_source"": ""HistoricalTickerComponents"", ""provider_symbol"": ""CHRW"", ""source_security_id"": ""c9629510-94b8-52c9-a37a-295a2ff04570"", ""symbol_changes"": []}",RESOLVED,stable identifiers and provider identity preserved by validated POC3 security master
CHTR,22bd9724-5b2d-5c29-839c-ca87b63e7ee9,2016-09-08,,Charter Communications Inc,BBG000VPGNR2,US16119P1084,0001091667,CHTR,EODHD HistoricalTickerComponents / POC3 validated,HIGH,"{""dataset"": ""EODHD POC3 validated security master"", ""exception"": null, ""identifiers"": {""CIK"": ""0001091667"", ""CUSIP"": ""16119P108"", ""ISIN"": ""US16119P1084"", ""LEI"": ""0J0XRGZE3PBRFEZ7MV65"", ""OpenFigi"": ""BBG000VPGNR2""}, ""identity_correction"": null, ""identity_evidence"": [""current directory ticker and name compatible""], ""membership_source"": ""HistoricalTickerComponents"", ""provider_symbol"": ""CHTR"", ""source_security_id"": ""22bd9724-5b2d-5c29-839c-ca87b63e7ee9"", ""symbol_changes"": []}",RESOLVED,stable identifiers and provider identity preserved by validated POC3 security master
CI,494bafb3-eeac-5e41-94ba-dbcb71c4b92a,1976-06-30,,Cigna Corp,BBG00KXRCDP0,US1255231003,0001739940,CI,EODHD HistoricalTickerComponents / POC3 validated,HIGH,"{""dataset"": ""EODHD POC3 validated security master"", ""exception"": null, ""identifiers"": {""CIK"": ""0001739940"", ""CUSIP"": ""125523100"", ""ISIN"": ""US1255231003"", ""LEI"": ""549300VIWYMSIGT1U456"", ""OpenFigi"": ""BBG00KXRCDP0""}, ""identity_correction"": null, ""identity_evidence"": [""current directory ticker and name compatible""], ""membership_source"": ""HistoricalTickerComponents"", ""provider_symbol"": ""CI"", ""source_security_id"": ""494bafb3-eeac-5e41-94ba-dbcb71c4b92a"", ""symbol_changes"": []}",RESOLVED,stable identifiers and provider identity preserved by validated POC3 security master
CIEN,870c9e9a-f947-5e0d-bde6-64868dfe16ee,2026-02-09,,Ciena Corp,BBG000BP1152,US1717793095,0000936395,CIEN,EODHD HistoricalTickerComponents / POC3 validated,HIGH,"{""dataset"": ""EODHD POC3 validated security master"", ""exception"": null, ""identifiers"": {""CIK"": ""0000936395"", ""CUSIP"": ""171779101"", ""ISIN"": ""US1717793095"", ""LEI"": ""W0CZ7N0GH8UIGXDM1H41"", ""OpenFigi"": ""BBG000BP1152""}, ""identity_correction"": null, ""identity_evidence"": [""current directory ticker and name compatible""], ""membership_source"": ""HistoricalTickerComponents"", ""provider_symbol"": ""CIEN"", ""source_security_id"": ""870c9e9a-f947-5e0d-bde6-64868dfe16ee"", ""symbol_changes"": []}",RESOLVED,stable identifiers and provider identity preserved by validated POC3 security master
CINF,55b0f4ac-ae09-5fb4-935e-70b95b92b174,1997-12-18,,Cincinnati Financial Corporation,BBG000BFPK65,US1720621010,0000020286,CINF,EODHD HistoricalTickerComponents / POC3 validated,HIGH,"{""dataset"": ""EODHD POC3 validated security master"", ""exception"": null, ""identifiers"": {""CIK"": ""0000020286"", ""CUSIP"": ""172062101"", ""ISIN"": ""US1720621010"", ""LEI"": ""254900Q4WEDMZBOZ0002"", ""OpenFigi"": ""BBG000BFPK65""}, ""identity_correction"": null, ""identity_evidence"": [""current directory ticker and name compatible""], ""membership_source"": ""HistoricalTickerComponents"", ""provider_symbol"": ""CINF"", ""source_security_id"": ""55b0f4ac-ae09-5fb4-935e-70b95b92b174"", ""symbol_changes"": []}",RESOLVED,stable identifiers and provider identity preserved by validated POC3 security master
CL,60a2db24-ea79-54d0-9583-a3e2a7689e67,1957-03-04,,Colgate-Palmolive Company,BBG000BFQYY3,US1941621039,0000021665,CL,EODHD HistoricalTickerComponents / POC3 validated,HIGH,"{""dataset"": ""EODHD POC3 validated security master"", ""exception"": null, ""identifiers"": {""CIK"": ""0000021665"", ""CUSIP"": ""194162103"", ""ISIN"": ""US1941621039"", ""LEI"": ""YMEGZFW4SBUSS5BQXF88"", ""OpenFigi"": ""BBG000BFQYY3""}, ""identity_correction"": null, ""identity_evidence"": [""current directory ticker and name compatible""], ""membership_source"": ""HistoricalTickerComponents"", ""provider_symbol"": ""CL"", ""source_security_id"": ""60a2db24-ea79-54d0-9583-a3e2a7689e67"", ""symbol_changes"": []}",RESOLVED,stable identifiers and provider identity preserved by validated POC3 security master
CLX,c2af9440-3c28-5106-bcd9-ee4cb71b2cd6,1969-03-31,,The Clorox Company,BBG000BFS7D3,US1890541097,0000021076,CLX,EODHD HistoricalTickerComponents / POC3 validated,HIGH,"{""dataset"": ""EODHD POC3 validated security master"", ""exception"": null, ""identifiers"": {""CIK"": ""0000021076"", ""CUSIP"": ""189054109"", ""ISIN"": ""US1890541097"", ""LEI"": ""54930044KVSC06Z79I06"", ""OpenFigi"": ""BBG000BFS7D3""}, ""identity_correction"": null, ""identity_evidence"": [""current directory ticker and name compatible""], ""membership_source"": ""HistoricalTickerComponents"", ""provider_symbol"": ""CLX"", ""source_security_id"": ""c2af9440-3c28-5106-bcd9-ee4cb71b2cd6"", ""symbol_changes"": []}",RESOLVED,stable identifiers and provider identity preserved by validated POC3 security master
CMA,35fe0255-6d4f-5299-9629-184d39e839d8,1995-12-01,2024-06-24,Comerica Incorporated,BBG000C75N77,US2003401070,0000028412,CMA,EODHD HistoricalTickerComponents / POC3 validated,HIGH,"{""dataset"": ""EODHD POC3 validated security master"", ""exception"": null, ""identifiers"": {""CIK"": ""0000028412"", ""CUSIP"": ""200340107"", ""ISIN"": ""US2003401070"", ""LEI"": ""I9Q57JVPWHHZ3ZGBW498"", ""OpenFigi"": ""BBG000C75N77""}, ""identity_correction"": null, ""identity_evidence"": [""delisted directory ticker and name compatible""], ""membership_source"": ""HistoricalTickerComponents"", ""provider_symbol"": ""CMA"", ""source_security_id"": ""35fe0255-6d4f-5299-9629-184d39e839d8"", ""symbol_changes"": []}",RESOLVED,stable identifiers and provider identity preserved by validated POC3 security master
CMCSA,36a124d2-1070-51c5-9a19-b50db156ab8f,2002-11-19,,Comcast Corp,BBG000BFT2L4,US20030N1019,0001166691,CMCSA,EODHD HistoricalTickerComponents / POC3 validated,HIGH,"{""dataset"": ""EODHD POC3 validated security master"", ""exception"": null, ""identifiers"": {""CIK"": ""0001166691"", ""CUSIP"": ""200300200"", ""ISIN"": ""US20030N1019"", ""LEI"": ""51M0QTTNCGUN7KFCFZ59"", ""OpenFigi"": ""BBG000BFT2L4""}, ""identity_correction"": null, ""identity_evidence"": [""current directory ticker and name compatible""], ""membership_source"": ""HistoricalTickerComponents"", ""provider_symbol"": ""CMCSA"", ""source_security_id"": ""36a124d2-1070-51c5-9a19-b50db156ab8f"", ""symbol_changes"": []}",RESOLVED,stable identifiers and provider identity preserved by validated POC3 security master
CME,485a0526-870f-53d8-8cf3-1471263afea9,2006-08-11,,CME Group Inc,BBG000BHLYP4,US12572Q1058,0001156375,CME,EODHD HistoricalTickerComponents / POC3 validated,HIGH,"{""dataset"": ""EODHD POC3 validated security master"", ""exception"": null, ""identifiers"": {""CIK"": ""0001156375"", ""CUSIP"": ""167760107"", ""ISIN"": ""US12572Q1058"", ""LEI"": ""LCZ7XYGSLJUHFXXNXD88"", ""OpenFigi"": ""BBG000BHLYP4""}, ""identity_correction"": null, ""identity_evidence"": [""current directory ticker and name compatible""], ""membership_source"": ""HistoricalTickerComponents"", ""provider_symbol"": ""CME"", ""source_security_id"": ""485a0526-870f-53d8-8cf3-1471263afea9"", ""symbol_changes"": []}",RESOLVED,stable identifiers and provider identity preserved by validated POC3 security master
CMG,c8ec27a2-ad84-50e2-b9c9-98e4d9ed4f76,2011-04-27,,Chipotle Mexican Grill Inc,BBG000QX74T1,US1696561059,0001058090,CMG,EODHD HistoricalTickerComponents / POC3 validated,HIGH,"{""dataset"": ""EODHD POC3 validated security master"", ""exception"": null, ""identifiers"": {""CIK"": ""0001058090"", ""CUSIP"": ""169656204"", ""ISIN"": ""US1696561059"", ""OpenFigi"": ""BBG000QX74T1""}, ""identity_correction"": null, ""identity_evidence"": [""current directory ticker and name compatible""], ""membership_source"": ""HistoricalTickerComponents"", ""provider_symbol"": ""CMG"", ""source_security_id"": ""c8ec27a2-ad84-50e2-b9c9-98e4d9ed4f76"", ""symbol_changes"": []}",RESOLVED,stable identifiers and provider identity preserved by validated POC3 security master
CMI,1950a0d9-974b-51cd-a029-0c3b76340286,1965-03-31,,Cummins Inc,BBG000BGPTV6,US2310211063,0000026172,CMI,EODHD HistoricalTickerComponents / POC3 validated,HIGH,"{""dataset"": ""EODHD POC3 validated security master"", ""exception"": null, ""identifiers"": {""CIK"": ""0000026172"", ""CUSIP"": ""125761304"", ""ISIN"": ""US2310211063"", ""LEI"": ""ZUNI8PYC725B6H8JU438"", ""OpenFigi"": ""BBG000BGPTV6""}, ""identity_correction"": null, ""identity_evidence"": [""current directory ticker and name compatible""], ""membership_source"": ""HistoricalTickerComponents"", ""provider_symbol"": ""CMI"", ""source_security_id"": ""1950a0d9-974b-51cd-a029-0c3b76340286"", ""symbol_changes"": []}",RESOLVED,stable identifiers and provider identity preserved by validated POC3 security master
CMS,9bd8b6b4-ebc6-545d-8b8d-3574a47618bf,1957-03-04,,CMS Energy Corporation,BBG000BFVXX0,US1258961002,0000811156,CMS,EODHD HistoricalTickerComponents / POC3 validated,HIGH,"{""dataset"": ""EODHD POC3 validated security master"", ""exception"": null, ""identifiers"": {""CIK"": ""0000811156"", ""CUSIP"": ""125896308"", ""ISIN"": ""US1258961002"", ""LEI"": ""549300IA9XFBAGNIBW29"", ""OpenFigi"": ""BBG000BFVXX0""}, ""identity_correction"": null, ""identity_evidence"": [""current directory ticker and name compatible""], ""membership_source"": ""HistoricalTickerComponents"", ""provider_symbol"": ""CMS"", ""source_security_id"": ""9bd8b6b4-ebc6-545d-8b8d-3574a47618bf"", ""symbol_changes"": []}",RESOLVED,stable identifiers and provider identity preserved by validated POC3 security master
CNC,6a5eeca2-781f-5561-ae30-039cfc8f5b99,2016-03-30,,Centene Corp,BBG000BDXCJ5,US15135B1017,0001071739,CNC,EODHD HistoricalTickerComponents / POC3 validated,HIGH,"{""dataset"": ""EODHD POC3 validated security master"", ""exception"": null, ""identifiers"": {""CIK"": ""0001071739"", ""CUSIP"": ""15135B101"", ""ISIN"": ""US15135B1017"", ""LEI"": ""549300Z7JJ4TQSQGT333"", ""OpenFigi"": ""BBG000BDXCJ5""}, ""identity_correction"": null, ""identity_evidence"": [""current directory ticker and name compatible""], ""membership_source"": ""HistoricalTickerComponents"", ""provider_symbol"": ""CNC"", ""source_security_id"": ""6a5eeca2-781f-5561-ae30-039cfc8f5b99"", ""symbol_changes"": []}",RESOLVED,stable identifiers and provider identity preserved by validated POC3 security master
CNP,306500f8-a46e-5089-8a3c-9b42786fb68d,1985-07-31,,CenterPoint Energy Inc,BBG000FDBX90,US15189T1079,0001130310,CNP,EODHD HistoricalTickerComponents / POC3 validated,HIGH,"{""dataset"": ""EODHD POC3 validated security master"", ""exception"": null, ""identifiers"": {""CIK"": ""0001130310"", ""CUSIP"": ""442161105"", ""ISIN"": ""US15189T1079"", ""LEI"": ""21TPXMRRHFKOBHDC8J74"", ""OpenFigi"": ""BBG000FDBX90""}, ""identity_correction"": null, ""identity_evidence"": [""current directory ticker and name compatible""], ""membership_source"": ""HistoricalTickerComponents"", ""provider_symbol"": ""CNP"", ""source_security_id"": ""306500f8-a46e-5089-8a3c-9b42786fb68d"", ""symbol_changes"": []}",RESOLVED,stable identifiers and provider identity preserved by validated POC3 security master
COF,fc59a560-b93f-5da6-bf01-e69f468f36c3,1998-07-01,,Capital One Financial Corporation,BBG000BGKTF9,US14040H1059,0000927628,COF,EODHD HistoricalTickerComponents / POC3 validated,HIGH,"{""dataset"": ""EODHD POC3 validated security master"", ""exception"": null, ""identifiers"": {""CIK"": ""0000927628"", ""CUSIP"": ""14040H105"", ""ISIN"": ""US14040H1059"", ""LEI"": ""ZUE8T73ROZOF6FLBAR73"", ""OpenFigi"": ""BBG000BGKTF9""}, ""identity_correction"": null, ""identity_evidence"": [""current directory ticker and name compatible""], ""membership_source"": ""HistoricalTickerComponents"", ""provider_symbol"": ""COF"", ""source_security_id"": ""fc59a560-b93f-5da6-bf01-e69f468f36c3"", ""symbol_changes"": []}",RESOLVED,stable identifiers and provider identity preserved by validated POC3 security master
COHR,c1a8d2e0-8364-566e-8a36-f98803be3240,2026-03-23,,Coherent Inc,BBG000BLW102,US19247G1076,0000021510,COHR,EODHD HistoricalTickerComponents / POC3 validated,HIGH,"{""dataset"": ""EODHD POC3 validated security master"", ""exception"": null, ""identifiers"": {""CIK"": ""0000021510"", ""CUSIP"": ""192479103"", ""ISIN"": ""US19247G1076"", ""LEI"": ""549300O5C25A0MMHHU33"", ""OpenFigi"": ""BBG000BLW102""}, ""identity_correction"": null, ""identity_evidence"": [""current directory ticker and name compatible""], ""membership_source"": ""HistoricalTickerComponents"", ""provider_symbol"": ""COHR"", ""source_security_id"": ""c1a8d2e0-8364-566e-8a36-f98803be3240"", ""symbol_changes"": [{""company_name"": ""Coherent Corp. Common Stock"", ""effective"": ""2022-09-08"", ""exchange"": ""US"", ""new_symbol"": ""COHR"", ""old_symbol"": ""IIVI""}]}",RESOLVED,stable identifiers and provider identity preserved by validated POC3 security master
COIN,4e4d99b0-868b-5702-a75a-4bb761d7924a,2025-05-19,,Coinbase Global Inc,BBG00ZGF7771,US19260Q1076,0001679788,COIN,EODHD HistoricalTickerComponents / POC3 validated,HIGH,"{""dataset"": ""EODHD POC3 validated security master"", ""exception"": null, ""identifiers"": {""CIK"": ""0001679788"", ""CUSIP"": ""19260Q107"", ""ISIN"": ""US19260Q1076"", ""LEI"": ""5493004G3J2SC154DU06"", ""OpenFigi"": ""BBG00ZGF7771""}, ""identity_correction"": null, ""identity_evidence"": [""current directory ticker and name compatible""], ""membership_source"": ""HistoricalTickerComponents"", ""provider_symbol"": ""COIN"", ""source_security_id"": ""4e4d99b0-868b-5702-a75a-4bb761d7924a"", ""symbol_changes"": []}",RESOLVED,stable identifiers and provider identity preserved by validated POC3 security master
COO,1d90b9f8-05cc-540f-a720-d9bc93312111,2016-09-23,,"The Cooper Companies, Inc",BBG000BG3445,US2166485019,0000711404,COO,EODHD HistoricalTickerComponents / POC3 validated,HIGH,"{""dataset"": ""EODHD POC3 validated security master"", ""exception"": null, ""identifiers"": {""CIK"": ""0000711404"", ""CUSIP"": ""216640102"", ""ISIN"": ""US2166485019"", ""OpenFigi"": ""BBG000BG3445""}, ""identity_correction"": null, ""identity_evidence"": [""current directory ticker and name compatible""], ""membership_source"": ""HistoricalTickerComponents"", ""provider_symbol"": ""COO"", ""source_security_id"": ""1d90b9f8-05cc-540f-a720-d9bc93312111"", ""symbol_changes"": []}",RESOLVED,stable identifiers and provider identity preserved by validated POC3 security master
COP,a3db857e-d764-5693-ab80-14e4a6b7195f,1957-03-04,,ConocoPhillips,BBG000BQQH30,US20825C1045,0001163165,COP,EODHD HistoricalTickerComponents / POC3 validated,HIGH,"{""dataset"": ""EODHD POC3 validated security master"", ""exception"": null, ""identifiers"": {""CIK"": ""0001163165"", ""CUSIP"": ""208251504"", ""ISIN"": ""US20825C1045"", ""LEI"": ""WPTL2Z3FIYTHSP5V2253"", ""OpenFigi"": ""BBG000BQQH30""}, ""identity_correction"": null, ""identity_evidence"": [""current directory ticker and name compatible""], ""membership_source"": ""HistoricalTickerComponents"", ""provider_symbol"": ""COP"", ""source_security_id"": ""a3db857e-d764-5693-ab80-14e4a6b7195f"", ""symbol_changes"": []}",RESOLVED,stable identifiers and provider identity preserved by validated POC3 security master
COR,a83935d8-9481-551c-b8d8-00e3e1e8f030,2001-08-30,,Cencora Inc.,BBG000MDCQC2,US03073E1055,0001140859,COR,EODHD HistoricalTickerComponents / POC3 validated,HIGH,"{""dataset"": ""EODHD POC3 validated security master"", ""exception"": null, ""identifiers"": {""CIK"": ""0001140859"", ""CUSIP"": ""03071P102"", ""ISIN"": ""US03073E1055"", ""LEI"": ""AI8GXW8LG5WK7E9UD086"", ""OpenFigi"": ""BBG000MDCQC2""}, ""identity_correction"": null, ""identity_evidence"": [""current directory ticker and name compatible""], ""membership_source"": ""HistoricalTickerComponents"", ""provider_symbol"": ""COR"", ""source_security_id"": ""a83935d8-9481-551c-b8d8-00e3e1e8f030"", ""symbol_changes"": [{""company_name"": ""Cencora, Inc. Common Stock"", ""effective"": ""2023-08-30"", ""exchange"": ""US"", ""new_symbol"": ""COR"", ""old_symbol"": ""ABC""}]}",RESOLVED,stable identifiers and provider identity preserved by validated POC3 security master
COST,6b83d74e-47b8-5cac-a82a-6e13ac3192ab,1993-10-01,,Costco Wholesale Corp,BBG000F6H8W8,US22160K1051,0000909832,COST,EODHD HistoricalTickerComponents / POC3 validated,HIGH,"{""dataset"": ""EODHD POC3 validated security master"", ""exception"": null, ""identifiers"": {""CIK"": ""0000909832"", ""CUSIP"": ""74143W102"", ""ISIN"": ""US22160K1051"", ""LEI"": ""29DX7H14B9S6O3FD6V18"", ""OpenFigi"": ""BBG000F6H8W8""}, ""identity_correction"": null, ""identity_evidence"": [""current directory ticker and name compatible""], ""membership_source"": ""HistoricalTickerComponents"", ""provider_symbol"": ""COST"", ""source_security_id"": ""6b83d74e-47b8-5cac-a82a-6e13ac3192ab"", ""symbol_changes"": []}",RESOLVED,stable identifiers and provider identity preserved by validated POC3 security master
CPAY,7bb43f53-d1b3-5716-8781-95a16f2d7704,2018-06-20,,Corpay Inc,BBG000GPXKX9,US2199481068,0001175454,CPAY,EODHD HistoricalTickerComponents / POC3 validated,HIGH,"{""dataset"": ""EODHD POC3 validated security master"", ""exception"": null, ""identifiers"": {""CIK"": ""0001175454"", ""CUSIP"": ""219948106"", ""ISIN"": ""US2199481068"", ""LEI"": ""549300DG6RR0NQSFLN74"", ""OpenFigi"": ""BBG000GPXKX9""}, ""identity_correction"": null, ""identity_evidence"": [""current directory ticker and name compatible""], ""membership_source"": ""HistoricalTickerComponents"", ""provider_symbol"": ""CPAY"", ""source_security_id"": ""7bb43f53-d1b3-5716-8781-95a16f2d7704"", ""symbol_changes"": [{""company_name"": ""Corpay, Inc. Common Stock"", ""effective"": ""2024-03-25"", ""exchange"": ""US"", ""new_symbol"": ""CPAY"", ""old_symbol"": ""FLT""}]}",RESOLVED,stable identifiers and provider identity preserved by validated POC3 security master
CPB,d29b4a28-d91e-565b-a5df-6ad7d178fd0c,1957-03-04,2026-06-22,Campbell’s Co,BBG000BG4202,US1344291091,0000016732,CPB,EODHD HistoricalTickerComponents / POC3 validated,HIGH,"{""dataset"": ""EODHD POC3 validated security master"", ""exception"": null, ""identifiers"": {""CIK"": ""0000016732"", ""CUSIP"": ""134429109"", ""ISIN"": ""US1344291091"", ""LEI"": ""5493007JDSMX8Z5Z1902"", ""OpenFigi"": ""BBG000BG4202""}, ""identity_correction"": null, ""identity_evidence"": [""no exact safe current/delisted instrument mapping"", ""exact ticker used as candidate pending fundamentals validation""], ""membership_source"": ""HistoricalTickerComponents"", ""provider_symbol"": ""CPB"", ""source_security_id"": ""d29b4a28-d91e-565b-a5df-6ad7d178fd0c"", ""symbol_changes"": []}",RESOLVED,stable identifiers and provider identity preserved by validated POC3 security master
CPRT,7659fe86-5e77-503a-be2f-24f2918ca99a,2018-07-02,,Copart Inc,BBG000BM9RH1,US2172041061,0000900075,CPRT,EODHD HistoricalTickerComponents / POC3 validated,HIGH,"{""dataset"": ""EODHD POC3 validated security master"", ""exception"": null, ""identifiers"": {""CIK"": ""0000900075"", ""CUSIP"": ""217204106"", ""ISIN"": ""US2172041061"", ""LEI"": ""549300KVYX3JWMYEHU61"", ""OpenFigi"": ""BBG000BM9RH1""}, ""identity_correction"": null, ""identity_evidence"": [""current directory ticker and name compatible""], ""membership_source"": ""HistoricalTickerComponents"", ""provider_symbol"": ""CPRT"", ""source_security_id"": ""7659fe86-5e77-503a-be2f-24f2918ca99a"", ""symbol_changes"": []}",RESOLVED,stable identifiers and provider identity preserved by validated POC3 security master
CPT,0922e4ce-4d0d-55fc-bbfc-9f737ecef55a,2022-04-04,,Camden Property Trust,BBG000BB0V03,US1331311027,0000906345,CPT,EODHD HistoricalTickerComponents / POC3 validated,HIGH,"{""dataset"": ""EODHD POC3 validated security master"", ""exception"": null, ""identifiers"": {""CIK"": ""0000906345"", ""CUSIP"": ""133131102"", ""ISIN"": ""US1331311027"", ""LEI"": ""5493002MYX22OHYJBD89"", ""OpenFigi"": ""BBG000BB0V03""}, ""identity_correction"": null, ""identity_evidence"": [""current directory ticker and name compatible""], ""membership_source"": ""HistoricalTickerComponents"", ""provider_symbol"": ""CPT"", ""source_security_id"": ""0922e4ce-4d0d-55fc-bbfc-9f737ecef55a"", ""symbol_changes"": []}",RESOLVED,stable identifiers and provider identity preserved by validated POC3 security master
CRH,de35d48b-6410-55d1-83c3-d6d9a531c0f9,2025-12-22,,CRH PLC ADR,BBG000BBLR09,IE0001827041,0000849395,CRH,EODHD HistoricalTickerComponents / POC3 validated,HIGH,"{""dataset"": ""EODHD POC3 validated security master"", ""exception"": null, ""identifiers"": {""CIK"": ""0000849395"", ""CUSIP"": ""12626K203"", ""ISIN"": ""IE0001827041"", ""LEI"": ""549300MIDJNNTH068E74"", ""OpenFigi"": ""BBG000BBLR09""}, ""identity_correction"": null, ""identity_evidence"": [""current directory ticker and name compatible""], ""membership_source"": ""HistoricalTickerComponents"", ""provider_symbol"": ""CRH"", ""source_security_id"": ""de35d48b-6410-55d1-83c3-d6d9a531c0f9"", ""symbol_changes"": []}",RESOLVED,stable identifiers and provider identity preserved by validated POC3 security master
CRL,3a34addf-bbfb-5f47-aae7-6c66003dbdb8,2021-05-14,,Charles River Laboratories,BBG000BG5BL8,US1598641074,0001100682,CRL,EODHD HistoricalTickerComponents / POC3 validated,HIGH,"{""dataset"": ""EODHD POC3 validated security master"", ""exception"": null, ""identifiers"": {""CIK"": ""0001100682"", ""CUSIP"": ""159864107"", ""ISIN"": ""US1598641074"", ""LEI"": ""549300BSQ0R4UZ5KX287"", ""OpenFigi"": ""BBG000BG5BL8""}, ""identity_correction"": null, ""identity_evidence"": [""current directory ticker and name compatible""], ""membership_source"": ""HistoricalTickerComponents"", ""provider_symbol"": ""CRL"", ""source_security_id"": ""3a34addf-bbfb-5f47-aae7-6c66003dbdb8"", ""symbol_changes"": []}",RESOLVED,stable identifiers and provider identity preserved by validated POC3 security master
CRM,74265f16-061b-51ea-90ca-7225991bb5b2,2008-09-12,,Salesforce.com Inc,BBG000BN2DC2,US79466L3024,0001108524,CRM,EODHD HistoricalTickerComponents / POC3 validated,HIGH,"{""dataset"": ""EODHD POC3 validated security master"", ""exception"": null, ""identifiers"": {""CIK"": ""0001108524"", ""CUSIP"": ""79466L302"", ""ISIN"": ""US79466L3024"", ""LEI"": ""RCGZFPDMRW58VJ54VR07"", ""OpenFigi"": ""BBG000BN2DC2""}, ""identity_correction"": null, ""identity_evidence"": [""current directory ticker and name compatible""], ""membership_source"": ""HistoricalTickerComponents"", ""provider_symbol"": ""CRM"", ""source_security_id"": ""74265f16-061b-51ea-90ca-7225991bb5b2"", ""symbol_changes"": []}",RESOLVED,stable identifiers and provider identity preserved by validated POC3 security master
CRWD,9c627f5b-02ec-5d8b-b2cc-d80d64a4c5a6,2024-06-24,,Crowdstrike Holdings Inc,BBG00BLYKS03,US22788C1053,0001535527,CRWD,EODHD HistoricalTickerComponents / POC3 validated,HIGH,"{""dataset"": ""EODHD POC3 validated security master"", ""exception"": null, ""identifiers"": {""CIK"": ""0001535527"", ""CUSIP"": ""22788C105"", ""ISIN"": ""US22788C1053"", ""LEI"": ""549300YBY08K9KM4HX32"", ""OpenFigi"": ""BBG00BLYKS03""}, ""identity_correction"": null, ""identity_evidence"": [""current directory ticker and name compatible""], ""membership_source"": ""HistoricalTickerComponents"", ""provider_symbol"": ""CRWD"", ""source_security_id"": ""9c627f5b-02ec-5d8b-b2cc-d80d64a4c5a6"", ""symbol_changes"": []}",RESOLVED,stable identifiers and provider identity preserved by validated POC3 security master
CSCO,35cb323a-b847-5de9-a281-748fd5f795f0,1993-12-01,,Cisco Systems Inc,BBG000C3J3C9,US17275R1023,0000858877,CSCO,EODHD HistoricalTickerComponents / POC3 validated,HIGH,"{""dataset"": ""EODHD POC3 validated security master"", ""exception"": null, ""identifiers"": {""CIK"": ""0000858877"", ""CUSIP"": ""17275R102"", ""ISIN"": ""US17275R1023"", ""LEI"": ""8E6NF1YAL0WT6CWXXV93"", ""OpenFigi"": ""BBG000C3J3C9""}, ""identity_correction"": null, ""identity_evidence"": [""current directory ticker and name compatible""], ""membership_source"": ""HistoricalTickerComponents"", ""provider_symbol"": ""CSCO"", ""source_security_id"": ""35cb323a-b847-5de9-a281-748fd5f795f0"", ""symbol_changes"": []}",RESOLVED,stable identifiers and provider identity preserved by validated POC3 security master
CSGP,9fa68d41-ee46-5b1c-b7e1-ec85d0a53dfd,2022-09-19,,CoStar Group Inc,BBG000D7JKW9,US22160N1090,0001057352,CSGP,EODHD HistoricalTickerComponents / POC3 validated,HIGH,"{""dataset"": ""EODHD POC3 validated security master"", ""exception"": null, ""identifiers"": {""CIK"": ""0001057352"", ""CUSIP"": ""75612B107"", ""ISIN"": ""US22160N1090"", ""OpenFigi"": ""BBG000D7JKW9""}, ""identity_correction"": null, ""identity_evidence"": [""current directory ticker and name compatible""], ""membership_source"": ""HistoricalTickerComponents"", ""provider_symbol"": ""CSGP"", ""source_security_id"": ""9fa68d41-ee46-5b1c-b7e1-ec85d0a53dfd"", ""symbol_changes"": []}",RESOLVED,stable identifiers and provider identity preserved by validated POC3 security master
CSX,5e610e30-fe8a-5fc7-85db-38b2fdab7082,1957-03-04,,CSX Corporation,BBG000BGJRC8,US1264081035,0000277948,CSX,EODHD HistoricalTickerComponents / POC3 validated,HIGH,"{""dataset"": ""EODHD POC3 validated security master"", ""exception"": null, ""identifiers"": {""CIK"": ""0000277948"", ""CUSIP"": ""126408103"", ""ISIN"": ""US1264081035"", ""LEI"": ""549300JVQR4N1MMP3Q88"", ""OpenFigi"": ""BBG000BGJRC8""}, ""identity_correction"": null, ""identity_evidence"": [""current directory ticker and name compatible""], ""membership_source"": ""HistoricalTickerComponents"", ""provider_symbol"": ""CSX"", ""source_security_id"": ""5e610e30-fe8a-5fc7-85db-38b2fdab7082"", ""symbol_changes"": []}",RESOLVED,stable identifiers and provider identity preserved by validated POC3 security master
CTAS,c0a004c4-c889-5280-91ac-95c9c256bbc2,2001-03-01,,Cintas Corporation,BBG000H3YXF8,US1729081059,0000723254,CTAS,EODHD HistoricalTickerComponents / POC3 validated,HIGH,"{""dataset"": ""EODHD POC3 validated security master"", ""exception"": null, ""identifiers"": {""CIK"": ""0000723254"", ""CUSIP"": ""172908105"", ""ISIN"": ""US1729081059"", ""LEI"": ""549300QVUQTTKMTE0G41"", ""OpenFigi"": ""BBG000H3YXF8""}, ""identity_correction"": null, ""identity_evidence"": [""current directory ticker and name compatible""], ""membership_source"": ""HistoricalTickerComponents"", ""provider_symbol"": ""CTAS"", ""source_security_id"": ""c0a004c4-c889-5280-91ac-95c9c256bbc2"", ""symbol_changes"": []}",RESOLVED,stable identifiers and provider identity preserved by validated POC3 security master
CTLT,39335ae6-6153-5436-a1b0-e8089c0adaf8,2020-09-21,2024-12-23,Catalent Inc,BBG005XR47P5,US1488061029,0001596783,CTLT,EODHD HistoricalTickerComponents / POC3 validated,HIGH,"{""dataset"": ""EODHD POC3 validated security master"", ""exception"": null, ""identifiers"": {""CIK"": ""0001596783"", ""CUSIP"": ""148806102"", ""ISIN"": ""US1488061029"", ""LEI"": ""549300HALRZ339MSTH85"", ""OpenFigi"": ""BBG005XR47P5""}, ""identity_correction"": null, ""identity_evidence"": [""delisted directory ticker and name compatible""], ""membership_source"": ""HistoricalTickerComponents"", ""provider_symbol"": ""CTLT"", ""source_security_id"": ""39335ae6-6153-5436-a1b0-e8089c0adaf8"", ""symbol_changes"": []}",RESOLVED,stable identifiers and provider identity preserved by validated POC3 security master
CTRA,d47ba1df-c0d0-5767-b105-569310d659b2,2008-06-23,2026-05-07,Coterra Energy Inc,BBG000C3GN47,US1270971039,0000858470,CTRA,EODHD HistoricalTickerComponents / POC3 validated,HIGH,"{""dataset"": ""EODHD POC3 validated security master"", ""exception"": null, ""identifiers"": {""CIK"": ""0000858470"", ""CUSIP"": ""127097103"", ""ISIN"": ""US1270971039"", ""LEI"": ""FCNMH6O7VWU7LHXMK351"", ""OpenFigi"": ""BBG000C3GN47""}, ""identity_correction"": null, ""identity_evidence"": [""delisted directory ticker and name compatible""], ""membership_source"": ""HistoricalTickerComponents"", ""provider_symbol"": ""CTRA"", ""source_security_id"": ""d47ba1df-c0d0-5767-b105-569310d659b2"", ""symbol_changes"": []}",RESOLVED,stable identifiers and provider identity preserved by validated POC3 security master
CTSH,f7f41a5f-5d72-5b45-8ebc-177bb6913e03,2006-11-17,,Cognizant Technology Solutions Corp Class A,BBG000BBDV81,US1924461023,0001058290,CTSH,EODHD HistoricalTickerComponents / POC3 validated,HIGH,"{""dataset"": ""EODHD POC3 validated security master"", ""exception"": null, ""identifiers"": {""CIK"": ""0001058290"", ""CUSIP"": ""192446102"", ""ISIN"": ""US1924461023"", ""LEI"": ""5493006IEVQEFQO40L83"", ""OpenFigi"": ""BBG000BBDV81""}, ""identity_correction"": null, ""identity_evidence"": [""current directory ticker and name compatible""], ""membership_source"": ""HistoricalTickerComponents"", ""provider_symbol"": ""CTSH"", ""source_security_id"": ""f7f41a5f-5d72-5b45-8ebc-177bb6913e03"", ""symbol_changes"": []}",RESOLVED,stable identifiers and provider identity preserved by validated POC3 security master
CTVA,30d5f6b4-a147-5018-bc0a-d4f9668b87f0,2019-06-03,,Corteva Inc,BBG00BN969C1,US22052L1044,0001755672,CTVA,EODHD HistoricalTickerComponents / POC3 validated,HIGH,"{""dataset"": ""EODHD POC3 validated security master"", ""exception"": null, ""identifiers"": {""CIK"": ""0001755672"", ""CUSIP"": ""22052L104"", ""ISIN"": ""US22052L1044"", ""LEI"": ""549300WZN9I2QKLS0O94"", ""OpenFigi"": ""BBG00BN969C1""}, ""identity_correction"": null, ""identity_evidence"": [""current directory ticker and name compatible""], ""membership_source"": ""HistoricalTickerComponents"", ""provider_symbol"": ""CTVA"", ""source_security_id"": ""30d5f6b4-a147-5018-bc0a-d4f9668b87f0"", ""symbol_changes"": []}",RESOLVED,stable identifiers and provider identity preserved by validated POC3 security master
CTXS,f215970f-527c-56fb-b4b9-603db54fe098,2012-04-01,2022-10-03,Citrix Systems Inc,,US1773761002,0000877890,CTXS,EODHD HistoricalTickerComponents / POC3 validated,HIGH,"{""dataset"": ""EODHD POC3 validated security master"", ""exception"": null, ""identifiers"": {""CIK"": ""0000877890"", ""CUSIP"": ""177376100"", ""ISIN"": ""US1773761002"", ""LEI"": ""HCTKJGUQOPZ5NBK7NP58""}, ""identity_correction"": null, ""identity_evidence"": [""delisted directory ticker and name compatible""], ""membership_source"": ""HistoricalTickerComponents"", ""provider_symbol"": ""CTXS"", ""source_security_id"": ""f215970f-527c-56fb-b4b9-603db54fe098"", ""symbol_changes"": []}",RESOLVED,stable identifiers and provider identity preserved by validated POC3 security master
CVNA,af647325-c79a-5b0a-8f0c-62818adf47ff,2025-12-22,,Carvana Co,BBG00GCTWDJ3,US1468691027,0001690820,CVNA,EODHD HistoricalTickerComponents / POC3 validated,HIGH,"{""dataset"": ""EODHD POC3 validated security master"", ""exception"": null, ""identifiers"": {""CIK"": ""0001690820"", ""CUSIP"": ""146869102"", ""ISIN"": ""US1468691027"", ""LEI"": ""5493003WEAK2PJ5WS063"", ""OpenFigi"": ""BBG00GCTWDJ3""}, ""identity_correction"": null, ""identity_evidence"": [""current directory ticker and name compatible""], ""membership_source"": ""HistoricalTickerComponents"", ""provider_symbol"": ""CVNA"", ""source_security_id"": ""af647325-c79a-5b0a-8f0c-62818adf47ff"", ""symbol_changes"": []}",RESOLVED,stable identifiers and provider identity preserved by validated POC3 security master
CVS,90d772cf-649f-53d4-9a70-c32308248fe3,1957-03-04,,CVS Health Corp,BBG000BGRY34,US1266501006,0000064803,CVS,EODHD HistoricalTickerComponents / POC3 validated,HIGH,"{""dataset"": ""EODHD POC3 validated security master"", ""exception"": null, ""identifiers"": {""CIK"": ""0000064803"", ""CUSIP"": ""585745102"", ""ISIN"": ""US1266501006"", ""LEI"": ""549300EJG376EN5NQE29"", ""OpenFigi"": ""BBG000BGRY34""}, ""identity_correction"": null, ""identity_evidence"": [""current directory ticker and name compatible""], ""membership_source"": ""HistoricalTickerComponents"", ""provider_symbol"": ""CVS"", ""source_security_id"": ""90d772cf-649f-53d4-9a70-c32308248fe3"", ""symbol_changes"": []}",RESOLVED,stable identifiers and provider identity preserved by validated POC3 security master
CVX,9f54ff1e-2dd8-5f17-bf4e-a7b0b5eef4f8,1957-03-04,,Chevron Corp,BBG000K4ND22,US1667641005,0000093410,CVX,EODHD HistoricalTickerComponents / POC3 validated,HIGH,"{""dataset"": ""EODHD POC3 validated security master"", ""exception"": null, ""identifiers"": {""CIK"": ""0000093410"", ""CUSIP"": ""166751107"", ""ISIN"": ""US1667641005"", ""LEI"": ""VA8TZDWPEZYU430RZ444"", ""OpenFigi"": ""BBG000K4ND22""}, ""identity_correction"": null, ""identity_evidence"": [""current directory ticker and name compatible""], ""membership_source"": ""HistoricalTickerComponents"", ""provider_symbol"": ""CVX"", ""source_security_id"": ""9f54ff1e-2dd8-5f17-bf4e-a7b0b5eef4f8"", ""symbol_changes"": []}",RESOLVED,stable identifiers and provider identity preserved by validated POC3 security master
CZR,17da34a1-2d46-55a6-aecb-c8b138cd6932,2021-03-22,2025-09-22,Caesars Entertainment Corporation,BBG0074Q3NK6,US12769G1004,0000858339,CZR,EODHD HistoricalTickerComponents / POC3 validated,HIGH,"{""dataset"": ""EODHD POC3 validated security master"", ""exception"": null, ""identifiers"": {""CIK"": ""0000858339"", ""CUSIP"": ""127686103"", ""ISIN"": ""US12769G1004"", ""LEI"": ""549300FA4CTCW903Y781"", ""OpenFigi"": ""BBG0074Q3NK6""}, ""identity_correction"": null, ""identity_evidence"": [""no exact safe current/delisted instrument mapping"", ""exact ticker used as candidate pending fundamentals validation""], ""membership_source"": ""HistoricalTickerComponents"", ""provider_symbol"": ""CZR"", ""source_security_id"": ""17da34a1-2d46-55a6-aecb-c8b138cd6932"", ""symbol_changes"": []}",RESOLVED,stable identifiers and provider identity preserved by validated POC3 security master
D,ec265685-a301-58e6-9608-397efd623e6f,2016-11-30,,Dominion Energy Inc,BBG000BGVW60,US25746U1097,0000715957,D,EODHD HistoricalTickerComponents / POC3 validated,HIGH,"{""dataset"": ""EODHD POC3 validated security master"", ""exception"": null, ""identifiers"": {""CIK"": ""0000715957"", ""CUSIP"": ""257469205"", ""ISIN"": ""US25746U1097"", ""LEI"": ""ILUL7B6Z54MRYCF6H308"", ""OpenFigi"": ""BBG000BGVW60""}, ""identity_correction"": null, ""identity_evidence"": [""current directory ticker and name compatible""], ""membership_source"": ""HistoricalTickerComponents"", ""provider_symbol"": ""D"", ""source_security_id"": ""ec265685-a301-58e6-9608-397efd623e6f"", ""symbol_changes"": []}",RESOLVED,stable identifiers and provider identity preserved by validated POC3 security master
DAL,c48518ab-0e25-5721-b9ae-2f0f0f7a1725,2013-09-11,,Delta Air Lines Inc,BBG000R7Z112,US2473617023,0000027904,DAL,EODHD HistoricalTickerComponents / POC3 validated,HIGH,"{""dataset"": ""EODHD POC3 validated security master"", ""exception"": null, ""identifiers"": {""CIK"": ""0000027904"", ""CUSIP"": ""247361702"", ""ISIN"": ""US2473617023"", ""LEI"": ""Q2CCMS6R0AS67HJMBN42"", ""OpenFigi"": ""BBG000R7Z112""}, ""identity_correction"": null, ""identity_evidence"": [""current directory ticker and name compatible""], ""membership_source"": ""HistoricalTickerComponents"", ""provider_symbol"": ""DAL"", ""source_security_id"": ""c48518ab-0e25-5721-b9ae-2f0f0f7a1725"", ""symbol_changes"": []}",RESOLVED,stable identifiers and provider identity preserved by validated POC3 security master
DASH,76c10768-9162-57d6-bd3d-8c3eb96657f1,2025-03-24,,"DoorDash, Inc. Class A Common Stock",BBG005D7QCJ3,US25809K1051,0001792789,DASH,EODHD HistoricalTickerComponents / POC3 validated,HIGH,"{""dataset"": ""EODHD POC3 validated security master"", ""exception"": null, ""identifiers"": {""CIK"": ""0001792789"", ""CUSIP"": ""25809K105"", ""ISIN"": ""US25809K1051"", ""OpenFigi"": ""BBG005D7QCJ3""}, ""identity_correction"": null, ""identity_evidence"": [""current directory ticker and name compatible""], ""membership_source"": ""HistoricalTickerComponents"", ""provider_symbol"": ""DASH"", ""source_security_id"": ""76c10768-9162-57d6-bd3d-8c3eb96657f1"", ""symbol_changes"": []}",RESOLVED,stable identifiers and provider identity preserved by validated POC3 security master
DAY,51f5567e-647b-5136-a9d1-9bd0ddc9d01b,2021-09-20,2026-02-09,Dayforce Inc.,BBG005D7PF34,US15677J1088,0001725057,DAY,EODHD HistoricalTickerComponents / POC3 validated,HIGH,"{""dataset"": ""EODHD POC3 validated security master"", ""exception"": null, ""identifiers"": {""CIK"": ""0001725057"", ""CUSIP"": ""15677J108"", ""ISIN"": ""US15677J1088"", ""LEI"": ""549300T64GVCHFJ8L449"", ""OpenFigi"": ""BBG005D7PF34""}, ""identity_correction"": null, ""identity_evidence"": [""delisted directory ticker and name compatible""], ""membership_source"": ""HistoricalTickerComponents"", ""provider_symbol"": ""DAY"", ""source_security_id"": ""51f5567e-647b-5136-a9d1-9bd0ddc9d01b"", ""symbol_changes"": [{""company_name"": ""Dayforce, Inc. Common Stock"", ""effective"": ""2024-02-01"", ""exchange"": ""US"", ""new_symbol"": ""DAY"", ""old_symbol"": ""CDAY""}]}",RESOLVED,stable identifiers and provider identity preserved by validated POC3 security master
DD,b81a5c89-bda6-55b8-ac54-fa83115a2a54,2019-04-02,,Dupont De Nemours Inc,BBG00BN961G4,US26614N2018,0001666700,DD,EODHD HistoricalTickerComponents / POC3 validated,HIGH,"{""dataset"": ""EODHD POC3 validated security master"", ""exception"": null, ""identifiers"": {""CIK"": ""0001666700"", ""CUSIP"": ""26614N102"", ""ISIN"": ""US26614N2018"", ""OpenFigi"": ""BBG00BN961G4""}, ""identity_correction"": null, ""identity_evidence"": [""current directory ticker and name compatible""], ""membership_source"": ""HistoricalTickerComponents"", ""provider_symbol"": ""DD"", ""source_security_id"": ""b81a5c89-bda6-55b8-ac54-fa83115a2a54"", ""symbol_changes"": []}",RESOLVED,stable identifiers and provider identity preserved by validated POC3 security master
DDOG,10ad3183-4727-516a-ac2e-e9a2169ce416,2025-07-09,,Datadog Inc,BBG003NJHZT9,US23804L1035,0001561550,DDOG,EODHD HistoricalTickerComponents / POC3 validated,HIGH,"{""dataset"": ""EODHD POC3 validated security master"", ""exception"": null, ""identifiers"": {""CIK"": ""0001561550"", ""CUSIP"": ""23804L103"", ""ISIN"": ""US23804L1035"", ""LEI"": ""549300F6JNO0KRPO1K63"", ""OpenFigi"": ""BBG003NJHZT9""}, ""identity_correction"": null, ""identity_evidence"": [""current directory ticker and name compatible""], ""membership_source"": ""HistoricalTickerComponents"", ""provider_symbol"": ""DDOG"", ""source_security_id"": ""10ad3183-4727-516a-ac2e-e9a2169ce416"", ""symbol_changes"": []}",RESOLVED,stable identifiers and provider identity preserved by validated POC3 security master
DE,9517bb19-7a6c-5c34-87f6-eef9e7eb6630,1957-03-04,,Deere & Company,BBG000BH1NH9,US2441991054,0000315189,DE,EODHD HistoricalTickerComponents / POC3 validated,HIGH,"{""dataset"": ""EODHD POC3 validated security master"", ""exception"": null, ""identifiers"": {""CIK"": ""0000315189"", ""CUSIP"": ""244199105"", ""ISIN"": ""US2441991054"", ""LEI"": ""PWFTNG3EI0Y73OXWDH08"", ""OpenFigi"": ""BBG000BH1NH9""}, ""identity_correction"": null, ""identity_evidence"": [""current directory ticker and name compatible""], ""membership_source"": ""HistoricalTickerComponents"", ""provider_symbol"": ""DE"", ""source_security_id"": ""9517bb19-7a6c-5c34-87f6-eef9e7eb6630"", ""symbol_changes"": []}",RESOLVED,stable identifiers and provider identity preserved by validated POC3 security master
DECK,af249808-481d-5beb-8af8-1ef5f6973921,2024-03-18,,Deckers Outdoor Corporation,BBG000BKXYX5,US2435371073,0000910521,DECK,EODHD HistoricalTickerComponents / POC3 validated,HIGH,"{""dataset"": ""EODHD POC3 validated security master"", ""exception"": null, ""identifiers"": {""CIK"": ""0000910521"", ""CUSIP"": ""243537107"", ""ISIN"": ""US2435371073"", ""LEI"": ""5493008LG4W3I6K8J118"", ""OpenFigi"": ""BBG000BKXYX5""}, ""identity_correction"": null, ""identity_evidence"": [""current directory ticker and name compatible""], ""membership_source"": ""HistoricalTickerComponents"", ""provider_symbol"": ""DECK"", ""source_security_id"": ""af249808-481d-5beb-8af8-1ef5f6973921"", ""symbol_changes"": []}",RESOLVED,stable identifiers and provider identity preserved by validated POC3 security master
DELL,ede6f722-986e-57e0-aa42-9c0838c1185d,2024-09-23,,Dell Technologies Inc,BBG00DW3SZS1,US24703L2025,0001571996,DELL,EODHD HistoricalTickerComponents / POC3 validated,HIGH,"{""dataset"": ""EODHD POC3 validated security master"", ""exception"": null, ""identifiers"": {""CIK"": ""0001571996"", ""CUSIP"": ""24703L202"", ""ISIN"": ""US24703L2025"", ""LEI"": ""549300TJB5YBRUPOG437"", ""OpenFigi"": ""BBG00DW3SZS1""}, ""identity_correction"": null, ""identity_evidence"": [""current directory ticker and name compatible""], ""membership_source"": ""HistoricalTickerComponents"", ""provider_symbol"": ""DELL"", ""source_security_id"": ""ede6f722-986e-57e0-aa42-9c0838c1185d"", ""symbol_changes"": []}",RESOLVED,stable identifiers and provider identity preserved by validated POC3 security master
DFS,a8b31291-b7c4-57aa-935c-d349ce9f80c4,2007-07-02,2025-05-19,Discover Financial Services,BBG000QBR5J5,US2547091080,0001393612,DFS,EODHD HistoricalTickerComponents / POC3 validated,HIGH,"{""dataset"": ""EODHD POC3 validated security master"", ""exception"": null, ""identifiers"": {""CIK"": ""0001393612"", ""CUSIP"": ""254709108"", ""ISIN"": ""US2547091080"", ""LEI"": ""Z1YLO2USPORE63VVUL20"", ""OpenFigi"": ""BBG000QBR5J5""}, ""identity_correction"": null, ""identity_evidence"": [""delisted directory ticker and name compatible""], ""membership_source"": ""HistoricalTickerComponents"", ""provider_symbol"": ""DFS"", ""source_security_id"": ""a8b31291-b7c4-57aa-935c-d349ce9f80c4"", ""symbol_changes"": []}",RESOLVED,stable identifiers and provider identity preserved by validated POC3 security master
DG,e96020ff-f37c-55c9-a35d-a2269264cffc,2012-12-03,,Dollar General Corporation,BBG000NV1KK7,US2566771059,0000029534,DG,EODHD HistoricalTickerComponents / POC3 validated,HIGH,"{""dataset"": ""EODHD POC3 validated security master"", ""exception"": null, ""identifiers"": {""CIK"": ""0000029534"", ""CUSIP"": ""256677105"", ""ISIN"": ""US2566771059"", ""LEI"": ""OPX52SQVOZI8IVSWYU66"", ""OpenFigi"": ""BBG000NV1KK7""}, ""identity_correction"": null, ""identity_evidence"": [""current directory ticker and name compatible""], ""membership_source"": ""HistoricalTickerComponents"", ""provider_symbol"": ""DG"", ""source_security_id"": ""e96020ff-f37c-55c9-a35d-a2269264cffc"", ""symbol_changes"": []}",RESOLVED,stable identifiers and provider identity preserved by validated POC3 security master
DGX,213d6e7c-eec0-5343-84b0-149dd3e2a8ac,2002-12-12,,Quest Diagnostics Incorporated,BBG000BN84F3,US74834L1008,0001022079,DGX,EODHD HistoricalTickerComponents / POC3 validated,HIGH,"{""dataset"": ""EODHD POC3 validated security master"", ""exception"": null, ""identifiers"": {""CIK"": ""0001022079"", ""CUSIP"": ""74834L100"", ""ISIN"": ""US74834L1008"", ""LEI"": ""8MCWUBXQ0WE04KMXBX50"", ""OpenFigi"": ""BBG000BN84F3""}, ""identity_correction"": null, ""identity_evidence"": [""current directory ticker and name compatible""], ""membership_source"": ""HistoricalTickerComponents"", ""provider_symbol"": ""DGX"", ""source_security_id"": ""213d6e7c-eec0-5343-84b0-149dd3e2a8ac"", ""symbol_changes"": []}",RESOLVED,stable identifiers and provider identity preserved by validated POC3 security master
DHI,6264ae32-aa84-54ff-8f75-ca473a9a84e8,2005-06-22,,DR Horton Inc,BBG000DQTXY6,US23331A1097,0000882184,DHI,EODHD HistoricalTickerComponents / POC3 validated,HIGH,"{""dataset"": ""EODHD POC3 validated security master"", ""exception"": null, ""identifiers"": {""CIK"": ""0000882184"", ""CUSIP"": ""23331A109"", ""ISIN"": ""US23331A1097"", ""OpenFigi"": ""BBG000DQTXY6""}, ""identity_correction"": null, ""identity_evidence"": [""current directory ticker and name compatible""], ""membership_source"": ""HistoricalTickerComponents"", ""provider_symbol"": ""DHI"", ""source_security_id"": ""6264ae32-aa84-54ff-8f75-ca473a9a84e8"", ""symbol_changes"": []}",RESOLVED,stable identifiers and provider identity preserved by validated POC3 security master
DHR,d09bef1f-5fba-5813-b1cc-c17826d8f0c0,1998-11-18,,Danaher Corporation,BBG000BH3JF8,US2358511028,0000313616,DHR,EODHD HistoricalTickerComponents / POC3 validated,HIGH,"{""dataset"": ""EODHD POC3 validated security master"", ""exception"": null, ""identifiers"": {""CIK"": ""0000313616"", ""CUSIP"": ""235851110"", ""ISIN"": ""US2358511028"", ""LEI"": ""S4BKK9OTCEWQ3YHPFM11"", ""OpenFigi"": ""BBG000BH3JF8""}, ""identity_correction"": null, ""identity_evidence"": [""current directory ticker and name compatible""], ""membership_source"": ""HistoricalTickerComponents"", ""provider_symbol"": ""DHR"", ""source_security_id"": ""d09bef1f-5fba-5813-b1cc-c17826d8f0c0"", ""symbol_changes"": []}",RESOLVED,stable identifiers and provider identity preserved by validated POC3 security master
DIS,b2b585e6-33b7-56d7-9c66-757bdd89f108,1976-06-30,,Walt Disney Company,BBG000BH4R78,US2546871060,0001744489,DIS,EODHD HistoricalTickerComponents / POC3 validated,HIGH,"{""dataset"": ""EODHD POC3 validated security master"", ""exception"": null, ""identifiers"": {""CIK"": ""0001744489"", ""CUSIP"": ""254687205"", ""ISIN"": ""US2546871060"", ""LEI"": ""7260JQNI6SCF9FIV2392"", ""OpenFigi"": ""BBG000BH4R78""}, ""identity_correction"": null, ""identity_evidence"": [""current directory ticker and name compatible""], ""membership_source"": ""HistoricalTickerComponents"", ""provider_symbol"": ""DIS"", ""source_security_id"": ""b2b585e6-33b7-56d7-9c66-757bdd89f108"", ""symbol_changes"": []}",RESOLVED,stable identifiers and provider identity preserved by validated POC3 security master
DISCA,93ae17ae-6275-56e9-9009-051ca9ceaabd,2012-04-01,2022-04-11,Discovery Inc,,US25470F1049,0001437107,DISCA,EODHD HistoricalTickerComponents / POC3 validated,HIGH,"{""dataset"": ""EODHD POC3 validated security master"", ""exception"": null, ""identifiers"": {""CIK"": ""0001437107"", ""CUSIP"": ""25468Y107"", ""ISIN"": ""US25470F1049"", ""LEI"": ""5493006ZCRFWKF6B1K26""}, ""identity_correction"": null, ""identity_evidence"": [""delisted directory ticker and name compatible""], ""membership_source"": ""HistoricalTickerComponents"", ""provider_symbol"": ""DISCA"", ""source_security_id"": ""93ae17ae-6275-56e9-9009-051ca9ceaabd"", ""symbol_changes"": []}",RESOLVED,stable identifiers and provider identity preserved by validated POC3 security master
DISH,d9c815be-f0c7-50a9-9f1f-672848ebf190,2017-03-13,2023-06-20,DISH Network Corporation,BBG000C2YHG9,US25470M1099,0001001082,DISH,EODHD HistoricalTickerComponents / POC3 validated,HIGH,"{""dataset"": ""EODHD POC3 validated security master"", ""exception"": null, ""identifiers"": {""CIK"": ""0001001082"", ""CUSIP"": ""25470M109"", ""ISIN"": ""US25470M1099"", ""LEI"": ""529900U350CWHH15G169"", ""OpenFigi"": ""BBG000C2YHG9""}, ""identity_correction"": null, ""identity_evidence"": [""delisted directory ticker and name compatible""], ""membership_source"": ""HistoricalTickerComponents"", ""provider_symbol"": ""DISH"", ""source_security_id"": ""d9c815be-f0c7-50a9-9f1f-672848ebf190"", ""symbol_changes"": []}",RESOLVED,stable identifiers and provider identity preserved by validated POC3 security master
DLR,ceba63d6-efcf-5e2f-96ec-b26f23e1f53e,2016-05-18,,Digital Realty Trust Inc,BBG000Q5ZRM7,US2538681030,0001297996,DLR,EODHD HistoricalTickerComponents / POC3 validated,HIGH,"{""dataset"": ""EODHD POC3 validated security master"", ""exception"": null, ""identifiers"": {""CIK"": ""0001297996"", ""CUSIP"": ""253868301"", ""ISIN"": ""US2538681030"", ""LEI"": ""549300HKCZ31D08NEI41"", ""OpenFigi"": ""BBG000Q5ZRM7""}, ""identity_correction"": null, ""identity_evidence"": [""current directory ticker and name compatible""], ""membership_source"": ""HistoricalTickerComponents"", ""provider_symbol"": ""DLR"", ""source_security_id"": ""ceba63d6-efcf-5e2f-96ec-b26f23e1f53e"", ""symbol_changes"": []}",RESOLVED,stable identifiers and provider identity preserved by validated POC3 security master
DLTR,899a12f8-dfe0-5361-86bc-924d40dc0c6a,2011-12-16,,Dollar Tree Inc,BBG000BSC0K9,US2567461080,0000935703,DLTR,EODHD HistoricalTickerComponents / POC3 validated,HIGH,"{""dataset"": ""EODHD POC3 validated security master"", ""exception"": null, ""identifiers"": {""CIK"": ""0000935703"", ""CUSIP"": ""256747106"", ""ISIN"": ""US2567461080"", ""LEI"": ""549300PMSTQITB1WHR43"", ""OpenFigi"": ""BBG000BSC0K9""}, ""identity_correction"": null, ""identity_evidence"": [""current directory ticker and name compatible""], ""membership_source"": ""HistoricalTickerComponents"", ""provider_symbol"": ""DLTR"", ""source_security_id"": ""899a12f8-dfe0-5361-86bc-924d40dc0c6a"", ""symbol_changes"": []}",RESOLVED,stable identifiers and provider identity preserved by validated POC3 security master
DOC,3f2a5acf-b2d2-5439-89ee-fbefcf23d459,2008-03-31,,Healthpeak Properties Inc,BBG000BKYDP9,US42250P1030,0001036081,DOC,EODHD HistoricalTickerComponents / POC3 validated,HIGH,"{""dataset"": ""EODHD POC3 validated security master"", ""exception"": null, ""identifiers"": {""CIK"": ""0001036081"", ""CUSIP"": ""421915109"", ""ISIN"": ""US42250P1030"", ""LEI"": ""PZ9HF5U52KPF0MH0QN75"", ""OpenFigi"": ""BBG000BKYDP9""}, ""identity_correction"": null, ""identity_evidence"": [""current directory ticker and name compatible""], ""membership_source"": ""HistoricalTickerComponents"", ""provider_symbol"": ""DOC"", ""source_security_id"": ""3f2a5acf-b2d2-5439-89ee-fbefcf23d459"", ""symbol_changes"": [{""company_name"": ""Healthpeak Properties, Inc. Common Stock"", ""effective"": ""2024-03-04"", ""exchange"": ""US"", ""new_symbol"": ""DOC"", ""old_symbol"": ""PEAK""}]}",RESOLVED,stable identifiers and provider identity preserved by validated POC3 security master
DOV,41f33ffd-f6e1-56a8-a20c-55b731b32207,1985-10-31,,Dover Corporation,BBG000BHB3M6,US2600031080,0000029905,DOV,EODHD HistoricalTickerComponents / POC3 validated,HIGH,"{""dataset"": ""EODHD POC3 validated security master"", ""exception"": null, ""identifiers"": {""CIK"": ""0000029905"", ""CUSIP"": ""260003108"", ""ISIN"": ""US2600031080"", ""LEI"": ""549300FMC2ALGA7N9E80"", ""OpenFigi"": ""BBG000BHB3M6""}, ""identity_correction"": null, ""identity_evidence"": [""current directory ticker and name compatible""], ""membership_source"": ""HistoricalTickerComponents"", ""provider_symbol"": ""DOV"", ""source_security_id"": ""41f33ffd-f6e1-56a8-a20c-55b731b32207"", ""symbol_changes"": []}",RESOLVED,stable identifiers and provider identity preserved by validated POC3 security master
DOW,1bf034ea-f0cd-5f3c-a1bf-4b7bd75a3d78,2019-04-02,,Dow Inc,BBG00BN96922,US2605571031,0000029915,DOW,EODHD HistoricalTickerComponents / POC3 validated,HIGH,"{""dataset"": ""EODHD POC3 validated security master"", ""exception"": null, ""identifiers"": {""CIK"": ""0000029915"", ""CUSIP"": ""260557103"", ""ISIN"": ""US2605571031"", ""LEI"": ""5493003S21INSLK2IP73"", ""OpenFigi"": ""BBG00BN96922""}, ""identity_correction"": null, ""identity_evidence"": [""current directory ticker and name compatible""], ""membership_source"": ""HistoricalTickerComponents"", ""provider_symbol"": ""DOW"", ""source_security_id"": ""1bf034ea-f0cd-5f3c-a1bf-4b7bd75a3d78"", ""symbol_changes"": []}",RESOLVED,stable identifiers and provider identity preserved by validated POC3 security master
DPZ,37641657-7a01-549a-ac99-2fcc8edef259,2020-05-12,,Domino's Pizza Inc Common Stock,BBG000P458P3,US25754A2015,0001286681,DPZ,EODHD HistoricalTickerComponents / POC3 validated,HIGH,"{""dataset"": ""EODHD POC3 validated security master"", ""exception"": null, ""identifiers"": {""CIK"": ""0001286681"", ""CUSIP"": ""25754A201"", ""ISIN"": ""US25754A2015"", ""LEI"": ""5299004V0Y8MI5D9FF45"", ""OpenFigi"": ""BBG000P458P3""}, ""identity_correction"": null, ""identity_evidence"": [""current directory ticker and name compatible""], ""membership_source"": ""HistoricalTickerComponents"", ""provider_symbol"": ""DPZ"", ""source_security_id"": ""37641657-7a01-549a-ac99-2fcc8edef259"", ""symbol_changes"": []}",RESOLVED,stable identifiers and provider identity preserved by validated POC3 security master
DRE,51e19ebc-ada2-51fe-ab2b-b9470a6a4e48,2017-07-26,2022-10-03,Duke Realty Corporation,,US2644115055,0000783280,DRE,EODHD HistoricalTickerComponents / POC3 validated,HIGH,"{""dataset"": ""EODHD POC3 validated security master"", ""exception"": null, ""identifiers"": {""CIK"": ""0000783280"", ""CUSIP"": ""264411505"", ""ISIN"": ""US2644115055""}, ""identity_correction"": null, ""identity_evidence"": [""delisted directory ticker and name compatible""], ""membership_source"": ""HistoricalTickerComponents"", ""provider_symbol"": ""DRE"", ""source_security_id"": ""51e19ebc-ada2-51fe-ab2b-b9470a6a4e48"", ""symbol_changes"": []}",RESOLVED,stable identifiers and provider identity preserved by validated POC3 security master
DRI,485cbfbb-bdf8-5924-b70d-1d37ddfc15fe,1995-05-31,,Darden Restaurants Inc,BBG000BBNYF6,US2371941053,0000940944,DRI,EODHD HistoricalTickerComponents / POC3 validated,HIGH,"{""dataset"": ""EODHD POC3 validated security master"", ""exception"": null, ""identifiers"": {""CIK"": ""0000940944"", ""CUSIP"": ""237194105"", ""ISIN"": ""US2371941053"", ""LEI"": ""CY1NFSCCB5GUXC7WZC70"", ""OpenFigi"": ""BBG000BBNYF6""}, ""identity_correction"": null, ""identity_evidence"": [""current directory ticker and name compatible""], ""membership_source"": ""HistoricalTickerComponents"", ""provider_symbol"": ""DRI"", ""source_security_id"": ""485cbfbb-bdf8-5924-b70d-1d37ddfc15fe"", ""symbol_changes"": []}",RESOLVED,stable identifiers and provider identity preserved by validated POC3 security master
DTE,d5977023-ce80-531a-bc5a-1095a3a86cfe,1957-03-04,,DTE Energy Company,BBG000BB29X4,US2333311072,0000936340,DTE,EODHD HistoricalTickerComponents / POC3 validated,HIGH,"{""dataset"": ""EODHD POC3 validated security master"", ""exception"": null, ""identifiers"": {""CIK"": ""0000936340"", ""CUSIP"": ""233331107"", ""ISIN"": ""US2333311072"", ""LEI"": ""549300IX8SD6XXD71I78"", ""OpenFigi"": ""BBG000BB29X4""}, ""identity_correction"": null, ""identity_evidence"": [""current directory ticker and name compatible""], ""membership_source"": ""HistoricalTickerComponents"", ""provider_symbol"": ""DTE"", ""source_security_id"": ""d5977023-ce80-531a-bc5a-1095a3a86cfe"", ""symbol_changes"": []}",RESOLVED,stable identifiers and provider identity preserved by validated POC3 security master
DUK,76c2566c-c9c0-5336-9f1f-8c107782ed71,1976-06-30,,Duke Energy Corporation,BBG000BHGDH5,US26441C2044,0001326160,DUK,EODHD HistoricalTickerComponents / POC3 validated,HIGH,"{""dataset"": ""EODHD POC3 validated security master"", ""exception"": null, ""identifiers"": {""CIK"": ""0001326160"", ""CUSIP"": ""264399585"", ""ISIN"": ""US26441C2044"", ""LEI"": ""I1BZKREC126H0VB1BL91"", ""OpenFigi"": ""BBG000BHGDH5""}, ""identity_correction"": null, ""identity_evidence"": [""current directory ticker and name compatible""], ""membership_source"": ""HistoricalTickerComponents"", ""provider_symbol"": ""DUK"", ""source_security_id"": ""76c2566c-c9c0-5336-9f1f-8c107782ed71"", ""symbol_changes"": []}",RESOLVED,stable identifiers and provider identity preserved by validated POC3 security master
DVA,3a25df7a-c6f2-59ac-bfa8-50a8fcc56ef6,2008-07-31,,DaVita HealthCare Partners Inc,BBG000MQ1SN9,US23918K1088,0000927066,DVA,EODHD HistoricalTickerComponents / POC3 validated,HIGH,"{""dataset"": ""EODHD POC3 validated security master"", ""exception"": null, ""identifiers"": {""CIK"": ""0000927066"", ""CUSIP"": ""89151A107"", ""ISIN"": ""US23918K1088"", ""LEI"": ""M2XHYMU3TZNEZURC6H66"", ""OpenFigi"": ""BBG000MQ1SN9""}, ""identity_correction"": null, ""identity_evidence"": [""current directory ticker and name compatible""], ""membership_source"": ""HistoricalTickerComponents"", ""provider_symbol"": ""DVA"", ""source_security_id"": ""3a25df7a-c6f2-59ac-bfa8-50a8fcc56ef6"", ""symbol_changes"": []}",RESOLVED,stable identifiers and provider identity preserved by validated POC3 security master
DVN,90738a08-2d4d-5eeb-a817-e14c2188ae8b,2000-08-30,,Devon Energy Corporation,BBG000BBVJZ8,US25179M1036,0001090012,DVN,EODHD HistoricalTickerComponents / POC3 validated,HIGH,"{""dataset"": ""EODHD POC3 validated security master"", ""exception"": null, ""identifiers"": {""CIK"": ""0001090012"", ""CUSIP"": ""25179M103"", ""ISIN"": ""US25179M1036"", ""LEI"": ""54930042348RKR3ZPN35"", ""OpenFigi"": ""BBG000BBVJZ8""}, ""identity_correction"": null, ""identity_evidence"": [""current directory ticker and name compatible""], ""membership_source"": ""HistoricalTickerComponents"", ""provider_symbol"": ""DVN"", ""source_security_id"": ""90738a08-2d4d-5eeb-a817-e14c2188ae8b"", ""symbol_changes"": []}",RESOLVED,stable identifiers and provider identity preserved by validated POC3 security master
DXC,69e7a6ec-6b92-5206-b35d-44711cff6e4e,2017-04-04,2023-10-03,DXC Technology Co,BBG00FN64XT9,US23355L1061,0001688568,DXC,EODHD HistoricalTickerComponents / POC3 validated,HIGH,"{""dataset"": ""EODHD POC3 validated security master"", ""exception"": null, ""identifiers"": {""CIK"": ""0001688568"", ""CUSIP"": ""23355L106"", ""ISIN"": ""US23355L1061"", ""LEI"": ""549300DOVZ3EDJB7O259"", ""OpenFigi"": ""BBG00FN64XT9""}, ""identity_correction"": null, ""identity_evidence"": [""no exact safe current/delisted instrument mapping"", ""exact ticker used as candidate pending fundamentals validation""], ""membership_source"": ""HistoricalTickerComponents"", ""provider_symbol"": ""DXC"", ""source_security_id"": ""69e7a6ec-6b92-5206-b35d-44711cff6e4e"", ""symbol_changes"": []}",RESOLVED,stable identifiers and provider identity preserved by validated POC3 security master
DXCM,bbf7bee9-1b08-5d8e-9a6f-3421bce5998b,2020-05-12,,DexCom Inc,BBG000QTF8K1,US2521311074,0001093557,DXCM,EODHD HistoricalTickerComponents / POC3 validated,HIGH,"{""dataset"": ""EODHD POC3 validated security master"", ""exception"": null, ""identifiers"": {""CIK"": ""0001093557"", ""CUSIP"": ""252131107"", ""ISIN"": ""US2521311074"", ""LEI"": ""549300YSK3QDSFR5EU59"", ""OpenFigi"": ""BBG000QTF8K1""}, ""identity_correction"": null, ""identity_evidence"": [""current directory ticker and name compatible""], ""membership_source"": ""HistoricalTickerComponents"", ""provider_symbol"": ""DXCM"", ""source_security_id"": ""bbf7bee9-1b08-5d8e-9a6f-3421bce5998b"", ""symbol_changes"": []}",RESOLVED,stable identifiers and provider identity preserved by validated POC3 security master
EA,ea064420-88f9-5a08-982c-28a3459de19b,2002-07-22,2026-08-05,Electronic Arts Inc,BBG000BP0KQ8,US2855121099,0000712515,EA,EODHD HistoricalTickerComponents / POC3 validated,HIGH,"{""dataset"": ""EODHD POC3 validated security master"", ""exception"": null, ""identifiers"": {""CIK"": ""0000712515"", ""CUSIP"": ""285512109"", ""ISIN"": ""US2855121099"", ""LEI"": ""549300O7A67PUEYKDL45"", ""OpenFigi"": ""BBG000BP0KQ8""}, ""identity_correction"": null, ""identity_evidence"": [""current directory ticker and name compatible""], ""membership_source"": ""HistoricalTickerComponents"", ""provider_symbol"": ""EA"", ""source_security_id"": ""ea064420-88f9-5a08-982c-28a3459de19b"", ""symbol_changes"": []}",RESOLVED,stable identifiers and provider identity preserved by validated POC3 security master
EBAY,767f31e2-e058-5001-9117-92daebc55a44,2002-07-22,,eBay Inc,BBG000C43RR5,US2786421030,0001065088,EBAY,EODHD HistoricalTickerComponents / POC3 validated,HIGH,"{""dataset"": ""EODHD POC3 validated security master"", ""exception"": null, ""identifiers"": {""CIK"": ""0001065088"", ""CUSIP"": ""278642103"", ""ISIN"": ""US2786421030"", ""LEI"": ""OML71K8X303XQONU6T67"", ""OpenFigi"": ""BBG000C43RR5""}, ""identity_correction"": null, ""identity_evidence"": [""current directory ticker and name compatible""], ""membership_source"": ""HistoricalTickerComponents"", ""provider_symbol"": ""EBAY"", ""source_security_id"": ""767f31e2-e058-5001-9117-92daebc55a44"", ""symbol_changes"": []}",RESOLVED,stable identifiers and provider identity preserved by validated POC3 security master
ECHO,01466be1-c2f1-5529-9c00-00d1f3d9d434,2026-03-23,,EchoStar Corporation,BBG000TGLV00,US2787681061,,ECHO,EODHD HistoricalTickerComponents / POC3 validated,HIGH,"{""dataset"": ""EODHD POC3 validated security master"", ""exception"": null, ""identifiers"": {""ISIN"": ""US2787681061"", ""LEI"": ""549300EE20907QZ9GT38"", ""OpenFigi"": ""BBG000TGLV00""}, ""identity_correction"": null, ""identity_evidence"": [""current directory ticker and name compatible""], ""membership_source"": ""HistoricalTickerComponents"", ""provider_symbol"": ""ECHO"", ""source_security_id"": ""01466be1-c2f1-5529-9c00-00d1f3d9d434"", ""symbol_changes"": [{""company_name"": ""EchoStar  Corporation Common Stock"", ""effective"": ""2026-06-24"", ""exchange"": ""US"", ""new_symbol"": ""ECHO"", ""old_symbol"": ""SATS""}]}",RESOLVED,stable identifiers and provider identity preserved by validated POC3 security master
ECL,006f0a8c-76ca-5315-8af2-713fe40184ab,1989-01-31,,Ecolab Inc,BBG000BHKYH4,US2788651006,0000031462,ECL,EODHD HistoricalTickerComponents / POC3 validated,HIGH,"{""dataset"": ""EODHD POC3 validated security master"", ""exception"": null, ""identifiers"": {""CIK"": ""0000031462"", ""CUSIP"": ""278865100"", ""ISIN"": ""US2788651006"", ""LEI"": ""82DYEISM090VG8LTLS26"", ""OpenFigi"": ""BBG000BHKYH4""}, ""identity_correction"": null, ""identity_evidence"": [""current directory ticker and name compatible""], ""membership_source"": ""HistoricalTickerComponents"", ""provider_symbol"": ""ECL"", ""source_security_id"": ""006f0a8c-76ca-5315-8af2-713fe40184ab"", ""symbol_changes"": []}",RESOLVED,stable identifiers and provider identity preserved by validated POC3 security master
ED,4fe593cd-ea49-50df-b427-f741844651c9,1957-03-04,,Consolidated Edison Inc,BBG000BHLYS1,US2091151041,0001047862,ED,EODHD HistoricalTickerComponents / POC3 validated,HIGH,"{""dataset"": ""EODHD POC3 validated security master"", ""exception"": null, ""identifiers"": {""CIK"": ""0001047862"", ""CUSIP"": ""209111103"", ""ISIN"": ""US2091151041"", ""LEI"": ""54930033SBW53OO8T749"", ""OpenFigi"": ""BBG000BHLYS1""}, ""identity_correction"": null, ""identity_evidence"": [""current directory ticker and name compatible""], ""membership_source"": ""HistoricalTickerComponents"", ""provider_symbol"": ""ED"", ""source_security_id"": ""4fe593cd-ea49-50df-b427-f741844651c9"", ""symbol_changes"": []}",RESOLVED,stable identifiers and provider identity preserved by validated POC3 security master
EFX,1746708d-aa8a-589e-bdbc-285e4d27a640,1997-06-19,,Equifax Inc,BBG000BHPL78,US2944291051,0000033185,EFX,EODHD HistoricalTickerComponents / POC3 validated,HIGH,"{""dataset"": ""EODHD POC3 validated security master"", ""exception"": null, ""identifiers"": {""CIK"": ""0000033185"", ""CUSIP"": ""294429105"", ""ISIN"": ""US2944291051"", ""LEI"": ""5493004MCF8JDC86VS77"", ""OpenFigi"": ""BBG000BHPL78""}, ""identity_correction"": null, ""identity_evidence"": [""current directory ticker and name compatible""], ""membership_source"": ""HistoricalTickerComponents"", ""provider_symbol"": ""EFX"", ""source_security_id"": ""1746708d-aa8a-589e-bdbc-285e4d27a640"", ""symbol_changes"": []}",RESOLVED,stable identifiers and provider identity preserved by validated POC3 security master
EG,30ffaf1f-1c2d-599f-9cf8-fb09a749b30c,2017-06-19,,Everest Group Ltd,BBG000C1XVK6,BMG3223R1088,0001095073,EG,EODHD HistoricalTickerComponents / POC3 validated,HIGH,"{""dataset"": ""EODHD POC3 validated security master"", ""exception"": null, ""identifiers"": {""CIK"": ""0001095073"", ""CUSIP"": ""G3223R108"", ""ISIN"": ""BMG3223R1088"", ""OpenFigi"": ""BBG000C1XVK6""}, ""identity_correction"": null, ""identity_evidence"": [""current directory ticker and name compatible""], ""membership_source"": ""HistoricalTickerComponents"", ""provider_symbol"": ""EG"", ""source_security_id"": ""30ffaf1f-1c2d-599f-9cf8-fb09a749b30c"", ""symbol_changes"": [{""company_name"": ""Everest Group, Ltd. Common Stock"", ""effective"": ""2023-07-10"", ""exchange"": ""US"", ""new_symbol"": ""EG"", ""old_symbol"": ""RE""}]}",RESOLVED,stable identifiers and provider identity preserved by validated POC3 security master
EIX,898b4698-3e25-52a9-92ab-b645af66addf,1957-03-04,,Edison International,BBG000D7RKJ5,US2810201077,0000827052,EIX,EODHD HistoricalTickerComponents / POC3 validated,HIGH,"{""dataset"": ""EODHD POC3 validated security master"", ""exception"": null, ""identifiers"": {""CIK"": ""0000827052"", ""CUSIP"": ""783882103"", ""ISIN"": ""US2810201077"", ""LEI"": ""549300I7ROF15MAEVP56"", ""OpenFigi"": ""BBG000D7RKJ5""}, ""identity_correction"": null, ""identity_evidence"": [""current directory ticker and name compatible""], ""membership_source"": ""HistoricalTickerComponents"", ""provider_symbol"": ""EIX"", ""source_security_id"": ""898b4698-3e25-52a9-92ab-b645af66addf"", ""symbol_changes"": []}",RESOLVED,stable identifiers and provider identity preserved by validated POC3 security master
EL,d2380ff1-30eb-5a32-858a-9592c13aaefd,2006-01-05,,Estee Lauder Companies Inc,BBG000FKJRC5,US5184391044,0001001250,EL,EODHD HistoricalTickerComponents / POC3 validated,HIGH,"{""dataset"": ""EODHD POC3 validated security master"", ""exception"": null, ""identifiers"": {""CIK"": ""0001001250"", ""CUSIP"": ""518439104"", ""ISIN"": ""US5184391044"", ""LEI"": ""549300VFZ8XJ9NUPU221"", ""OpenFigi"": ""BBG000FKJRC5""}, ""identity_correction"": null, ""identity_evidence"": [""current directory ticker and name compatible""], ""membership_source"": ""HistoricalTickerComponents"", ""provider_symbol"": ""EL"", ""source_security_id"": ""d2380ff1-30eb-5a32-858a-9592c13aaefd"", ""symbol_changes"": []}",RESOLVED,stable identifiers and provider identity preserved by validated POC3 security master
ELV,32ba08c8-fcd1-5d0e-ac58-38c5d747deb8,2002-07-25,,Elevance Health Inc,BBG000BCG930,US0367521038,0001156039,ELV,EODHD HistoricalTickerComponents / POC3 validated,HIGH,"{""dataset"": ""EODHD POC3 validated security master"", ""exception"": null, ""identifiers"": {""CIK"": ""0001156039"", ""CUSIP"": ""03674B203"", ""ISIN"": ""US0367521038"", ""LEI"": ""8MYN82XMYQH89CTMTH67"", ""OpenFigi"": ""BBG000BCG930""}, ""identity_correction"": null, ""identity_evidence"": [""current directory ticker and name compatible""], ""membership_source"": ""HistoricalTickerComponents"", ""provider_symbol"": ""ELV"", ""source_security_id"": ""32ba08c8-fcd1-5d0e-ac58-38c5d747deb8"", ""symbol_changes"": [{""company_name"": ""Elevance Health, Inc. Common Stock"", ""effective"": ""2022-06-28"", ""exchange"": ""US"", ""new_symbol"": ""ELV"", ""old_symbol"": ""ANTM""}]}",RESOLVED,stable identifiers and provider identity preserved by validated POC3 security master
EMBC,1054b324-70d8-563a-ace0-1c6da3268551,2022-04-01,2022-04-04,Embecta Corp,BBG014L7D4G1,US29082K1051,0001872789,EMBC,EODHD HistoricalTickerComponents / POC3 validated,HIGH,"{""dataset"": ""EODHD POC3 validated security master"", ""exception"": null, ""identifiers"": {""CIK"": ""0001872789"", ""CUSIP"": ""29082K105"", ""ISIN"": ""US29082K1051"", ""OpenFigi"": ""BBG014L7D4G1""}, ""identity_correction"": null, ""identity_evidence"": [""no exact safe current/delisted instrument mapping"", ""exact ticker used as candidate pending fundamentals validation""], ""membership_source"": ""HistoricalTickerComponents"", ""provider_symbol"": ""EMBC"", ""source_security_id"": ""1054b324-70d8-563a-ace0-1c6da3268551"", ""symbol_changes"": []}",RESOLVED,stable identifiers and provider identity preserved by validated POC3 security master
EME,73abefa6-8a73-5219-97f5-6e964f77bdb8,2025-09-22,,EMCOR Group Inc,BBG000BBRPL4,US29084Q1004,0000105634,EME,EODHD HistoricalTickerComponents / POC3 validated,HIGH,"{""dataset"": ""EODHD POC3 validated security master"", ""exception"": null, ""identifiers"": {""CIK"": ""0000105634"", ""CUSIP"": ""29084Q100"", ""ISIN"": ""US29084Q1004"", ""LEI"": ""529900X0SQJB2J7YDU43"", ""OpenFigi"": ""BBG000BBRPL4""}, ""identity_correction"": null, ""identity_evidence"": [""current directory ticker and name compatible""], ""membership_source"": ""HistoricalTickerComponents"", ""provider_symbol"": ""EME"", ""source_security_id"": ""73abefa6-8a73-5219-97f5-6e964f77bdb8"", ""symbol_changes"": []}",RESOLVED,stable identifiers and provider identity preserved by validated POC3 security master
EMN,b8151b87-ce01-5952-83b7-21a7f249775b,1994-01-01,2025-11-04,Eastman Chemical Company,BBG000BLW530,US2774321002,0000915389,EMN,EODHD HistoricalTickerComponents / POC3 validated,HIGH,"{""dataset"": ""EODHD POC3 validated security master"", ""exception"": null, ""identifiers"": {""CIK"": ""0000915389"", ""CUSIP"": ""277432100"", ""ISIN"": ""US2774321002"", ""LEI"": ""FDPVHDGJ1IQZFK9KH630"", ""OpenFigi"": ""BBG000BLW530""}, ""identity_correction"": null, ""identity_evidence"": [""no exact safe current/delisted instrument mapping"", ""exact ticker used as candidate pending fundamentals validation""], ""membership_source"": ""HistoricalTickerComponents"", ""provider_symbol"": ""EMN"", ""source_security_id"": ""b8151b87-ce01-5952-83b7-21a7f249775b"", ""symbol_changes"": []}",RESOLVED,stable identifiers and provider identity preserved by validated POC3 security master
EMR,e805253d-ad31-57cd-93ea-7bdc3aa6708e,1965-03-31,,Emerson Electric Company,BBG000BHX7N2,US2910111044,0000032604,EMR,EODHD HistoricalTickerComponents / POC3 validated,HIGH,"{""dataset"": ""EODHD POC3 validated security master"", ""exception"": null, ""identifiers"": {""CIK"": ""0000032604"", ""CUSIP"": ""291011104"", ""ISIN"": ""US2910111044"", ""LEI"": ""FGLT0EWZSUIRRITFOA30"", ""OpenFigi"": ""BBG000BHX7N2""}, ""identity_correction"": null, ""identity_evidence"": [""current directory ticker and name compatible""], ""membership_source"": ""HistoricalTickerComponents"", ""provider_symbol"": ""EMR"", ""source_security_id"": ""e805253d-ad31-57cd-93ea-7bdc3aa6708e"", ""symbol_changes"": []}",RESOLVED,stable identifiers and provider identity preserved by validated POC3 security master
ENPH,e466e1ff-475f-57b3-b364-0945485939dc,2021-01-07,2025-09-22,Enphase Energy Inc,BBG001R3MNY9,US29355A1079,0001463101,ENPH,EODHD HistoricalTickerComponents / POC3 validated,HIGH,"{""dataset"": ""EODHD POC3 validated security master"", ""exception"": null, ""identifiers"": {""CIK"": ""0001463101"", ""CUSIP"": ""29355A107"", ""ISIN"": ""US29355A1079"", ""LEI"": ""5493008U7KIGMI59Z314"", ""OpenFigi"": ""BBG001R3MNY9""}, ""identity_correction"": null, ""identity_evidence"": [""no exact safe current/delisted instrument mapping"", ""exact ticker used as candidate pending fundamentals validation""], ""membership_source"": ""HistoricalTickerComponents"", ""provider_symbol"": ""ENPH"", ""source_security_id"": ""e466e1ff-475f-57b3-b364-0945485939dc"", ""symbol_changes"": []}",RESOLVED,stable identifiers and provider identity preserved by validated POC3 security master
EOG,d3faaacb-b9ea-57cf-a7ac-388154e6d832,2000-11-02,,EOG Resources Inc,BBG000BZ9223,US26875P1012,0000821189,EOG,EODHD HistoricalTickerComponents / POC3 validated,HIGH,"{""dataset"": ""EODHD POC3 validated security master"", ""exception"": null, ""identifiers"": {""CIK"": ""0000821189"", ""CUSIP"": ""293562104"", ""ISIN"": ""US26875P1012"", ""LEI"": ""XWTZDRYZPBUHIQBKDB46"", ""OpenFigi"": ""BBG000BZ9223""}, ""identity_correction"": null, ""identity_evidence"": [""current directory ticker and name compatible""], ""membership_source"": ""HistoricalTickerComponents"", ""provider_symbol"": ""EOG"", ""source_security_id"": ""d3faaacb-b9ea-57cf-a7ac-388154e6d832"", ""symbol_changes"": []}",RESOLVED,stable identifiers and provider identity preserved by validated POC3 security master
EPAM,4b637b60-7fac-5a1d-9f94-ae539af3d119,2021-12-14,2026-06-02,EPAM Systems Inc,BBG000MHTV89,US29414B1044,0001352010,EPAM,EODHD HistoricalTickerComponents / POC3 validated,HIGH,"{""dataset"": ""EODHD POC3 validated security master"", ""exception"": null, ""identifiers"": {""CIK"": ""0001352010"", ""CUSIP"": ""29414B104"", ""ISIN"": ""US29414B1044"", ""LEI"": ""549300XCR4R530HJP604"", ""OpenFigi"": ""BBG000MHTV89""}, ""identity_correction"": null, ""identity_evidence"": [""no exact safe current/delisted instrument mapping"", ""exact ticker used as candidate pending fundamentals validation""], ""membership_source"": ""HistoricalTickerComponents"", ""provider_symbol"": ""EPAM"", ""source_security_id"": ""4b637b60-7fac-5a1d-9f94-ae539af3d119"", ""symbol_changes"": []}",RESOLVED,stable identifiers and provider identity preserved by validated POC3 security master
EQIX,017cdd7c-3cf1-5553-aed0-35885b350d27,2015-03-23,,Equinix Inc,BBG000MBDGM6,US29444U7000,0001101239,EQIX,EODHD HistoricalTickerComponents / POC3 validated,HIGH,"{""dataset"": ""EODHD POC3 validated security master"", ""exception"": null, ""identifiers"": {""CIK"": ""0001101239"", ""CUSIP"": ""29444U106"", ""ISIN"": ""US29444U7000"", ""LEI"": ""549300EVUN2BTLJ3GT74"", ""OpenFigi"": ""BBG000MBDGM6""}, ""identity_correction"": null, ""identity_evidence"": [""current directory ticker and name compatible""], ""membership_source"": ""HistoricalTickerComponents"", ""provider_symbol"": ""EQIX"", ""source_security_id"": ""017cdd7c-3cf1-5553-aed0-35885b350d27"", ""symbol_changes"": []}",RESOLVED,stable identifiers and provider identity preserved by validated POC3 security master
EQT,4e0975e7-830f-5d58-b5d8-69d241f1cdfe,2022-10-03,,EQT Corporation,BBG000BHZ5J9,US26884L1098,0000033213,EQT,EODHD HistoricalTickerComponents / POC3 validated,HIGH,"{""dataset"": ""EODHD POC3 validated security master"", ""exception"": null, ""identifiers"": {""CIK"": ""0000033213"", ""CUSIP"": ""294549100"", ""ISIN"": ""US26884L1098"", ""LEI"": ""4NT01YGM4X7ZX86ISY52"", ""OpenFigi"": ""BBG000BHZ5J9""}, ""identity_correction"": null, ""identity_evidence"": [""current directory ticker and name compatible""], ""membership_source"": ""HistoricalTickerComponents"", ""provider_symbol"": ""EQT"", ""source_security_id"": ""4e0975e7-830f-5d58-b5d8-69d241f1cdfe"", ""symbol_changes"": []}",RESOLVED,stable identifiers and provider identity preserved by validated POC3 security master
ERIE,9c973390-590a-5464-959d-619183936361,2024-09-23,,Erie Indemnity Company,BBG000BBTJZ1,US29530P1021,0000922621,ERIE,EODHD HistoricalTickerComponents / POC3 validated,HIGH,"{""dataset"": ""EODHD POC3 validated security master"", ""exception"": null, ""identifiers"": {""CIK"": ""0000922621"", ""CUSIP"": ""29530P102"", ""ISIN"": ""US29530P1021"", ""LEI"": ""549300WA5KP94KRUFZ80"", ""OpenFigi"": ""BBG000BBTJZ1""}, ""identity_correction"": null, ""identity_evidence"": [""current directory ticker and name compatible""], ""membership_source"": ""HistoricalTickerComponents"", ""provider_symbol"": ""ERIE"", ""source_security_id"": ""9c973390-590a-5464-959d-619183936361"", ""symbol_changes"": []}",RESOLVED,stable identifiers and provider identity preserved by validated POC3 security master
ES,c2f3cfb9-1329-5422-aeb6-74cb75b4b6b4,2009-07-24,,Eversource Energy,BBG000BQ87N0,US30040W1080,0000072741,ES,EODHD HistoricalTickerComponents / POC3 validated,HIGH,"{""dataset"": ""EODHD POC3 validated security master"", ""exception"": null, ""identifiers"": {""CIK"": ""0000072741"", ""CUSIP"": ""664397106"", ""ISIN"": ""US30040W1080"", ""LEI"": ""SJ7XXD41SQU3ZNWUJ746"", ""OpenFigi"": ""BBG000BQ87N0""}, ""identity_correction"": null, ""identity_evidence"": [""current directory ticker and name compatible""], ""membership_source"": ""HistoricalTickerComponents"", ""provider_symbol"": ""ES"", ""source_security_id"": ""c2f3cfb9-1329-5422-aeb6-74cb75b4b6b4"", ""symbol_changes"": []}",RESOLVED,stable identifiers and provider identity preserved by validated POC3 security master
ESS,6cd45a9d-9aaa-5539-ac1b-db6db611884e,2014-04-02,,Essex Property Trust Inc,BBG000CGJMB9,US2971781057,0000920522,ESS,EODHD HistoricalTickerComponents / POC3 validated,HIGH,"{""dataset"": ""EODHD POC3 validated security master"", ""exception"": null, ""identifiers"": {""CIK"": ""0000920522"", ""CUSIP"": ""297178105"", ""ISIN"": ""US2971781057"", ""LEI"": ""549300TR2H2VEFX0NC60"", ""OpenFigi"": ""BBG000CGJMB9""}, ""identity_correction"": null, ""identity_evidence"": [""current directory ticker and name compatible""], ""membership_source"": ""HistoricalTickerComponents"", ""provider_symbol"": ""ESS"", ""source_security_id"": ""6cd45a9d-9aaa-5539-ac1b-db6db611884e"", ""symbol_changes"": []}",RESOLVED,stable identifiers and provider identity preserved by validated POC3 security master
ETN,32b52f01-3321-559e-9fb9-4e25329c2299,1957-03-04,,Eaton Corporation PLC,BBG000BJ3PD2,IE00B8KQN827,0001551182,ETN,EODHD HistoricalTickerComponents / POC3 validated,HIGH,"{""dataset"": ""EODHD POC3 validated security master"", ""exception"": null, ""identifiers"": {""CIK"": ""0001551182"", ""CUSIP"": ""278058102"", ""ISIN"": ""IE00B8KQN827"", ""LEI"": ""0NZWDMRCE180888QQE14"", ""OpenFigi"": ""BBG000BJ3PD2""}, ""identity_correction"": null, ""identity_evidence"": [""current directory ticker and name compatible""], ""membership_source"": ""HistoricalTickerComponents"", ""provider_symbol"": ""ETN"", ""source_security_id"": ""32b52f01-3321-559e-9fb9-4e25329c2299"", ""symbol_changes"": []}",RESOLVED,stable identifiers and provider identity preserved by validated POC3 security master
ETR,10fa148d-b8a7-5bd5-b7fa-0bb6ad068b5e,1957-03-04,,Entergy Corporation,BBG000C1FQS9,US29364G1031,0000065984,ETR,EODHD HistoricalTickerComponents / POC3 validated,HIGH,"{""dataset"": ""EODHD POC3 validated security master"", ""exception"": null, ""identifiers"": {""CIK"": ""0000065984"", ""CUSIP"": ""29364G103"", ""ISIN"": ""US29364G1031"", ""LEI"": ""4XM3TW50JULSLG8BNC79"", ""OpenFigi"": ""BBG000C1FQS9""}, ""identity_correction"": null, ""identity_evidence"": [""current directory ticker and name compatible""], ""membership_source"": ""HistoricalTickerComponents"", ""provider_symbol"": ""ETR"", ""source_security_id"": ""10fa148d-b8a7-5bd5-b7fa-0bb6ad068b5e"", ""symbol_changes"": []}",RESOLVED,stable identifiers and provider identity preserved by validated POC3 security master
ETSY,59acdb39-df70-5595-8058-49b17c30289b,2020-09-21,2024-09-23,"Etsy, Inc.",BBG000N7MXL8,US29786A1060,0001370637,ETSY,EODHD HistoricalTickerComponents / POC3 validated,HIGH,"{""dataset"": ""EODHD POC3 validated security master"", ""exception"": null, ""identifiers"": {""CIK"": ""0001370637"", ""CUSIP"": ""29786A106"", ""ISIN"": ""US29786A1060"", ""LEI"": ""54930089Q7XT501AEA40"", ""OpenFigi"": ""BBG000N7MXL8""}, ""identity_correction"": null, ""identity_evidence"": [""no exact safe current/delisted instrument mapping"", ""exact ticker used as candidate pending fundamentals validation""], ""membership_source"": ""HistoricalTickerComponents"", ""provider_symbol"": ""ETSY"", ""source_security_id"": ""59acdb39-df70-5595-8058-49b17c30289b"", ""symbol_changes"": []}",RESOLVED,stable identifiers and provider identity preserved by validated POC3 security master
EVRG,a0cdf102-5bf4-59b3-a361-3579525d8b15,2018-06-05,,"Evergy, Inc.",BBG00H433CR2,US30034W1062,0001711269,EVRG,EODHD HistoricalTickerComponents / POC3 validated,HIGH,"{""dataset"": ""EODHD POC3 validated security master"", ""exception"": null, ""identifiers"": {""CIK"": ""0001711269"", ""CUSIP"": ""30034W106"", ""ISIN"": ""US30034W1062"", ""LEI"": ""549300PGTHDQY6PSUI61"", ""OpenFigi"": ""BBG00H433CR2""}, ""identity_correction"": null, ""identity_evidence"": [""current directory ticker and name compatible""], ""membership_source"": ""HistoricalTickerComponents"", ""provider_symbol"": ""EVRG"", ""source_security_id"": ""a0cdf102-5bf4-59b3-a361-3579525d8b15"", ""symbol_changes"": []}",RESOLVED,stable identifiers and provider identity preserved by validated POC3 security master
EW,650d407c-8848-5aa4-a754-3b9dce109631,2011-03-31,,Edwards Lifesciences Corp,BBG000BRXP69,US28176E1082,0001099800,EW,EODHD HistoricalTickerComponents / POC3 validated,HIGH,"{""dataset"": ""EODHD POC3 validated security master"", ""exception"": null, ""identifiers"": {""CIK"": ""0001099800"", ""CUSIP"": ""28176E108"", ""ISIN"": ""US28176E1082"", ""LEI"": ""YA13X31F3V31L8TMPR58"", ""OpenFigi"": ""BBG000BRXP69""}, ""identity_correction"": null, ""identity_evidence"": [""current directory ticker and name compatible""], ""membership_source"": ""HistoricalTickerComponents"", ""provider_symbol"": ""EW"", ""source_security_id"": ""650d407c-8848-5aa4-a754-3b9dce109631"", ""symbol_changes"": []}",RESOLVED,stable identifiers and provider identity preserved by validated POC3 security master
EXC,a2352341-3318-5a16-b151-35bd0f208ad2,1957-03-04,,Exelon Corporation,BBG000J6XT05,US30161N1019,0001109357,EXC,EODHD HistoricalTickerComponents / POC3 validated,HIGH,"{""dataset"": ""EODHD POC3 validated security master"", ""exception"": null, ""identifiers"": {""CIK"": ""0001109357"", ""CUSIP"": ""30161N101"", ""ISIN"": ""US30161N1019"", ""LEI"": ""3SOUA6IRML7435B56G12"", ""OpenFigi"": ""BBG000J6XT05""}, ""identity_correction"": null, ""identity_evidence"": [""current directory ticker and name compatible""], ""membership_source"": ""HistoricalTickerComponents"", ""provider_symbol"": ""EXC"", ""source_security_id"": ""a2352341-3318-5a16-b151-35bd0f208ad2"", ""symbol_changes"": []}",RESOLVED,stable identifiers and provider identity preserved by validated POC3 security master
EXE,07fc3ed0-745c-5c5d-a1cf-5972db2f04fb,2025-03-24,,Expand Energy Corporation,BBG00Z6DX554,US1651677353,0000895126,EXE,EODHD HistoricalTickerComponents / POC3 validated,HIGH,"{""dataset"": ""EODHD POC3 validated security master"", ""exception"": null, ""identifiers"": {""CIK"": ""0000895126"", ""ISIN"": ""US1651677353"", ""LEI"": ""X2MT1W32SPAZ9WSKLE78"", ""OpenFigi"": ""BBG00Z6DX554""}, ""identity_correction"": null, ""identity_evidence"": [""current directory ticker and name compatible""], ""membership_source"": ""HistoricalTickerComponents"", ""provider_symbol"": ""EXE"", ""source_security_id"": ""07fc3ed0-745c-5c5d-a1cf-5972db2f04fb"", ""symbol_changes"": [{""company_name"": ""Expand Energy Corporation Common Stock"", ""effective"": ""2024-10-02"", ""exchange"": ""US"", ""new_symbol"": ""EXE"", ""old_symbol"": ""CHK""}]}",RESOLVED,stable identifiers and provider identity preserved by validated POC3 security master
EXPD,772158dc-ebbf-5b21-b94d-9f42facfb1ab,2007-10-10,,"Expeditors International of Washington, Inc.",BBG000BJ5GK2,US3021301094,0000746515,EXPD,EODHD HistoricalTickerComponents / POC3 validated,HIGH,"{""dataset"": ""EODHD POC3 validated security master"", ""exception"": null, ""identifiers"": {""CIK"": ""0000746515"", ""CUSIP"": ""302130109"", ""ISIN"": ""US3021301094"", ""LEI"": ""984500B055A804AB6E40"", ""OpenFigi"": ""BBG000BJ5GK2""}, ""identity_correction"": null, ""identity_evidence"": [""current directory ticker and name compatible""], ""membership_source"": ""HistoricalTickerComponents"", ""provider_symbol"": ""EXPD"", ""source_security_id"": ""772158dc-ebbf-5b21-b94d-9f42facfb1ab"", ""symbol_changes"": []}",RESOLVED,stable identifiers and provider identity preserved by validated POC3 security master
EXPE,6a96536a-7fe4-5f0c-8816-8d16fe432756,2007-10-02,,Expedia Group Inc.,BBG000QY3XZ2,US30212P3038,0001324424,EXPE,EODHD HistoricalTickerComponents / POC3 validated,HIGH,"{""dataset"": ""EODHD POC3 validated security master"", ""exception"": null, ""identifiers"": {""CIK"": ""0001324424"", ""CUSIP"": ""30212P105"", ""ISIN"": ""US30212P3038"", ""LEI"": ""CI7MUJI4USF3V0NJ1H64"", ""OpenFigi"": ""BBG000QY3XZ2""}, ""identity_correction"": null, ""identity_evidence"": [""current directory ticker and name compatible""], ""membership_source"": ""HistoricalTickerComponents"", ""provider_symbol"": ""EXPE"", ""source_security_id"": ""6a96536a-7fe4-5f0c-8816-8d16fe432756"", ""symbol_changes"": []}",RESOLVED,stable identifiers and provider identity preserved by validated POC3 security master
EXR,2a8790f8-1370-53dc-a280-07d076dd1753,2016-01-19,,Extra Space Storage Inc,BBG000PV27K3,US30225T1025,0001289490,EXR,EODHD HistoricalTickerComponents / POC3 validated,HIGH,"{""dataset"": ""EODHD POC3 validated security master"", ""exception"": null, ""identifiers"": {""CIK"": ""0001289490"", ""CUSIP"": ""30225T102"", ""ISIN"": ""US30225T1025"", ""LEI"": ""549300YNKSKNZFR8UC42"", ""OpenFigi"": ""BBG000PV27K3""}, ""identity_correction"": null, ""identity_evidence"": [""current directory ticker and name compatible""], ""membership_source"": ""HistoricalTickerComponents"", ""provider_symbol"": ""EXR"", ""source_security_id"": ""2a8790f8-1370-53dc-a280-07d076dd1753"", ""symbol_changes"": []}",RESOLVED,stable identifiers and provider identity preserved by validated POC3 security master
F,dc519903-e458-5821-8581-e251ebed635f,1957-03-04,,Ford Motor Company,BBG000BQPC32,US3453708600,0000037996,F,EODHD HistoricalTickerComponents / POC3 validated,HIGH,"{""dataset"": ""EODHD POC3 validated security master"", ""exception"": null, ""identifiers"": {""CIK"": ""0000037996"", ""CUSIP"": ""345370100"", ""ISIN"": ""US3453708600"", ""LEI"": ""20S05OYHG0MQM4VUIC57"", ""OpenFigi"": ""BBG000BQPC32""}, ""identity_correction"": null, ""identity_evidence"": [""current directory ticker and name compatible""], ""membership_source"": ""HistoricalTickerComponents"", ""provider_symbol"": ""F"", ""source_security_id"": ""dc519903-e458-5821-8581-e251ebed635f"", ""symbol_changes"": []}",RESOLVED,stable identifiers and provider identity preserved by validated POC3 security master
FANG,2dcf05a6-60fe-54ad-9351-a212356db265,2018-12-03,,Diamondback Energy Inc,BBG002PHSYX9,US25278X1090,0001539838,FANG,EODHD HistoricalTickerComponents / POC3 validated,HIGH,"{""dataset"": ""EODHD POC3 validated security master"", ""exception"": null, ""identifiers"": {""CIK"": ""0001539838"", ""CUSIP"": ""25278X109"", ""ISIN"": ""US25278X1090"", ""LEI"": ""549300R22LSX6OHWEN64"", ""OpenFigi"": ""BBG002PHSYX9""}, ""identity_correction"": null, ""identity_evidence"": [""current directory ticker and name compatible""], ""membership_source"": ""HistoricalTickerComponents"", ""provider_symbol"": ""FANG"", ""source_security_id"": ""2dcf05a6-60fe-54ad-9351-a212356db265"", ""symbol_changes"": []}",RESOLVED,stable identifiers and provider identity preserved by validated POC3 security master
FAST,910694c2-3e48-52d0-847f-18b04cbb4a0d,2008-09-12,,Fastenal Company,BBG000BJ8YN7,US3119001044,0000815556,FAST,EODHD HistoricalTickerComponents / POC3 validated,HIGH,"{""dataset"": ""EODHD POC3 validated security master"", ""exception"": null, ""identifiers"": {""CIK"": ""0000815556"", ""CUSIP"": ""311900104"", ""ISIN"": ""US3119001044"", ""LEI"": ""529900PP0C7H2HHPSJ32"", ""OpenFigi"": ""BBG000BJ8YN7""}, ""identity_correction"": null, ""identity_evidence"": [""current directory ticker and name compatible""], ""membership_source"": ""HistoricalTickerComponents"", ""provider_symbol"": ""FAST"", ""source_security_id"": ""910694c2-3e48-52d0-847f-18b04cbb4a0d"", ""symbol_changes"": []}",RESOLVED,stable identifiers and provider identity preserved by validated POC3 security master
FBIN,d0c396b3-94b6-5b96-8c59-04ab555f7639,2016-06-24,2022-12-19,Fortune Brands Innovations Inc.,BBG001B4BV87,US34964C1062,0001519751,FBIN,EODHD HistoricalTickerComponents / POC3 validated,HIGH,"{""dataset"": ""EODHD POC3 validated security master"", ""exception"": null, ""identifiers"": {""CIK"": ""0001519751"", ""CUSIP"": ""34964C106"", ""ISIN"": ""US34964C1062"", ""LEI"": ""54930032LHW54PQUJD44"", ""OpenFigi"": ""BBG001B4BV87""}, ""identity_correction"": null, ""identity_evidence"": [""no exact safe current/delisted instrument mapping"", ""exact ticker used as candidate pending fundamentals validation""], ""membership_source"": ""HistoricalTickerComponents"", ""provider_symbol"": ""FBIN"", ""source_security_id"": ""d0c396b3-94b6-5b96-8c59-04ab555f7639"", ""symbol_changes"": [{""company_name"": ""Fortune Brands Innovations, Inc. Common Stock"", ""effective"": ""2022-12-15"", ""exchange"": ""US"", ""new_symbol"": ""FBIN"", ""old_symbol"": ""FBHS""}]}",RESOLVED,stable identifiers and provider identity preserved by validated POC3 security master
FCX,992b7a38-408b-5af6-ae63-57605b76b55d,2011-07-01,,Freeport-McMoran Copper & Gold Inc,BBG000BJDB15,US35671D8570,0000831259,FCX,EODHD HistoricalTickerComponents / POC3 validated,HIGH,"{""dataset"": ""EODHD POC3 validated security master"", ""exception"": null, ""identifiers"": {""CIK"": ""0000831259"", ""CUSIP"": ""35671D865"", ""ISIN"": ""US35671D8570"", ""LEI"": ""549300IRDTHJQ1PVET45"", ""OpenFigi"": ""BBG000BJDB15""}, ""identity_correction"": null, ""identity_evidence"": [""current directory ticker and name compatible""], ""membership_source"": ""HistoricalTickerComponents"", ""provider_symbol"": ""FCX"", ""source_security_id"": ""992b7a38-408b-5af6-ae63-57605b76b55d"", ""symbol_changes"": []}",RESOLVED,stable identifiers and provider identity preserved by validated POC3 security master
FDS,94fd8bb1-5717-58b5-990c-d14f0e390d1e,2021-12-20,,FactSet Research Systems Inc,BBG000BDJL83,US3030751057,0001013237,FDS,EODHD HistoricalTickerComponents / POC3 validated,HIGH,"{""dataset"": ""EODHD POC3 validated security master"", ""exception"": null, ""identifiers"": {""CIK"": ""0001013237"", ""CUSIP"": ""303075105"", ""ISIN"": ""US3030751057"", ""LEI"": ""549300ZSJE7NBK6K9P30"", ""OpenFigi"": ""BBG000BDJL83""}, ""identity_correction"": null, ""identity_evidence"": [""current directory ticker and name compatible""], ""membership_source"": ""HistoricalTickerComponents"", ""provider_symbol"": ""FDS"", ""source_security_id"": ""94fd8bb1-5717-58b5-990c-d14f0e390d1e"", ""symbol_changes"": []}",RESOLVED,stable identifiers and provider identity preserved by validated POC3 security master
FDX,80147f52-a034-5697-bf45-0c59b2c201a7,1980-12-31,,FedEx Corporation,BBG000BJF1Z8,US31428X1063,0001048911,FDX,EODHD HistoricalTickerComponents / POC3 validated,HIGH,"{""dataset"": ""EODHD POC3 validated security master"", ""exception"": null, ""identifiers"": {""CIK"": ""0001048911"", ""CUSIP"": ""31304N107"", ""ISIN"": ""US31428X1063"", ""LEI"": ""549300E707U7WNPZN687"", ""OpenFigi"": ""BBG000BJF1Z8""}, ""identity_correction"": null, ""identity_evidence"": [""current directory ticker and name compatible""], ""membership_source"": ""HistoricalTickerComponents"", ""provider_symbol"": ""FDX"", ""source_security_id"": ""80147f52-a034-5697-bf45-0c59b2c201a7"", ""symbol_changes"": []}",RESOLVED,stable identifiers and provider identity preserved by validated POC3 security master
FDXF,60800fac-c86c-56fe-aef6-09d4c5441fad,2026-06-01,,"FedEx Freight Holding Company, Inc.",BBG01ZPB91C4,US3143521058,,FDXF,EODHD HistoricalTickerComponents / POC3 validated,HIGH,"{""dataset"": ""EODHD POC3 validated security master"", ""exception"": null, ""identifiers"": {""ISIN"": ""US3143521058"", ""OpenFigi"": ""BBG01ZPB91C4""}, ""identity_correction"": null, ""identity_evidence"": [""current directory ticker and name compatible""], ""membership_source"": ""HistoricalTickerComponents"", ""provider_symbol"": ""FDXF"", ""source_security_id"": ""60800fac-c86c-56fe-aef6-09d4c5441fad"", ""symbol_changes"": []}",RESOLVED,stable identifiers and provider identity preserved by validated POC3 security master
FE,3f4715f6-bb2b-570f-88c0-9090013c1f14,1997-11-28,,FirstEnergy Corporation,BBG000BB6M98,US3379321074,0001031296,FE,EODHD HistoricalTickerComponents / POC3 validated,HIGH,"{""dataset"": ""EODHD POC3 validated security master"", ""exception"": null, ""identifiers"": {""CIK"": ""0001031296"", ""CUSIP"": ""337932107"", ""ISIN"": ""US3379321074"", ""LEI"": ""549300SVYJS666PQJH88"", ""OpenFigi"": ""BBG000BB6M98""}, ""identity_correction"": null, ""identity_evidence"": [""current directory ticker and name compatible""], ""membership_source"": ""HistoricalTickerComponents"", ""provider_symbol"": ""FE"", ""source_security_id"": ""3f4715f6-bb2b-570f-88c0-9090013c1f14"", ""symbol_changes"": []}",RESOLVED,stable identifiers and provider identity preserved by validated POC3 security master
FERG,0186b2f6-9d3f-56af-8ff0-a365d3828037,2026-08-05,,Ferguson Plc,BBG00P5M4V07,US31488V1070,0001832433,FERG,EODHD HistoricalTickerComponents / POC3 validated,HIGH,"{""dataset"": ""EODHD POC3 validated security master"", ""exception"": null, ""identifiers"": {""CIK"": ""0001832433"", ""ISIN"": ""US31488V1070"", ""OpenFigi"": ""BBG00P5M4V07""}, ""identity_correction"": null, ""identity_evidence"": [""no exact safe current/delisted instrument mapping"", ""exact ticker used as candidate pending fundamentals validation""], ""membership_source"": ""HistoricalTickerComponents"", ""provider_symbol"": ""FERG"", ""source_security_id"": ""0186b2f6-9d3f-56af-8ff0-a365d3828037"", ""symbol_changes"": []}",RESOLVED,stable identifiers and provider identity preserved by validated POC3 security master
FFIV,d2201a04-712b-5385-84d8-576f41f41590,2010-12-17,,F5 Networks Inc,BBG000CXYSZ6,US3156161024,0001048695,FFIV,EODHD HistoricalTickerComponents / POC3 validated,HIGH,"{""dataset"": ""EODHD POC3 validated security master"", ""exception"": null, ""identifiers"": {""CIK"": ""0001048695"", ""CUSIP"": ""315616102"", ""ISIN"": ""US3156161024"", ""LEI"": ""54930015FPK9KT966303"", ""OpenFigi"": ""BBG000CXYSZ6""}, ""identity_correction"": null, ""identity_evidence"": [""current directory ticker and name compatible""], ""membership_source"": ""HistoricalTickerComponents"", ""provider_symbol"": ""FFIV"", ""source_security_id"": ""d2201a04-712b-5385-84d8-576f41f41590"", ""symbol_changes"": []}",RESOLVED,stable identifiers and provider identity preserved by validated POC3 security master
FICO,81e8d933-f995-5b7a-a289-9b7732a1b1f1,2023-03-20,,Fair Isaac Corporation,BBG000DW76Y6,US3032501047,0000814547,FICO,EODHD HistoricalTickerComponents / POC3 validated,HIGH,"{""dataset"": ""EODHD POC3 validated security master"", ""exception"": null, ""identifiers"": {""CIK"": ""0000814547"", ""CUSIP"": ""303250104"", ""ISIN"": ""US3032501047"", ""LEI"": ""RI6HET5SJUEY30V1PS26"", ""OpenFigi"": ""BBG000DW76Y6""}, ""identity_correction"": null, ""identity_evidence"": [""current directory ticker and name compatible""], ""membership_source"": ""HistoricalTickerComponents"", ""provider_symbol"": ""FICO"", ""source_security_id"": ""81e8d933-f995-5b7a-a289-9b7732a1b1f1"", ""symbol_changes"": []}",RESOLVED,stable identifiers and provider identity preserved by validated POC3 security master
FIS,e8e29a8a-e0e6-509c-a65c-8e32c9d12086,2006-11-10,,Fidelity National Information Services Inc,BBG000BK2F42,US31620M1062,0001136893,FIS,EODHD HistoricalTickerComponents / POC3 validated,HIGH,"{""dataset"": ""EODHD POC3 validated security master"", ""exception"": null, ""identifiers"": {""CIK"": ""0001136893"", ""CUSIP"": ""156880106"", ""ISIN"": ""US31620M1062"", ""LEI"": ""6WQI0GK1PRFVBA061U48"", ""OpenFigi"": ""BBG000BK2F42""}, ""identity_correction"": null, ""identity_evidence"": [""current directory ticker and name compatible""], ""membership_source"": ""HistoricalTickerComponents"", ""provider_symbol"": ""FIS"", ""source_security_id"": ""e8e29a8a-e0e6-509c-a65c-8e32c9d12086"", ""symbol_changes"": []}",RESOLVED,stable identifiers and provider identity preserved by validated POC3 security master
FISV,72eb7ed1-6fc1-5f48-8387-22263feff67a,2001-04-02,,"Fiserv, Inc.",BBG000BJKPG0,US3377381088,,FISV,EODHD HistoricalTickerComponents / POC3 validated,HIGH,"{""dataset"": ""EODHD POC3 validated security master"", ""exception"": null, ""identifiers"": {""ISIN"": ""US3377381088"", ""LEI"": ""GI7UBEJLXYLGR2C7GV83"", ""OpenFigi"": ""BBG000BJKPG0""}, ""identity_correction"": null, ""identity_evidence"": [""current directory ticker and name compatible""], ""membership_source"": ""HistoricalTickerComponents"", ""provider_symbol"": ""FISV"", ""source_security_id"": ""72eb7ed1-6fc1-5f48-8387-22263feff67a"", ""symbol_changes"": [{""company_name"": ""Fiserv, Inc. Common Stock"", ""effective"": ""2025-11-11"", ""exchange"": ""US"", ""new_symbol"": ""FISV"", ""old_symbol"": ""FI""}, {""company_name"": ""Fiserv, Inc. Common Stock"", ""effective"": ""2023-06-07"", ""exchange"": ""US"", ""new_symbol"": ""FI"", ""old_symbol"": ""FISV""}]}",RESOLVED,stable identifiers and provider identity preserved by validated POC3 security master
FITB,f1f2da25-27bd-5109-928d-b988a38b7d96,1996-03-29,,Fifth Third Bancorp,BBG000BJL3N0,US3167731005,0000035527,FITB,EODHD HistoricalTickerComponents / POC3 validated,HIGH,"{""dataset"": ""EODHD POC3 validated security master"", ""exception"": null, ""identifiers"": {""CIK"": ""0000035527"", ""CUSIP"": ""316773100"", ""ISIN"": ""US3167731005"", ""LEI"": ""THRNG6BD57P9QWTQLG42"", ""OpenFigi"": ""BBG000BJL3N0""}, ""identity_correction"": null, ""identity_evidence"": [""current directory ticker and name compatible""], ""membership_source"": ""HistoricalTickerComponents"", ""provider_symbol"": ""FITB"", ""source_security_id"": ""f1f2da25-27bd-5109-928d-b988a38b7d96"", ""symbol_changes"": []}",RESOLVED,stable identifiers and provider identity preserved by validated POC3 security master
FIX,228483d4-5135-5622-a993-3c6be39f7928,2025-12-22,,Comfort Systems USA Inc,BBG000BWN2Y9,US1999081045,0001035983,FIX,EODHD HistoricalTickerComponents / POC3 validated,HIGH,"{""dataset"": ""EODHD POC3 validated security master"", ""exception"": null, ""identifiers"": {""CIK"": ""0001035983"", ""CUSIP"": ""199908104"", ""ISIN"": ""US1999081045"", ""LEI"": ""5299009DT1ZA5HTU6R38"", ""OpenFigi"": ""BBG000BWN2Y9""}, ""identity_correction"": null, ""identity_evidence"": [""current directory ticker and name compatible""], ""membership_source"": ""HistoricalTickerComponents"", ""provider_symbol"": ""FIX"", ""source_security_id"": ""228483d4-5135-5622-a993-3c6be39f7928"", ""symbol_changes"": []}",RESOLVED,stable identifiers and provider identity preserved by validated POC3 security master
FLEX,dcbb96bc-470c-5d68-8325-ca4869588cae,2026-06-22,,Flex Ltd,BBG000BP5YT0,SG9999000020,0000866374,FLEX,EODHD HistoricalTickerComponents / POC3 validated,HIGH,"{""dataset"": ""EODHD POC3 validated security master"", ""exception"": null, ""identifiers"": {""CIK"": ""0000866374"", ""CUSIP"": ""Y2573F102"", ""ISIN"": ""SG9999000020"", ""OpenFigi"": ""BBG000BP5YT0""}, ""identity_correction"": null, ""identity_evidence"": [""current directory ticker and name compatible""], ""membership_source"": ""HistoricalTickerComponents"", ""provider_symbol"": ""FLEX"", ""source_security_id"": ""dcbb96bc-470c-5d68-8325-ca4869588cae"", ""symbol_changes"": []}",RESOLVED,stable identifiers and provider identity preserved by validated POC3 security master
FMC,538280e4-e7c9-5a96-8fac-385628300945,2009-08-19,2025-03-24,FMC Corporation,BBG000BJP882,US3024913036,0000037785,FMC,EODHD HistoricalTickerComponents / POC3 validated,HIGH,"{""dataset"": ""EODHD POC3 validated security master"", ""exception"": null, ""identifiers"": {""CIK"": ""0000037785"", ""CUSIP"": ""302491303"", ""ISIN"": ""US3024913036"", ""LEI"": ""CKDHZ2X64EEBQCSP7013"", ""OpenFigi"": ""BBG000BJP882""}, ""identity_correction"": null, ""identity_evidence"": [""no exact safe current/delisted instrument mapping"", ""exact ticker used as candidate pending fundamentals validation""], ""membership_source"": ""HistoricalTickerComponents"", ""provider_symbol"": ""FMC"", ""source_security_id"": ""538280e4-e7c9-5a96-8fac-385628300945"", ""symbol_changes"": []}",RESOLVED,stable identifiers and provider identity preserved by validated POC3 security master
FOX,39dcc95e-fa93-510a-92b8-a4aa88735f8a,2019-03-19,,Fox Corp Class B,BBG00JHNKJY8,US35137L2043,0001754301,FOX,EODHD HistoricalTickerComponents / POC3 validated,HIGH,"{""dataset"": ""EODHD POC3 validated security master"", ""exception"": null, ""identifiers"": {""CIK"": ""0001754301"", ""CUSIP"": ""35137L204"", ""ISIN"": ""US35137L2043"", ""LEI"": ""549300DDU6FDRBIELS05"", ""OpenFigi"": ""BBG00JHNKJY8""}, ""identity_correction"": null, ""identity_evidence"": [""current directory ticker and name compatible""], ""membership_source"": ""HistoricalTickerComponents"", ""provider_symbol"": ""FOX"", ""source_security_id"": ""39dcc95e-fa93-510a-92b8-a4aa88735f8a"", ""symbol_changes"": []}",RESOLVED,stable identifiers and provider identity preserved by validated POC3 security master
FOXA,bcbe5602-dd5e-5ef5-9268-1995919c1c94,2019-03-19,,Fox Corp Class A,BBG00JHNJW99,US35137L1052,0001754301,FOXA,EODHD HistoricalTickerComponents / POC3 validated,HIGH,"{""dataset"": ""EODHD POC3 validated security master"", ""exception"": null, ""identifiers"": {""CIK"": ""0001754301"", ""CUSIP"": ""35137L105"", ""ISIN"": ""US35137L1052"", ""LEI"": ""549300DDU6FDRBIELS05"", ""OpenFigi"": ""BBG00JHNJW99""}, ""identity_correction"": null, ""identity_evidence"": [""current directory ticker and name compatible""], ""membership_source"": ""HistoricalTickerComponents"", ""provider_symbol"": ""FOXA"", ""source_security_id"": ""bcbe5602-dd5e-5ef5-9268-1995919c1c94"", ""symbol_changes"": []}",RESOLVED,stable identifiers and provider identity preserved by validated POC3 security master
FRC,b649208f-74c7-5dd8-8138-9792abfceefc,2019-01-02,2023-05-04,First Republic Bank,,,0001132979,FRC,EODHD HistoricalTickerComponents / POC3 validated,MEDIUM,"{""dataset"": ""EODHD POC3 validated security master"", ""exception"": null, ""identifiers"": {""CIK"": ""0001132979""}, ""identity_correction"": null, ""identity_evidence"": [""delisted directory ticker and name compatible""], ""membership_source"": ""HistoricalTickerComponents"", ""provider_symbol"": ""FRC"", ""source_security_id"": ""b649208f-74c7-5dd8-8138-9792abfceefc"", ""symbol_changes"": []}",RESOLVED,stable identifiers and provider identity preserved by validated POC3 security master
FRT,34d4c72d-669b-58f8-a7ec-2f0f4dd82c0e,2016-02-01,,Federal Realty Investment Trust,BBG000BJVN28,US3137451015,0000034903,FRT,EODHD HistoricalTickerComponents / POC3 validated,HIGH,"{""dataset"": ""EODHD POC3 validated security master"", ""exception"": null, ""identifiers"": {""CIK"": ""0000034903"", ""CUSIP"": ""313747404"", ""ISIN"": ""US3137451015"", ""OpenFigi"": ""BBG000BJVN28""}, ""identity_correction"": null, ""identity_evidence"": [""current directory ticker and name compatible""], ""membership_source"": ""HistoricalTickerComponents"", ""provider_symbol"": ""FRT"", ""source_security_id"": ""34d4c72d-669b-58f8-a7ec-2f0f4dd82c0e"", ""symbol_changes"": []}",RESOLVED,stable identifiers and provider identity preserved by validated POC3 security master
FSLR,37d25cd2-7c61-5ddb-a0b5-3397b90c8f4c,2022-12-19,,First Solar Inc,BBG000BFL116,US3364331070,0001274494,FSLR,EODHD HistoricalTickerComponents / POC3 validated,HIGH,"{""dataset"": ""EODHD POC3 validated security master"", ""exception"": null, ""identifiers"": {""CIK"": ""0001274494"", ""CUSIP"": ""336433107"", ""ISIN"": ""US3364331070"", ""LEI"": ""549300NPYMLM4NHTOF27"", ""OpenFigi"": ""BBG000BFL116""}, ""identity_correction"": null, ""identity_evidence"": [""current directory ticker and name compatible""], ""membership_source"": ""HistoricalTickerComponents"", ""provider_symbol"": ""FSLR"", ""source_security_id"": ""37d25cd2-7c61-5ddb-a0b5-3397b90c8f4c"", ""symbol_changes"": []}",RESOLVED,stable identifiers and provider identity preserved by validated POC3 security master
FTNT,e21705d0-d5df-5e16-a1ff-3d5b351e8a9c,2018-10-11,,Fortinet Inc,BBG000BCMBG4,US34959E1091,0001262039,FTNT,EODHD HistoricalTickerComponents / POC3 validated,HIGH,"{""dataset"": ""EODHD POC3 validated security master"", ""exception"": null, ""identifiers"": {""CIK"": ""0001262039"", ""CUSIP"": ""34959E109"", ""ISIN"": ""US34959E1091"", ""LEI"": ""549300O0QJWDBAS0QX03"", ""OpenFigi"": ""BBG000BCMBG4""}, ""identity_correction"": null, ""identity_evidence"": [""current directory ticker and name compatible""], ""membership_source"": ""HistoricalTickerComponents"", ""provider_symbol"": ""FTNT"", ""source_security_id"": ""e21705d0-d5df-5e16-a1ff-3d5b351e8a9c"", ""symbol_changes"": []}",RESOLVED,stable identifiers and provider identity preserved by validated POC3 security master
FTRE,402e6e50-4c2d-58cf-bb48-869a6537f96c,2023-07-03,2023-07-06,Fortrea Holdings Inc.,BBG01GZF9VY6,US34965K1079,0001965040,FTRE,EODHD HistoricalTickerComponents / POC3 validated,HIGH,"{""dataset"": ""EODHD POC3 validated security master"", ""exception"": null, ""identifiers"": {""CIK"": ""0001965040"", ""CUSIP"": ""34965K107"", ""ISIN"": ""US34965K1079"", ""OpenFigi"": ""BBG01GZF9VY6""}, ""identity_correction"": null, ""identity_evidence"": [""no exact safe current/delisted instrument mapping"", ""exact ticker used as candidate pending fundamentals validation""], ""membership_source"": ""HistoricalTickerComponents"", ""provider_symbol"": ""FTRE"", ""source_security_id"": ""402e6e50-4c2d-58cf-bb48-869a6537f96c"", ""symbol_changes"": [{""company_name"": ""Fortrea Holdings Inc. Common Stock"", ""effective"": ""2023-07-03"", ""exchange"": ""US"", ""new_symbol"": ""FTRE"", ""old_symbol"": ""FTREV""}]}",RESOLVED,stable identifiers and provider identity preserved by validated POC3 security master
FTV,540c9d33-0a14-5c74-bffe-f02a951daa65,2016-07-05,,Fortive Corp,BBG00BLVZ228,US34959J1088,0001659166,FTV,EODHD HistoricalTickerComponents / POC3 validated,HIGH,"{""dataset"": ""EODHD POC3 validated security master"", ""exception"": null, ""identifiers"": {""CIK"": ""0001659166"", ""CUSIP"": ""34959J108"", ""ISIN"": ""US34959J1088"", ""LEI"": ""549300MU9YQJYHDQEF63"", ""OpenFigi"": ""BBG00BLVZ228""}, ""identity_correction"": null, ""identity_evidence"": [""current directory ticker and name compatible""], ""membership_source"": ""HistoricalTickerComponents"", ""provider_symbol"": ""FTV"", ""source_security_id"": ""540c9d33-0a14-5c74-bffe-f02a951daa65"", ""symbol_changes"": []}",RESOLVED,stable identifiers and provider identity preserved by validated POC3 security master
GD,f5785d3d-847f-5e6a-8c05-867c250b9660,1957-03-04,,General Dynamics Corporation,BBG000BK67C7,US3695501086,0000040533,GD,EODHD HistoricalTickerComponents / POC3 validated,HIGH,"{""dataset"": ""EODHD POC3 validated security master"", ""exception"": null, ""identifiers"": {""CIK"": ""0000040533"", ""CUSIP"": ""369550108"", ""ISIN"": ""US3695501086"", ""LEI"": ""9C1X8XOOTYY2FNYTVH06"", ""OpenFigi"": ""BBG000BK67C7""}, ""identity_correction"": null, ""identity_evidence"": [""current directory ticker and name compatible""], ""membership_source"": ""HistoricalTickerComponents"", ""provider_symbol"": ""GD"", ""source_security_id"": ""f5785d3d-847f-5e6a-8c05-867c250b9660"", ""symbol_changes"": []}",RESOLVED,stable identifiers and provider identity preserved by validated POC3 security master
GDDY,dfc69ff1-2e8d-5d65-974a-7c5a85378bf1,2024-06-24,,Godaddy Inc,BBG006MDLY05,US3802371076,0001609711,GDDY,EODHD HistoricalTickerComponents / POC3 validated,HIGH,"{""dataset"": ""EODHD POC3 validated security master"", ""exception"": null, ""identifiers"": {""CIK"": ""0001609711"", ""CUSIP"": ""380237107"", ""ISIN"": ""US3802371076"", ""LEI"": ""549300J8H1TB0I2CB447"", ""OpenFigi"": ""BBG006MDLY05""}, ""identity_correction"": null, ""identity_evidence"": [""current directory ticker and name compatible""], ""membership_source"": ""HistoricalTickerComponents"", ""provider_symbol"": ""GDDY"", ""source_security_id"": ""dfc69ff1-2e8d-5d65-974a-7c5a85378bf1"", ""symbol_changes"": []}",RESOLVED,stable identifiers and provider identity preserved by validated POC3 security master
GE,4e7b1b31-3e96-5bb7-adc9-9a67eb29e98f,1957-03-04,,GE Aerospace,BBG000BK6MB5,US3696043013,0000040545,GE,EODHD HistoricalTickerComponents / POC3 validated,HIGH,"{""dataset"": ""EODHD POC3 validated security master"", ""exception"": null, ""identifiers"": {""CIK"": ""0000040545"", ""CUSIP"": ""369604103"", ""ISIN"": ""US3696043013"", ""LEI"": ""3C7474T6CDKPR9K6YT90"", ""OpenFigi"": ""BBG000BK6MB5""}, ""identity_correction"": null, ""identity_evidence"": [""current directory ticker and name compatible""], ""membership_source"": ""HistoricalTickerComponents"", ""provider_symbol"": ""GE"", ""source_security_id"": ""4e7b1b31-3e96-5bb7-adc9-9a67eb29e98f"", ""symbol_changes"": []}",RESOLVED,stable identifiers and provider identity preserved by validated POC3 security master
GEHC,7a001e88-0d77-55b0-9648-c82c6cd8abfb,2023-01-04,,GE HealthCare Technologies Inc.,BBG01BFR8YV1,US36266G1076,0001932393,GEHC,EODHD HistoricalTickerComponents / POC3 validated,HIGH,"{""dataset"": ""EODHD POC3 validated security master"", ""exception"": null, ""identifiers"": {""CIK"": ""0001932393"", ""CUSIP"": ""36266G107"", ""ISIN"": ""US36266G1076"", ""OpenFigi"": ""BBG01BFR8YV1""}, ""identity_correction"": null, ""identity_evidence"": [""current directory ticker and name compatible""], ""membership_source"": ""HistoricalTickerComponents"", ""provider_symbol"": ""GEHC"", ""source_security_id"": ""7a001e88-0d77-55b0-9648-c82c6cd8abfb"", ""symbol_changes"": [{""company_name"": ""GE HealthCare Technologies Inc. Common Stock "", ""effective"": ""2023-01-04"", ""exchange"": ""US"", ""new_symbol"": ""GEHC"", ""old_symbol"": ""GEHCV""}]}",RESOLVED,stable identifiers and provider identity preserved by validated POC3 security master
GEN,fb2912e6-8175-5149-8033-ef2f9e8cedae,2003-03-25,,Gen Digital Inc.,BBG000BH2JM1,US6687711084,0000849399,GEN,EODHD HistoricalTickerComponents / POC3 validated,HIGH,"{""dataset"": ""EODHD POC3 validated security master"", ""exception"": null, ""identifiers"": {""CIK"": ""0000849399"", ""CUSIP"": ""668771108"", ""ISIN"": ""US6687711084"", ""LEI"": ""YF6ZV0M6AU4FY94MK914"", ""OpenFigi"": ""BBG000BH2JM1""}, ""identity_correction"": null, ""identity_evidence"": [""current directory ticker and name compatible""], ""membership_source"": ""HistoricalTickerComponents"", ""provider_symbol"": ""GEN"", ""source_security_id"": ""fb2912e6-8175-5149-8033-ef2f9e8cedae"", ""symbol_changes"": [{""company_name"": ""Gen Digital Inc. Common Stock"", ""effective"": ""2022-11-08"", ""exchange"": ""US"", ""new_symbol"": ""GEN"", ""old_symbol"": ""NLOK""}]}",RESOLVED,stable identifiers and provider identity preserved by validated POC3 security master
GEV,d32c5806-c3c0-5a29-9157-b0b06650e773,2024-04-02,,GE Vernova LLC,BBG013G17W31,US36828A1016,0001996810,GEV,EODHD HistoricalTickerComponents / POC3 validated,HIGH,"{""dataset"": ""EODHD POC3 validated security master"", ""exception"": null, ""identifiers"": {""CIK"": ""0001996810"", ""CUSIP"": ""36828A101"", ""ISIN"": ""US36828A1016"", ""OpenFigi"": ""BBG013G17W31""}, ""identity_correction"": null, ""identity_evidence"": [""current directory ticker and name compatible""], ""membership_source"": ""HistoricalTickerComponents"", ""provider_symbol"": ""GEV"", ""source_security_id"": ""d32c5806-c3c0-5a29-9157-b0b06650e773"", ""symbol_changes"": []}",RESOLVED,stable identifiers and provider identity preserved by validated POC3 security master
GILD,b0b9f184-c031-520b-9086-08903a76a139,2004-07-01,,Gilead Sciences Inc,BBG000CKGBP2,US3755581036,0000882095,GILD,EODHD HistoricalTickerComponents / POC3 validated,HIGH,"{""dataset"": ""EODHD POC3 validated security master"", ""exception"": null, ""identifiers"": {""CIK"": ""0000882095"", ""CUSIP"": ""375558103"", ""ISIN"": ""US3755581036"", ""LEI"": ""549300WTZWR07K8MNV44"", ""OpenFigi"": ""BBG000CKGBP2""}, ""identity_correction"": null, ""identity_evidence"": [""current directory ticker and name compatible""], ""membership_source"": ""HistoricalTickerComponents"", ""provider_symbol"": ""GILD"", ""source_security_id"": ""b0b9f184-c031-520b-9086-08903a76a139"", ""symbol_changes"": []}",RESOLVED,stable identifiers and provider identity preserved by validated POC3 security master
GIS,431ff8c7-d508-5ecd-87d9-aebc7ef3a9a1,1957-03-04,,General Mills Inc,BBG000BKCFC2,US3703341046,0000040704,GIS,EODHD HistoricalTickerComponents / POC3 validated,HIGH,"{""dataset"": ""EODHD POC3 validated security master"", ""exception"": null, ""identifiers"": {""CIK"": ""0000040704"", ""CUSIP"": ""370334104"", ""ISIN"": ""US3703341046"", ""LEI"": ""2TGYMUGI08PO8X8L6150"", ""OpenFigi"": ""BBG000BKCFC2""}, ""identity_correction"": null, ""identity_evidence"": [""current directory ticker and name compatible""], ""membership_source"": ""HistoricalTickerComponents"", ""provider_symbol"": ""GIS"", ""source_security_id"": ""431ff8c7-d508-5ecd-87d9-aebc7ef3a9a1"", ""symbol_changes"": []}",RESOLVED,stable identifiers and provider identity preserved by validated POC3 security master
GL,d6dfde08-8621-5f10-bca1-54534fd0fb8c,1989-04-30,,Globe Life Inc,BBG000BVD6X4,US37959E1029,0000320335,GL,EODHD HistoricalTickerComponents / POC3 validated,HIGH,"{""dataset"": ""EODHD POC3 validated security master"", ""exception"": null, ""identifiers"": {""CIK"": ""0000320335"", ""CUSIP"": ""37959E102"", ""ISIN"": ""US37959E1029"", ""LEI"": ""5493001JFHKQOPP6XA71"", ""OpenFigi"": ""BBG000BVD6X4""}, ""identity_correction"": null, ""identity_evidence"": [""current directory ticker and name compatible""], ""membership_source"": ""HistoricalTickerComponents"", ""provider_symbol"": ""GL"", ""source_security_id"": ""d6dfde08-8621-5f10-bca1-54534fd0fb8c"", ""symbol_changes"": []}",RESOLVED,stable identifiers and provider identity preserved by validated POC3 security master
GLW,2da0ca8a-fea6-563a-a40d-a0094be12fa8,1995-02-27,,Corning Incorporated,BBG000BKFZM4,US2193501051,0000024741,GLW,EODHD HistoricalTickerComponents / POC3 validated,HIGH,"{""dataset"": ""EODHD POC3 validated security master"", ""exception"": null, ""identifiers"": {""CIK"": ""0000024741"", ""CUSIP"": ""219319209"", ""ISIN"": ""US2193501051"", ""LEI"": ""549300X2937PB0CJ7I56"", ""OpenFigi"": ""BBG000BKFZM4""}, ""identity_correction"": null, ""identity_evidence"": [""current directory ticker and name compatible""], ""membership_source"": ""HistoricalTickerComponents"", ""provider_symbol"": ""GLW"", ""source_security_id"": ""2da0ca8a-fea6-563a-a40d-a0094be12fa8"", ""symbol_changes"": []}",RESOLVED,stable identifiers and provider identity preserved by validated POC3 security master
GM,97a661fb-e976-5b2c-bc59-e5249a132e7f,2013-06-07,,General Motors Company,BBG000NDYB67,US37045V1008,0001467858,GM,EODHD HistoricalTickerComponents / POC3 validated,HIGH,"{""dataset"": ""EODHD POC3 validated security master"", ""exception"": null, ""identifiers"": {""CIK"": ""0001467858"", ""CUSIP"": ""37045V100"", ""ISIN"": ""US37045V1008"", ""LEI"": ""54930070NSV60J38I987"", ""OpenFigi"": ""BBG000NDYB67""}, ""identity_correction"": null, ""identity_evidence"": [""current directory ticker and name compatible""], ""membership_source"": ""HistoricalTickerComponents"", ""provider_symbol"": ""GM"", ""source_security_id"": ""97a661fb-e976-5b2c-bc59-e5249a132e7f"", ""symbol_changes"": []}",RESOLVED,stable identifiers and provider identity preserved by validated POC3 security master
GNRC,03b1bd0e-b058-53f8-87e3-536e87efd167,2021-03-22,,Generac Holdings Inc,BBG000PQ4W72,US3687361044,0001474735,GNRC,EODHD HistoricalTickerComponents / POC3 validated,HIGH,"{""dataset"": ""EODHD POC3 validated security master"", ""exception"": null, ""identifiers"": {""CIK"": ""0001474735"", ""CUSIP"": ""368736104"", ""ISIN"": ""US3687361044"", ""LEI"": ""529900S2H2AHJHSFFI84"", ""OpenFigi"": ""BBG000PQ4W72""}, ""identity_correction"": null, ""identity_evidence"": [""current directory ticker and name compatible""], ""membership_source"": ""HistoricalTickerComponents"", ""provider_symbol"": ""GNRC"", ""source_security_id"": ""03b1bd0e-b058-53f8-87e3-536e87efd167"", ""symbol_changes"": []}",RESOLVED,stable identifiers and provider identity preserved by validated POC3 security master
GOOG,2a33fffb-4aa3-53fd-adb6-a2abea175221,2014-04-03,,Alphabet Inc Class C,BBG009S3NB30,US02079K1079,0001652044,GOOG,EODHD HistoricalTickerComponents / POC3 validated,HIGH,"{""dataset"": ""EODHD POC3 validated security master"", ""exception"": null, ""identifiers"": {""CIK"": ""0001652044"", ""CUSIP"": ""02079K107"", ""ISIN"": ""US02079K1079"", ""LEI"": ""5493006MHB84DD0ZWV18"", ""OpenFigi"": ""BBG009S3NB30""}, ""identity_correction"": null, ""identity_evidence"": [""current directory ticker and name compatible""], ""membership_source"": ""HistoricalTickerComponents"", ""provider_symbol"": ""GOOG"", ""source_security_id"": ""2a33fffb-4aa3-53fd-adb6-a2abea175221"", ""symbol_changes"": []}",RESOLVED,stable identifiers and provider identity preserved by validated POC3 security master
GOOGL,b38b35dc-97ac-5f0c-9c9b-7c877989e286,2014-04-03,,Alphabet Inc Class A,BBG009S39JX6,US02079K3059,0001652044,GOOGL,EODHD HistoricalTickerComponents / POC3 validated,HIGH,"{""dataset"": ""EODHD POC3 validated security master"", ""exception"": null, ""identifiers"": {""CIK"": ""0001652044"", ""CUSIP"": ""38259P706"", ""ISIN"": ""US02079K3059"", ""LEI"": ""5493006MHB84DD0ZWV18"", ""OpenFigi"": ""BBG009S39JX6""}, ""identity_correction"": null, ""identity_evidence"": [""current directory ticker and name compatible""], ""membership_source"": ""HistoricalTickerComponents"", ""provider_symbol"": ""GOOGL"", ""source_security_id"": ""b38b35dc-97ac-5f0c-9c9b-7c877989e286"", ""symbol_changes"": []}",RESOLVED,stable identifiers and provider identity preserved by validated POC3 security master
GPC,3bbde1d2-f8f7-587f-b69f-78ce47cebf71,1973-12-31,,Genuine Parts Co,BBG000BKL348,US3724601055,0000040987,GPC,EODHD HistoricalTickerComponents / POC3 validated,HIGH,"{""dataset"": ""EODHD POC3 validated security master"", ""exception"": null, ""identifiers"": {""CIK"": ""0000040987"", ""CUSIP"": ""372460105"", ""ISIN"": ""US3724601055"", ""LEI"": ""549300D46DQVEU651W04"", ""OpenFigi"": ""BBG000BKL348""}, ""identity_correction"": null, ""identity_evidence"": [""current directory ticker and name compatible""], ""membership_source"": ""HistoricalTickerComponents"", ""provider_symbol"": ""GPC"", ""source_security_id"": ""3bbde1d2-f8f7-587f-b69f-78ce47cebf71"", ""symbol_changes"": []}",RESOLVED,stable identifiers and provider identity preserved by validated POC3 security master
GPN,cb2d33f0-d3ea-5e55-a28a-425711ff8cbe,2016-04-25,,Global Payments Inc,BBG000CX0P89,US37940X1028,0001123360,GPN,EODHD HistoricalTickerComponents / POC3 validated,HIGH,"{""dataset"": ""EODHD POC3 validated security master"", ""exception"": null, ""identifiers"": {""CIK"": ""0001123360"", ""CUSIP"": ""37940X102"", ""ISIN"": ""US37940X1028"", ""LEI"": ""549300NOMHGVQBX6S778"", ""OpenFigi"": ""BBG000CX0P89""}, ""identity_correction"": null, ""identity_evidence"": [""current directory ticker and name compatible""], ""membership_source"": ""HistoricalTickerComponents"", ""provider_symbol"": ""GPN"", ""source_security_id"": ""cb2d33f0-d3ea-5e55-a28a-425711ff8cbe"", ""symbol_changes"": []}",RESOLVED,stable identifiers and provider identity preserved by validated POC3 security master
GPS,9d711d52-dd0d-5117-8922-502387d147ef,2012-04-01,2022-02-03,Gap Inc,,US3647601083,0000039911,GPS,EODHD HistoricalTickerComponents / POC3 validated,HIGH,"{""dataset"": ""EODHD POC3 validated security master"", ""exception"": null, ""identifiers"": {""CIK"": ""0000039911"", ""CUSIP"": ""364760108"", ""ISIN"": ""US3647601083"", ""LEI"": ""T2ZG1WRWZ4BUCMQL9224""}, ""identity_correction"": null, ""identity_evidence"": [""delisted directory ticker and name compatible""], ""membership_source"": ""HistoricalTickerComponents"", ""provider_symbol"": ""GPS"", ""source_security_id"": ""9d711d52-dd0d-5117-8922-502387d147ef"", ""symbol_changes"": [{""company_name"": ""Gap, Inc. (The) Common Stock"", ""effective"": ""2024-08-22"", ""exchange"": ""US"", ""new_symbol"": ""GAP"", ""old_symbol"": ""GPS""}]}",RESOLVED,stable identifiers and provider identity preserved by validated POC3 security master
GRMN,007cc7d4-485b-5f9b-98ba-7787e8c52e0d,2012-12-12,,Garmin Ltd,BBG000C4LN67,CH0114405324,0001121788,GRMN,EODHD HistoricalTickerComponents / POC3 validated,HIGH,"{""dataset"": ""EODHD POC3 validated security master"", ""exception"": null, ""identifiers"": {""CIK"": ""0001121788"", ""CUSIP"": ""G37260109"", ""ISIN"": ""CH0114405324"", ""LEI"": ""2549001E0HIPIJQ0W046"", ""OpenFigi"": ""BBG000C4LN67""}, ""identity_correction"": null, ""identity_evidence"": [""current directory ticker and name compatible""], ""membership_source"": ""HistoricalTickerComponents"", ""provider_symbol"": ""GRMN"", ""source_security_id"": ""007cc7d4-485b-5f9b-98ba-7787e8c52e0d"", ""symbol_changes"": []}",RESOLVED,stable identifiers and provider identity preserved by validated POC3 security master
GS,c7cad13a-45cd-55db-930b-2f1093bcf644,2002-07-22,,Goldman Sachs Group Inc,BBG000C6CFJ5,US38141G1040,0000886982,GS,EODHD HistoricalTickerComponents / POC3 validated,HIGH,"{""dataset"": ""EODHD POC3 validated security master"", ""exception"": null, ""identifiers"": {""CIK"": ""0000886982"", ""CUSIP"": ""38141G104"", ""ISIN"": ""US38141G1040"", ""LEI"": ""784F5XWPLTWKTBV3E584"", ""OpenFigi"": ""BBG000C6CFJ5""}, ""identity_correction"": null, ""identity_evidence"": [""current directory ticker and name compatible""], ""membership_source"": ""HistoricalTickerComponents"", ""provider_symbol"": ""GS"", ""source_security_id"": ""c7cad13a-45cd-55db-930b-2f1093bcf644"", ""symbol_changes"": []}",RESOLVED,stable identifiers and provider identity preserved by validated POC3 security master
GWW,5b8a2864-ca66-56f8-953c-ca51c77fa464,1981-06-30,,WW Grainger Inc,BBG000BKR1D6,US3848021040,0000277135,GWW,EODHD HistoricalTickerComponents / POC3 validated,HIGH,"{""dataset"": ""EODHD POC3 validated security master"", ""exception"": null, ""identifiers"": {""CIK"": ""0000277135"", ""CUSIP"": ""384802104"", ""ISIN"": ""US3848021040"", ""LEI"": ""549300TWZSP6O1IH2V34"", ""OpenFigi"": ""BBG000BKR1D6""}, ""identity_correction"": null, ""identity_evidence"": [""current directory ticker and name compatible""], ""membership_source"": ""HistoricalTickerComponents"", ""provider_symbol"": ""GWW"", ""source_security_id"": ""5b8a2864-ca66-56f8-953c-ca51c77fa464"", ""symbol_changes"": []}",RESOLVED,stable identifiers and provider identity preserved by validated POC3 security master
HAL,f83eb88a-26c3-5fda-832a-c1c6c7422f62,1957-03-04,,Halliburton Company,BBG000BKTFN2,US4062161017,0000045012,HAL,EODHD HistoricalTickerComponents / POC3 validated,HIGH,"{""dataset"": ""EODHD POC3 validated security master"", ""exception"": null, ""identifiers"": {""CIK"": ""0000045012"", ""CUSIP"": ""406216101"", ""ISIN"": ""US4062161017"", ""LEI"": ""ENYF8GB5SMQZ25S06U51"", ""OpenFigi"": ""BBG000BKTFN2""}, ""identity_correction"": null, ""identity_evidence"": [""current directory ticker and name compatible""], ""membership_source"": ""HistoricalTickerComponents"", ""provider_symbol"": ""HAL"", ""source_security_id"": ""f83eb88a-26c3-5fda-832a-c1c6c7422f62"", ""symbol_changes"": []}",RESOLVED,stable identifiers and provider identity preserved by validated POC3 security master
HAS,531bb847-7d32-5f9d-b280-f27445a9075f,1984-09-30,,Hasbro Inc,BBG000BKVJK4,US4180561072,0000046080,HAS,EODHD HistoricalTickerComponents / POC3 validated,HIGH,"{""dataset"": ""EODHD POC3 validated security master"", ""exception"": null, ""identifiers"": {""CIK"": ""0000046080"", ""CUSIP"": ""418056107"", ""ISIN"": ""US4180561072"", ""LEI"": ""549300NUB6D2R1ITYR45"", ""OpenFigi"": ""BBG000BKVJK4""}, ""identity_correction"": null, ""identity_evidence"": [""current directory ticker and name compatible""], ""membership_source"": ""HistoricalTickerComponents"", ""provider_symbol"": ""HAS"", ""source_security_id"": ""531bb847-7d32-5f9d-b280-f27445a9075f"", ""symbol_changes"": []}",RESOLVED,stable identifiers and provider identity preserved by validated POC3 security master
HBAN,c5b66411-29c9-55d3-be91-591063bfa811,1997-08-28,,Huntington Bancshares Incorporated,BBG000BKWSR6,US4461501045,0000049196,HBAN,EODHD HistoricalTickerComponents / POC3 validated,HIGH,"{""dataset"": ""EODHD POC3 validated security master"", ""exception"": null, ""identifiers"": {""CIK"": ""0000049196"", ""CUSIP"": ""446150104"", ""ISIN"": ""US4461501045"", ""LEI"": ""549300XTVCVV9I7B5T19"", ""OpenFigi"": ""BBG000BKWSR6""}, ""identity_correction"": null, ""identity_evidence"": [""current directory ticker and name compatible""], ""membership_source"": ""HistoricalTickerComponents"", ""provider_symbol"": ""HBAN"", ""source_security_id"": ""c5b66411-29c9-55d3-be91-591063bfa811"", ""symbol_changes"": []}",RESOLVED,stable identifiers and provider identity preserved by validated POC3 security master
HBI,87ce7f66-5482-58b7-86a2-22ef8cc40e2a,2015-03-23,2021-12-20,Hanesbrands Inc,BBG000D2ZTS8,US4103451021,0001359841,HBI,EODHD HistoricalTickerComponents / POC3 validated,HIGH,"{""dataset"": ""EODHD POC3 validated security master"", ""exception"": null, ""identifiers"": {""CIK"": ""0001359841"", ""CUSIP"": ""410345102"", ""ISIN"": ""US4103451021"", ""LEI"": ""GX5LWVWZLL5S4W1L2F20"", ""OpenFigi"": ""BBG000D2ZTS8""}, ""identity_correction"": null, ""identity_evidence"": [""delisted directory ticker and name compatible""], ""membership_source"": ""HistoricalTickerComponents"", ""provider_symbol"": ""HBI"", ""source_security_id"": ""87ce7f66-5482-58b7-86a2-22ef8cc40e2a"", ""symbol_changes"": []}",RESOLVED,stable identifiers and provider identity preserved by validated POC3 security master
HCA,ede50e7c-8a5e-5095-a0e3-762b2678f5a3,2015-01-27,,"HCA Healthcare, Inc.",BBG000QW7VC1,US40412C1018,0000860730,HCA,EODHD HistoricalTickerComponents / POC3 validated,HIGH,"{""dataset"": ""EODHD POC3 validated security master"", ""exception"": null, ""identifiers"": {""CIK"": ""0000860730"", ""CUSIP"": ""435758305"", ""ISIN"": ""US40412C1018"", ""LEI"": ""529900PH4ZGUH2MNEU89"", ""OpenFigi"": ""BBG000QW7VC1""}, ""identity_correction"": null, ""identity_evidence"": [""current directory ticker and name compatible""], ""membership_source"": ""HistoricalTickerComponents"", ""provider_symbol"": ""HCA"", ""source_security_id"": ""ede50e7c-8a5e-5095-a0e3-762b2678f5a3"", ""symbol_changes"": []}",RESOLVED,stable identifiers and provider identity preserved by validated POC3 security master
HD,4305883d-188b-5f28-86fa-a5cb9e944656,1988-03-31,,The Home Depot Inc,BBG000BKZB36,US4370761029,0000354950,HD,EODHD HistoricalTickerComponents / POC3 validated,HIGH,"{""dataset"": ""EODHD POC3 validated security master"", ""exception"": null, ""identifiers"": {""CIK"": ""0000354950"", ""CUSIP"": ""437076102"", ""ISIN"": ""US4370761029"", ""LEI"": ""QEKMOTMBBKA8I816DO57"", ""OpenFigi"": ""BBG000BKZB36""}, ""identity_correction"": null, ""identity_evidence"": [""current directory ticker and name compatible""], ""membership_source"": ""HistoricalTickerComponents"", ""provider_symbol"": ""HD"", ""source_security_id"": ""4305883d-188b-5f28-86fa-a5cb9e944656"", ""symbol_changes"": []}",RESOLVED,stable identifiers and provider identity preserved by validated POC3 security master
HES,ab14506b-b645-5974-8176-af227d21a233,1984-05-31,2025-07-23,Hess Corporation,BBG000BBD070,US42809H1077,0000004447,HES,EODHD HistoricalTickerComponents / POC3 validated,HIGH,"{""dataset"": ""EODHD POC3 validated security master"", ""exception"": null, ""identifiers"": {""CIK"": ""0000004447"", ""CUSIP"": ""023551104"", ""ISIN"": ""US42809H1077"", ""LEI"": ""UASVRYNXNK17ULIGK870"", ""OpenFigi"": ""BBG000BBD070""}, ""identity_correction"": null, ""identity_evidence"": [""delisted directory ticker and name compatible""], ""membership_source"": ""HistoricalTickerComponents"", ""provider_symbol"": ""HES"", ""source_security_id"": ""ab14506b-b645-5974-8176-af227d21a233"", ""symbol_changes"": []}",RESOLVED,stable identifiers and provider identity preserved by validated POC3 security master
HIG,ca3cab71-39b7-5d06-aea0-e1a3cdc641c2,1957-03-04,,Hartford Financial Services Group,BBG000G0Z878,US4165151048,0000874766,HIG,EODHD HistoricalTickerComponents / POC3 validated,HIGH,"{""dataset"": ""EODHD POC3 validated security master"", ""exception"": null, ""identifiers"": {""CIK"": ""0000874766"", ""CUSIP"": ""45068H106"", ""ISIN"": ""US4165151048"", ""LEI"": ""IU7C3FTM7Y3BQM112U94"", ""OpenFigi"": ""BBG000G0Z878""}, ""identity_correction"": null, ""identity_evidence"": [""current directory ticker and name compatible""], ""membership_source"": ""HistoricalTickerComponents"", ""provider_symbol"": ""HIG"", ""source_security_id"": ""ca3cab71-39b7-5d06-aea0-e1a3cdc641c2"", ""symbol_changes"": []}",RESOLVED,stable identifiers and provider identity preserved by validated POC3 security master
HII,8433d244-172f-5aae-a3d7-db9745a987a3,2018-01-03,,Huntington Ingalls Industries Inc,BBG001KJ2HM9,US4464131063,0001501585,HII,EODHD HistoricalTickerComponents / POC3 validated,HIGH,"{""dataset"": ""EODHD POC3 validated security master"", ""exception"": null, ""identifiers"": {""CIK"": ""0001501585"", ""CUSIP"": ""446413106"", ""ISIN"": ""US4464131063"", ""LEI"": ""5TZLZ6WJTBVJ0QWBG121"", ""OpenFigi"": ""BBG001KJ2HM9""}, ""identity_correction"": null, ""identity_evidence"": [""current directory ticker and name compatible""], ""membership_source"": ""HistoricalTickerComponents"", ""provider_symbol"": ""HII"", ""source_security_id"": ""8433d244-172f-5aae-a3d7-db9745a987a3"", ""symbol_changes"": []}",RESOLVED,stable identifiers and provider identity preserved by validated POC3 security master
HLT,210155d2-e173-5754-bcd6-d6f8d43b2cb5,2017-06-19,,Hilton Worldwide Holdings Inc,BBG0058KMH30,US43300A2033,0001585689,HLT,EODHD HistoricalTickerComponents / POC3 validated,HIGH,"{""dataset"": ""EODHD POC3 validated security master"", ""exception"": null, ""identifiers"": {""CIK"": ""0001585689"", ""CUSIP"": ""43300A104"", ""ISIN"": ""US43300A2033"", ""LEI"": ""549300HVGPK36ICB0B89"", ""OpenFigi"": ""BBG0058KMH30""}, ""identity_correction"": null, ""identity_evidence"": [""current directory ticker and name compatible""], ""membership_source"": ""HistoricalTickerComponents"", ""provider_symbol"": ""HLT"", ""source_security_id"": ""210155d2-e173-5754-bcd6-d6f8d43b2cb5"", ""symbol_changes"": []}",RESOLVED,stable identifiers and provider identity preserved by validated POC3 security master
HOLX,75f40d18-407a-5f0e-8ec7-fb9801bf09fa,2016-03-30,2026-04-09,Hologic Inc,BBG000C3NTN5,US4364401012,0000859737,HOLX,EODHD HistoricalTickerComponents / POC3 validated,HIGH,"{""dataset"": ""EODHD POC3 validated security master"", ""exception"": null, ""identifiers"": {""CIK"": ""0000859737"", ""CUSIP"": ""436440101"", ""ISIN"": ""US4364401012"", ""LEI"": ""549300DYP6F5ZJL0LB74"", ""OpenFigi"": ""BBG000C3NTN5""}, ""identity_correction"": null, ""identity_evidence"": [""delisted directory ticker and name compatible""], ""membership_source"": ""HistoricalTickerComponents"", ""provider_symbol"": ""HOLX"", ""source_security_id"": ""75f40d18-407a-5f0e-8ec7-fb9801bf09fa"", ""symbol_changes"": []}",RESOLVED,stable identifiers and provider identity preserved by validated POC3 security master
HON,129aaaed-4b2d-5042-992a-6b4879252597,1957-03-04,,Honeywell International Inc,BBG000H556T9,US4385162056,0000773840,HON,EODHD HistoricalTickerComponents / POC3 validated,HIGH,"{""dataset"": ""EODHD POC3 validated security master"", ""exception"": null, ""identifiers"": {""CIK"": ""0000773840"", ""CUSIP"": ""019512102"", ""ISIN"": ""US4385162056"", ""OpenFigi"": ""BBG000H556T9""}, ""identity_correction"": null, ""identity_evidence"": [""current directory ticker and name compatible""], ""membership_source"": ""HistoricalTickerComponents"", ""provider_symbol"": ""HON"", ""source_security_id"": ""129aaaed-4b2d-5042-992a-6b4879252597"", ""symbol_changes"": []}",RESOLVED,stable identifiers and provider identity preserved by validated POC3 security master
HONA,5fb1caa2-e38e-5371-8b37-6d8c7e1ecf09,2026-06-29,,Honeywell Aerospace Inc,BBG020QYV152,US43849R1059,,HONA,EODHD HistoricalTickerComponents / POC3 validated,HIGH,"{""dataset"": ""EODHD POC3 validated security master"", ""exception"": null, ""identifiers"": {""ISIN"": ""US43849R1059"", ""OpenFigi"": ""BBG020QYV152""}, ""identity_correction"": null, ""identity_evidence"": [""current directory ticker and name compatible""], ""membership_source"": ""HistoricalTickerComponents"", ""provider_symbol"": ""HONA"", ""source_security_id"": ""5fb1caa2-e38e-5371-8b37-6d8c7e1ecf09"", ""symbol_changes"": [{""company_name"": ""Honeywell Aerospace Inc. Common Stock "", ""effective"": ""2026-06-29"", ""exchange"": ""US"", ""new_symbol"": ""HONA"", ""old_symbol"": ""HONAV""}]}",RESOLVED,stable identifiers and provider identity preserved by validated POC3 security master
HOOD,75e5ba01-7726-5dac-b7e8-96cb55d39ad8,2025-09-22,,Robinhood Markets Inc,BBG008NMBXN8,US7707001027,0001783879,HOOD,EODHD HistoricalTickerComponents / POC3 validated,HIGH,"{""dataset"": ""EODHD POC3 validated security master"", ""exception"": null, ""identifiers"": {""CIK"": ""0001783879"", ""CUSIP"": ""770700102"", ""ISIN"": ""US7707001027"", ""OpenFigi"": ""BBG008NMBXN8""}, ""identity_correction"": null, ""identity_evidence"": [""current directory ticker and name compatible""], ""membership_source"": ""HistoricalTickerComponents"", ""provider_symbol"": ""HOOD"", ""source_security_id"": ""75e5ba01-7726-5dac-b7e8-96cb55d39ad8"", ""symbol_changes"": []}",RESOLVED,stable identifiers and provider identity preserved by validated POC3 security master
HPE,201df3b6-3104-5fad-8631-34d043d8fb27,2015-11-02,,Hewlett Packard Enterprise Co,BBG0078W3NQ3,US42824C1099,0001645590,HPE,EODHD HistoricalTickerComponents / POC3 validated,HIGH,"{""dataset"": ""EODHD POC3 validated security master"", ""exception"": null, ""identifiers"": {""CIK"": ""0001645590"", ""CUSIP"": ""42824C109"", ""ISIN"": ""US42824C1099"", ""LEI"": ""549300BX44RGX6ANDV88"", ""OpenFigi"": ""BBG0078W3NQ3""}, ""identity_correction"": null, ""identity_evidence"": [""current directory ticker and name compatible""], ""membership_source"": ""HistoricalTickerComponents"", ""provider_symbol"": ""HPE"", ""source_security_id"": ""201df3b6-3104-5fad-8631-34d043d8fb27"", ""symbol_changes"": []}",RESOLVED,stable identifiers and provider identity preserved by validated POC3 security master
HPQ,c5a4a42e-3f99-5c3d-b300-0ede724e669c,1974-12-31,,HP Inc,BBG000KHWT55,US40434L1052,0000047217,HPQ,EODHD HistoricalTickerComponents / POC3 validated,HIGH,"{""dataset"": ""EODHD POC3 validated security master"", ""exception"": null, ""identifiers"": {""CIK"": ""0000047217"", ""CUSIP"": ""428236103"", ""ISIN"": ""US40434L1052"", ""LEI"": ""WHKXQACZ14C5XRO8LW03"", ""OpenFigi"": ""BBG000KHWT55""}, ""identity_correction"": null, ""identity_evidence"": [""current directory ticker and name compatible""], ""membership_source"": ""HistoricalTickerComponents"", ""provider_symbol"": ""HPQ"", ""source_security_id"": ""c5a4a42e-3f99-5c3d-b300-0ede724e669c"", ""symbol_changes"": []}",RESOLVED,stable identifiers and provider identity preserved by validated POC3 security master
HRL,86d905f1-a40d-55ce-aac8-e130f9aa860b,2009-03-03,,Hormel Foods Corporation,BBG000BLF8D2,US4404521001,0000048465,HRL,EODHD HistoricalTickerComponents / POC3 validated,HIGH,"{""dataset"": ""EODHD POC3 validated security master"", ""exception"": null, ""identifiers"": {""CIK"": ""0000048465"", ""CUSIP"": ""440452100"", ""ISIN"": ""US4404521001"", ""LEI"": ""MSD54751OJP1FS2ND863"", ""OpenFigi"": ""BBG000BLF8D2""}, ""identity_correction"": null, ""identity_evidence"": [""current directory ticker and name compatible""], ""membership_source"": ""HistoricalTickerComponents"", ""provider_symbol"": ""HRL"", ""source_security_id"": ""86d905f1-a40d-55ce-aac8-e130f9aa860b"", ""symbol_changes"": []}",RESOLVED,stable identifiers and provider identity preserved by validated POC3 security master
HSIC,d5eed94c-a24c-5015-942d-2312b5cd1f78,2015-03-18,,Henry Schein Inc,BBG000BNMMJ3,US8064071025,0001000228,HSIC,EODHD HistoricalTickerComponents / POC3 validated,HIGH,"{""dataset"": ""EODHD POC3 validated security master"", ""exception"": null, ""identifiers"": {""CIK"": ""0001000228"", ""CUSIP"": ""806407102"", ""ISIN"": ""US8064071025"", ""LEI"": ""VGO3WGL8H45T73F4RR92"", ""OpenFigi"": ""BBG000BNMMJ3""}, ""identity_correction"": null, ""identity_evidence"": [""current directory ticker and name compatible""], ""membership_source"": ""HistoricalTickerComponents"", ""provider_symbol"": ""HSIC"", ""source_security_id"": ""d5eed94c-a24c-5015-942d-2312b5cd1f78"", ""symbol_changes"": []}",RESOLVED,stable identifiers and provider identity preserved by validated POC3 security master
HST,8682dda4-3d60-53df-8e18-8d1dca384de9,2007-03-20,,Host Hotels & Resorts Inc,BBG000BL8804,US44107P1049,0001070750,HST,EODHD HistoricalTickerComponents / POC3 validated,HIGH,"{""dataset"": ""EODHD POC3 validated security master"", ""exception"": null, ""identifiers"": {""CIK"": ""0001070750"", ""CUSIP"": ""44107P104"", ""ISIN"": ""US44107P1049"", ""LEI"": ""N6EL63S0K3PB1YFTDI24"", ""OpenFigi"": ""BBG000BL8804""}, ""identity_correction"": null, ""identity_evidence"": [""current directory ticker and name compatible""], ""membership_source"": ""HistoricalTickerComponents"", ""provider_symbol"": ""HST"", ""source_security_id"": ""8682dda4-3d60-53df-8e18-8d1dca384de9"", ""symbol_changes"": []}",RESOLVED,stable identifiers and provider identity preserved by validated POC3 security master
HSY,b8146811-3c6c-572c-ada9-d71b710075f4,1957-03-04,,Hershey Co,BBG000BLHRS2,US4278661081,0000047111,HSY,EODHD HistoricalTickerComponents / POC3 validated,HIGH,"{""dataset"": ""EODHD POC3 validated security master"", ""exception"": null, ""identifiers"": {""CIK"": ""0000047111"", ""CUSIP"": ""427866108"", ""ISIN"": ""US4278661081"", ""LEI"": ""21X2CX66SU2BR6QTAD08"", ""OpenFigi"": ""BBG000BLHRS2""}, ""identity_correction"": null, ""identity_evidence"": [""current directory ticker and name compatible""], ""membership_source"": ""HistoricalTickerComponents"", ""provider_symbol"": ""HSY"", ""source_security_id"": ""b8146811-3c6c-572c-ada9-d71b710075f4"", ""symbol_changes"": []}",RESOLVED,stable identifiers and provider identity preserved by validated POC3 security master
HUBB,7ec75a52-39d7-5fb3-903b-8a0e8d3f74a1,2023-10-18,,Hubbell Inc,BBG000BLK267,US4435106079,0000048898,HUBB,EODHD HistoricalTickerComponents / POC3 validated,HIGH,"{""dataset"": ""EODHD POC3 validated security master"", ""exception"": null, ""identifiers"": {""CIK"": ""0000048898"", ""CUSIP"": ""443510102"", ""ISIN"": ""US4435106079"", ""LEI"": ""54930088VDQ6840Y6597"", ""OpenFigi"": ""BBG000BLK267""}, ""identity_correction"": null, ""identity_evidence"": [""current directory ticker and name compatible""], ""membership_source"": ""HistoricalTickerComponents"", ""provider_symbol"": ""HUBB"", ""source_security_id"": ""7ec75a52-39d7-5fb3-903b-8a0e8d3f74a1"", ""symbol_changes"": []}",RESOLVED,stable identifiers and provider identity preserved by validated POC3 security master
HUM,e4084bcc-2b3b-513e-b5b0-e2e0396c1033,2012-12-10,,Humana Inc,BBG000BLKK03,US4448591028,0000049071,HUM,EODHD HistoricalTickerComponents / POC3 validated,HIGH,"{""dataset"": ""EODHD POC3 validated security master"", ""exception"": null, ""identifiers"": {""CIK"": ""0000049071"", ""CUSIP"": ""444859102"", ""ISIN"": ""US4448591028"", ""LEI"": ""529900YLDW34GJAO4J06"", ""OpenFigi"": ""BBG000BLKK03""}, ""identity_correction"": null, ""identity_evidence"": [""current directory ticker and name compatible""], ""membership_source"": ""HistoricalTickerComponents"", ""provider_symbol"": ""HUM"", ""source_security_id"": ""e4084bcc-2b3b-513e-b5b0-e2e0396c1033"", ""symbol_changes"": []}",RESOLVED,stable identifiers and provider identity preserved by validated POC3 security master
HWM,16857924-8767-5a4d-b179-27362aea5a1a,2016-10-21,,Howmet Aerospace Inc,BBG00DYNJGH9,US4432011082,0000004281,HWM,EODHD HistoricalTickerComponents / POC3 validated,HIGH,"{""dataset"": ""EODHD POC3 validated security master"", ""exception"": null, ""identifiers"": {""CIK"": ""0000004281"", ""CUSIP"": ""013817507"", ""ISIN"": ""US4432011082"", ""LEI"": ""ABPN11VOHLHX6QR7XQ48"", ""OpenFigi"": ""BBG00DYNJGH9""}, ""identity_correction"": null, ""identity_evidence"": [""current directory ticker and name compatible""], ""membership_source"": ""HistoricalTickerComponents"", ""provider_symbol"": ""HWM"", ""source_security_id"": ""16857924-8767-5a4d-b179-27362aea5a1a"", ""symbol_changes"": []}",RESOLVED,stable identifiers and provider identity preserved by validated POC3 security master
IBKR,53ee1c81-4e75-5d0e-b6c3-f17d8f72fd95,2025-08-28,,Interactive Brokers Group Inc,BBG000LV0836,US45841N1072,0001381197,IBKR,EODHD HistoricalTickerComponents / POC3 validated,HIGH,"{""dataset"": ""EODHD POC3 validated security master"", ""exception"": null, ""identifiers"": {""CIK"": ""0001381197"", ""CUSIP"": ""45841N107"", ""ISIN"": ""US45841N1072"", ""LEI"": ""5493004DT6DCDUZNDM53"", ""OpenFigi"": ""BBG000LV0836""}, ""identity_correction"": null, ""identity_evidence"": [""current directory ticker and name compatible""], ""membership_source"": ""HistoricalTickerComponents"", ""provider_symbol"": ""IBKR"", ""source_security_id"": ""53ee1c81-4e75-5d0e-b6c3-f17d8f72fd95"", ""symbol_changes"": []}",RESOLVED,stable identifiers and provider identity preserved by validated POC3 security master
IBM,416d3fbf-8195-57a6-95fb-e40aea5e7f1f,1957-03-04,,International Business Machines,BBG000BLNNH6,US4592001014,0000051143,IBM,EODHD HistoricalTickerComponents / POC3 validated,HIGH,"{""dataset"": ""EODHD POC3 validated security master"", ""exception"": null, ""identifiers"": {""CIK"": ""0000051143"", ""CUSIP"": ""459200101"", ""ISIN"": ""US4592001014"", ""LEI"": ""VGRQXHF3J8VDLUA7XE92"", ""OpenFigi"": ""BBG000BLNNH6""}, ""identity_correction"": null, ""identity_evidence"": [""current directory ticker and name compatible""], ""membership_source"": ""HistoricalTickerComponents"", ""provider_symbol"": ""IBM"", ""source_security_id"": ""416d3fbf-8195-57a6-95fb-e40aea5e7f1f"", ""symbol_changes"": []}",RESOLVED,stable identifiers and provider identity preserved by validated POC3 security master
ICE,c7750f48-b413-5cee-9ff2-a652dd8040e5,2007-09-26,,Intercontinental Exchange Inc,BBG000C1FB75,US45866F1049,0001571949,ICE,EODHD HistoricalTickerComponents / POC3 validated,HIGH,"{""dataset"": ""EODHD POC3 validated security master"", ""exception"": null, ""identifiers"": {""CIK"": ""0001571949"", ""CUSIP"": ""45865V100"", ""ISIN"": ""US45866F1049"", ""LEI"": ""5493000F4ZO33MV32P92"", ""OpenFigi"": ""BBG000C1FB75""}, ""identity_correction"": null, ""identity_evidence"": [""current directory ticker and name compatible""], ""membership_source"": ""HistoricalTickerComponents"", ""provider_symbol"": ""ICE"", ""source_security_id"": ""c7750f48-b413-5cee-9ff2-a652dd8040e5"", ""symbol_changes"": []}",RESOLVED,stable identifiers and provider identity preserved by validated POC3 security master
IDXX,3c7f12fc-8a30-528c-a823-363f7c61549b,2017-01-05,,IDEXX Laboratories Inc,BBG000BLRT07,US45168D1046,0000874716,IDXX,EODHD HistoricalTickerComponents / POC3 validated,HIGH,"{""dataset"": ""EODHD POC3 validated security master"", ""exception"": null, ""identifiers"": {""CIK"": ""0000874716"", ""CUSIP"": ""45168D104"", ""ISIN"": ""US45168D1046"", ""LEI"": ""OGMTXK0LUU1HKV2P0J84"", ""OpenFigi"": ""BBG000BLRT07""}, ""identity_correction"": null, ""identity_evidence"": [""current directory ticker and name compatible""], ""membership_source"": ""HistoricalTickerComponents"", ""provider_symbol"": ""IDXX"", ""source_security_id"": ""3c7f12fc-8a30-528c-a823-363f7c61549b"", ""symbol_changes"": []}",RESOLVED,stable identifiers and provider identity preserved by validated POC3 security master
IEX,345eae98-2f59-5cad-87b1-0906f1ccfdee,2019-08-09,,IDEX Corporation,BBG000C1HN22,US45167R1041,0000832101,IEX,EODHD HistoricalTickerComponents / POC3 validated,HIGH,"{""dataset"": ""EODHD POC3 validated security master"", ""exception"": null, ""identifiers"": {""CIK"": ""0000832101"", ""CUSIP"": ""45167R104"", ""ISIN"": ""US45167R1041"", ""LEI"": ""549300U5Y5EL6PHYLF13"", ""OpenFigi"": ""BBG000C1HN22""}, ""identity_correction"": null, ""identity_evidence"": [""current directory ticker and name compatible""], ""membership_source"": ""HistoricalTickerComponents"", ""provider_symbol"": ""IEX"", ""source_security_id"": ""345eae98-2f59-5cad-87b1-0906f1ccfdee"", ""symbol_changes"": []}",RESOLVED,stable identifiers and provider identity preserved by validated POC3 security master
IFF,4c3ee5ab-d445-5560-8d3c-cbd88f89a0f8,1976-03-31,,International Flavors & Fragrances Inc,BBG000BLSL58,US4595061015,0000051253,IFF,EODHD HistoricalTickerComponents / POC3 validated,HIGH,"{""dataset"": ""EODHD POC3 validated security master"", ""exception"": null, ""identifiers"": {""CIK"": ""0000051253"", ""CUSIP"": ""459506101"", ""ISIN"": ""US4595061015"", ""LEI"": ""BZLRL03D3GPGMOGFO832"", ""OpenFigi"": ""BBG000BLSL58""}, ""identity_correction"": null, ""identity_evidence"": [""current directory ticker and name compatible""], ""membership_source"": ""HistoricalTickerComponents"", ""provider_symbol"": ""IFF"", ""source_security_id"": ""4c3ee5ab-d445-5560-8d3c-cbd88f89a0f8"", ""symbol_changes"": []}",RESOLVED,stable identifiers and provider identity preserved by validated POC3 security master
ILMN,1262fcc5-523e-515d-bbf2-2232b69bf4ac,2026-09-21,,Illumina Inc,BBG000DSMS70,US4523271090,0001110803,ILMN,EODHD HistoricalTickerComponents / POC3 validated,HIGH,"{""dataset"": ""EODHD POC3 validated security master"", ""exception"": null, ""identifiers"": {""CIK"": ""0001110803"", ""CUSIP"": ""452327109"", ""ISIN"": ""US4523271090"", ""LEI"": ""SQ95QG8SR5Q56LSNF682"", ""OpenFigi"": ""BBG000DSMS70""}, ""identity_correction"": null, ""identity_evidence"": [""no exact safe current/delisted instrument mapping"", ""exact ticker used as candidate pending fundamentals validation""], ""membership_source"": ""HistoricalTickerComponents"", ""provider_symbol"": ""ILMN"", ""source_security_id"": ""1262fcc5-523e-515d-bbf2-2232b69bf4ac"", ""symbol_changes"": []}",RESOLVED,stable identifiers and provider identity preserved by validated POC3 security master
INCY,8f9cdb9b-55c2-524f-af51-4d16408bf91e,2017-02-28,,Incyte Corporation,BBG000BNPSQ9,US45337C1027,0000879169,INCY,EODHD HistoricalTickerComponents / POC3 validated,HIGH,"{""dataset"": ""EODHD POC3 validated security master"", ""exception"": null, ""identifiers"": {""CIK"": ""0000879169"", ""CUSIP"": ""45337C102"", ""ISIN"": ""US45337C1027"", ""LEI"": ""549300Z4WN6JVZ3T4680"", ""OpenFigi"": ""BBG000BNPSQ9""}, ""identity_correction"": null, ""identity_evidence"": [""current directory ticker and name compatible""], ""membership_source"": ""HistoricalTickerComponents"", ""provider_symbol"": ""INCY"", ""source_security_id"": ""8f9cdb9b-55c2-524f-af51-4d16408bf91e"", ""symbol_changes"": []}",RESOLVED,stable identifiers and provider identity preserved by validated POC3 security master
INFO_OLD1,4bf16e9b-12aa-5e8f-8629-2e67d4c985b7,2017-06-02,2022-03-02,Ihs Markit Ltd,,USG475671057,0001598014,INFO_old1,EODHD HistoricalTickerComponents / POC3 validated,HIGH,"{""dataset"": ""EODHD POC3 validated security master"", ""exception"": null, ""identifiers"": {""CIK"": ""0001598014"", ""CUSIP"": ""59163F204"", ""ISIN"": ""USG475671057""}, ""identity_correction"": null, ""identity_evidence"": [""delisted directory ticker and name compatible""], ""membership_source"": ""HistoricalTickerComponents"", ""provider_symbol"": ""INFO_old1"", ""source_security_id"": ""4bf16e9b-12aa-5e8f-8629-2e67d4c985b7"", ""symbol_changes"": []}",RESOLVED,stable identifiers and provider identity preserved by validated POC3 security master
INTC,0cf86a05-f6b2-5ad3-8d17-caf499d7c753,1976-12-31,,Intel Corporation,BBG000C0G1D1,US4581401001,0000050863,INTC,EODHD HistoricalTickerComponents / POC3 validated,HIGH,"{""dataset"": ""EODHD POC3 validated security master"", ""exception"": null, ""identifiers"": {""CIK"": ""0000050863"", ""CUSIP"": ""458140100"", ""ISIN"": ""US4581401001"", ""LEI"": ""KNX4USFCNGPY45LOCE31"", ""OpenFigi"": ""BBG000C0G1D1""}, ""identity_correction"": null, ""identity_evidence"": [""current directory ticker and name compatible""], ""membership_source"": ""HistoricalTickerComponents"", ""provider_symbol"": ""INTC"", ""source_security_id"": ""0cf86a05-f6b2-5ad3-8d17-caf499d7c753"", ""symbol_changes"": []}",RESOLVED,stable identifiers and provider identity preserved by validated POC3 security master
INTU,9d7df168-bec6-5faf-870a-e17f9d483543,2000-12-05,,Intuit Inc,BBG000BH5DV1,US4612021034,0000896878,INTU,EODHD HistoricalTickerComponents / POC3 validated,HIGH,"{""dataset"": ""EODHD POC3 validated security master"", ""exception"": null, ""identifiers"": {""CIK"": ""0000896878"", ""CUSIP"": ""461202103"", ""ISIN"": ""US4612021034"", ""LEI"": ""VI90HBPH7XSFMB9E4M29"", ""OpenFigi"": ""BBG000BH5DV1""}, ""identity_correction"": null, ""identity_evidence"": [""current directory ticker and name compatible""], ""membership_source"": ""HistoricalTickerComponents"", ""provider_symbol"": ""INTU"", ""source_security_id"": ""9d7df168-bec6-5faf-870a-e17f9d483543"", ""symbol_changes"": []}",RESOLVED,stable identifiers and provider identity preserved by validated POC3 security master
INVH,1f9ad3c9-dc0a-50c4-b649-ddc4abbe5a23,2022-09-19,,Invitation Homes Inc,BBG00FQH6BS9,US46187W1071,0001687229,INVH,EODHD HistoricalTickerComponents / POC3 validated,HIGH,"{""dataset"": ""EODHD POC3 validated security master"", ""exception"": null, ""identifiers"": {""CIK"": ""0001687229"", ""CUSIP"": ""46187W107"", ""ISIN"": ""US46187W1071"", ""OpenFigi"": ""BBG00FQH6BS9""}, ""identity_correction"": null, ""identity_evidence"": [""current directory ticker and name compatible""], ""membership_source"": ""HistoricalTickerComponents"", ""provider_symbol"": ""INVH"", ""source_security_id"": ""1f9ad3c9-dc0a-50c4-b649-ddc4abbe5a23"", ""symbol_changes"": []}",RESOLVED,stable identifiers and provider identity preserved by validated POC3 security master
IP,2af38914-0b20-5c2f-b142-a05901a8918c,1957-03-04,,International Paper,BBG000BM5SR2,US4601461035,0000051434,IP,EODHD HistoricalTickerComponents / POC3 validated,HIGH,"{""dataset"": ""EODHD POC3 validated security master"", ""exception"": null, ""identifiers"": {""CIK"": ""0000051434"", ""CUSIP"": ""460146103"", ""ISIN"": ""US4601461035"", ""LEI"": ""824LMFJDH41EY779Q875"", ""OpenFigi"": ""BBG000BM5SR2""}, ""identity_correction"": null, ""identity_evidence"": [""current directory ticker and name compatible""], ""membership_source"": ""HistoricalTickerComponents"", ""provider_symbol"": ""IP"", ""source_security_id"": ""2af38914-0b20-5c2f-b142-a05901a8918c"", ""symbol_changes"": []}",RESOLVED,stable identifiers and provider identity preserved by validated POC3 security master
IPG,bf484aa1-b70a-5a16-87fe-c7ba4c816a18,1992-10-01,2025-11-28,Interpublic Group of Companies Inc,BBG000C90DH9,US4606901001,0000051644,IPG,EODHD HistoricalTickerComponents / POC3 validated,HIGH,"{""dataset"": ""EODHD POC3 validated security master"", ""exception"": null, ""identifiers"": {""CIK"": ""0000051644"", ""CUSIP"": ""460690100"", ""ISIN"": ""US4606901001"", ""LEI"": ""5493008IUOJ5VWTRC333"", ""OpenFigi"": ""BBG000C90DH9""}, ""identity_correction"": null, ""identity_evidence"": [""delisted directory ticker and name compatible""], ""membership_source"": ""HistoricalTickerComponents"", ""provider_symbol"": ""IPG"", ""source_security_id"": ""bf484aa1-b70a-5a16-87fe-c7ba4c816a18"", ""symbol_changes"": []}",RESOLVED,stable identifiers and provider identity preserved by validated POC3 security master
IPGP,225f1f2c-eecb-5fbe-aede-0fef254de8ad,2018-03-07,2022-06-21,IPG Photonics Corporation,BBG000DCGRL8,US44980X1090,0001111928,IPGP,EODHD HistoricalTickerComponents / POC3 validated,HIGH,"{""dataset"": ""EODHD POC3 validated security master"", ""exception"": null, ""identifiers"": {""CIK"": ""0001111928"", ""CUSIP"": ""44980X109"", ""ISIN"": ""US44980X1090"", ""LEI"": ""5493002KZ51CADQ94G15"", ""OpenFigi"": ""BBG000DCGRL8""}, ""identity_correction"": null, ""identity_evidence"": [""no exact safe current/delisted instrument mapping"", ""exact ticker used as candidate pending fundamentals validation""], ""membership_source"": ""HistoricalTickerComponents"", ""provider_symbol"": ""IPGP"", ""source_security_id"": ""225f1f2c-eecb-5fbe-aede-0fef254de8ad"", ""symbol_changes"": []}",RESOLVED,stable identifiers and provider identity preserved by validated POC3 security master
IQV,a04ab24b-5f2b-5681-a94f-a2fe208a1779,2017-08-29,,IQVIA Holdings Inc,BBG00333FYS2,US46266C1053,0001478242,IQV,EODHD HistoricalTickerComponents / POC3 validated,HIGH,"{""dataset"": ""EODHD POC3 validated security master"", ""exception"": null, ""identifiers"": {""CIK"": ""0001478242"", ""CUSIP"": ""46266C105"", ""ISIN"": ""US46266C1053"", ""LEI"": ""549300W3R20NM4KQPH86"", ""OpenFigi"": ""BBG00333FYS2""}, ""identity_correction"": null, ""identity_evidence"": [""current directory ticker and name compatible""], ""membership_source"": ""HistoricalTickerComponents"", ""provider_symbol"": ""IQV"", ""source_security_id"": ""a04ab24b-5f2b-5681-a94f-a2fe208a1779"", ""symbol_changes"": []}",RESOLVED,stable identifiers and provider identity preserved by validated POC3 security master
IR,63787c77-01c1-5b67-8e27-bc4213c15c85,2012-04-01,,Ingersoll Rand Inc,BBG002R1CW27,US45687V1061,0001466258,IR,EODHD HistoricalTickerComponents / POC3 validated,HIGH,"{""dataset"": ""EODHD POC3 validated security master"", ""exception"": null, ""identifiers"": {""CIK"": ""0001466258"", ""CUSIP"": ""36555P107"", ""ISIN"": ""US45687V1061"", ""LEI"": ""5299004C02FMZCUOIR50"", ""OpenFigi"": ""BBG002R1CW27""}, ""identity_correction"": null, ""identity_evidence"": [""current directory ticker and name compatible""], ""membership_source"": ""HistoricalTickerComponents"", ""provider_symbol"": ""IR"", ""source_security_id"": ""63787c77-01c1-5b67-8e27-bc4213c15c85"", ""symbol_changes"": []}",RESOLVED,stable identifiers and provider identity preserved by validated POC3 security master
IRM,1229bb29-0cb5-5ea0-bb75-e682cbcfea02,2009-01-06,,Iron Mountain Incorporated,BBG000KCZPC3,US46284V1017,0001020569,IRM,EODHD HistoricalTickerComponents / POC3 validated,HIGH,"{""dataset"": ""EODHD POC3 validated security master"", ""exception"": null, ""identifiers"": {""CIK"": ""0001020569"", ""CUSIP"": ""720722107"", ""ISIN"": ""US46284V1017"", ""LEI"": ""SQL3F6CKNNBM3SQGHX24"", ""OpenFigi"": ""BBG000KCZPC3""}, ""identity_correction"": null, ""identity_evidence"": [""current directory ticker and name compatible""], ""membership_source"": ""HistoricalTickerComponents"", ""provider_symbol"": ""IRM"", ""source_security_id"": ""1229bb29-0cb5-5ea0-bb75-e682cbcfea02"", ""symbol_changes"": []}",RESOLVED,stable identifiers and provider identity preserved by validated POC3 security master
ISRG,d62d5449-d19b-5c6d-9cec-57194f2d2bf2,2008-06-02,,Intuitive Surgical Inc,BBG000BJPDZ1,US46120E6023,0001035267,ISRG,EODHD HistoricalTickerComponents / POC3 validated,HIGH,"{""dataset"": ""EODHD POC3 validated security master"", ""exception"": null, ""identifiers"": {""CIK"": ""0001035267"", ""CUSIP"": ""46120E107"", ""ISIN"": ""US46120E6023"", ""LEI"": ""54930052SRG011710797"", ""OpenFigi"": ""BBG000BJPDZ1""}, ""identity_correction"": null, ""identity_evidence"": [""current directory ticker and name compatible""], ""membership_source"": ""HistoricalTickerComponents"", ""provider_symbol"": ""ISRG"", ""source_security_id"": ""d62d5449-d19b-5c6d-9cec-57194f2d2bf2"", ""symbol_changes"": []}",RESOLVED,stable identifiers and provider identity preserved by validated POC3 security master
IT,6ce0c852-3d1b-5628-afde-e4ff65ad78dd,2017-04-05,,Gartner Inc,BBG000BB65D0,US3666511072,0000749251,IT,EODHD HistoricalTickerComponents / POC3 validated,HIGH,"{""dataset"": ""EODHD POC3 validated security master"", ""exception"": null, ""identifiers"": {""CIK"": ""0000749251"", ""CUSIP"": ""366651206"", ""ISIN"": ""US3666511072"", ""LEI"": ""PP55B5R38BFB8O8HH686"", ""OpenFigi"": ""BBG000BB65D0""}, ""identity_correction"": null, ""identity_evidence"": [""current directory ticker and name compatible""], ""membership_source"": ""HistoricalTickerComponents"", ""provider_symbol"": ""IT"", ""source_security_id"": ""6ce0c852-3d1b-5628-afde-e4ff65ad78dd"", ""symbol_changes"": []}",RESOLVED,stable identifiers and provider identity preserved by validated POC3 security master
ITW,a7dbbd19-5429-52ca-a491-d4d6cccd98f8,1986-02-28,,Illinois Tool Works Inc,BBG000BMBL90,US4523081093,0000049826,ITW,EODHD HistoricalTickerComponents / POC3 validated,HIGH,"{""dataset"": ""EODHD POC3 validated security master"", ""exception"": null, ""identifiers"": {""CIK"": ""0000049826"", ""CUSIP"": ""452308109"", ""ISIN"": ""US4523081093"", ""LEI"": ""76NA4I14SZCFAYMNSV04"", ""OpenFigi"": ""BBG000BMBL90""}, ""identity_correction"": null, ""identity_evidence"": [""current directory ticker and name compatible""], ""membership_source"": ""HistoricalTickerComponents"", ""provider_symbol"": ""ITW"", ""source_security_id"": ""a7dbbd19-5429-52ca-a491-d4d6cccd98f8"", ""symbol_changes"": []}",RESOLVED,stable identifiers and provider identity preserved by validated POC3 security master
IVZ,1c774564-430a-50be-86d1-9c64e633bbc9,2008-08-21,,Invesco Plc,BBG000BY2Y78,BMG491BT1088,0000914208,IVZ,EODHD HistoricalTickerComponents / POC3 validated,HIGH,"{""dataset"": ""EODHD POC3 validated security master"", ""exception"": null, ""identifiers"": {""CIK"": ""0000914208"", ""CUSIP"": ""G491BT108"", ""ISIN"": ""BMG491BT1088"", ""LEI"": ""ECPGFXU8A2SHKVVGJI15"", ""OpenFigi"": ""BBG000BY2Y78""}, ""identity_correction"": null, ""identity_evidence"": [""current directory ticker and name compatible""], ""membership_source"": ""HistoricalTickerComponents"", ""provider_symbol"": ""IVZ"", ""source_security_id"": ""1c774564-430a-50be-86d1-9c64e633bbc9"", ""symbol_changes"": []}",RESOLVED,stable identifiers and provider identity preserved by validated POC3 security master
J,4db710d7-97b9-5625-94ee-b6664c2356e2,2007-10-26,,Jacobs Solutions Inc.,BBG019C1BQR4,US46982L1089,0000052988,J,EODHD HistoricalTickerComponents / POC3 validated,HIGH,"{""dataset"": ""EODHD POC3 validated security master"", ""exception"": null, ""identifiers"": {""CIK"": ""0000052988"", ""CUSIP"": ""46982L108"", ""ISIN"": ""US46982L1089"", ""OpenFigi"": ""BBG019C1BQR4""}, ""identity_correction"": null, ""identity_evidence"": [""current directory ticker and name compatible""], ""membership_source"": ""HistoricalTickerComponents"", ""provider_symbol"": ""J"", ""source_security_id"": ""4db710d7-97b9-5625-94ee-b6664c2356e2"", ""symbol_changes"": []}",RESOLVED,stable identifiers and provider identity preserved by validated POC3 security master
JBHT,8bc423f8-5697-5924-9763-c97a24a6a2e6,2015-07-01,,JB Hunt Transport Services Inc,BBG000BMDBZ1,US4456581077,0000728535,JBHT,EODHD HistoricalTickerComponents / POC3 validated,HIGH,"{""dataset"": ""EODHD POC3 validated security master"", ""exception"": null, ""identifiers"": {""CIK"": ""0000728535"", ""CUSIP"": ""445658107"", ""ISIN"": ""US4456581077"", ""LEI"": ""549300XCD1MPI1C5GK90"", ""OpenFigi"": ""BBG000BMDBZ1""}, ""identity_correction"": null, ""identity_evidence"": [""current directory ticker and name compatible""], ""membership_source"": ""HistoricalTickerComponents"", ""provider_symbol"": ""JBHT"", ""source_security_id"": ""8bc423f8-5697-5924-9763-c97a24a6a2e6"", ""symbol_changes"": []}",RESOLVED,stable identifiers and provider identity preserved by validated POC3 security master
JBL,576214d0-5198-5979-9fb0-2a7be1e51fbf,2023-12-18,,Jabil Circuit Inc,BBG000BJNGN9,US4663131039,0000898293,JBL,EODHD HistoricalTickerComponents / POC3 validated,HIGH,"{""dataset"": ""EODHD POC3 validated security master"", ""exception"": null, ""identifiers"": {""CIK"": ""0000898293"", ""CUSIP"": ""466313103"", ""ISIN"": ""US4663131039"", ""LEI"": ""5493000CGCQY2OQU7669"", ""OpenFigi"": ""BBG000BJNGN9""}, ""identity_correction"": null, ""identity_evidence"": [""current directory ticker and name compatible""], ""membership_source"": ""HistoricalTickerComponents"", ""provider_symbol"": ""JBL"", ""source_security_id"": ""576214d0-5198-5979-9fb0-2a7be1e51fbf"", ""symbol_changes"": []}",RESOLVED,stable identifiers and provider identity preserved by validated POC3 security master
JCI,35993fa4-3c75-554e-b363-430357643695,2010-08-27,,Johnson Controls International PLC,BBG000BVWLJ6,IE00BY7QL619,0000833444,JCI,EODHD HistoricalTickerComponents / POC3 validated,HIGH,"{""dataset"": ""EODHD POC3 validated security master"", ""exception"": null, ""identifiers"": {""CIK"": ""0000833444"", ""CUSIP"": ""000915306"", ""ISIN"": ""IE00BY7QL619"", ""LEI"": ""549300XQ6S1GYKGBL205"", ""OpenFigi"": ""BBG000BVWLJ6""}, ""identity_correction"": null, ""identity_evidence"": [""current directory ticker and name compatible""], ""membership_source"": ""HistoricalTickerComponents"", ""provider_symbol"": ""JCI"", ""source_security_id"": ""35993fa4-3c75-554e-b363-430357643695"", ""symbol_changes"": []}",RESOLVED,stable identifiers and provider identity preserved by validated POC3 security master
JKHY,d1df9fc2-363d-5151-9d22-a305ef3da4d5,2018-11-13,,Jack Henry & Associates Inc,BBG000BMH2Q7,US4262811015,0000779152,JKHY,EODHD HistoricalTickerComponents / POC3 validated,HIGH,"{""dataset"": ""EODHD POC3 validated security master"", ""exception"": null, ""identifiers"": {""CIK"": ""0000779152"", ""CUSIP"": ""426281101"", ""ISIN"": ""US4262811015"", ""LEI"": ""529900X1QS8C54W0JB21"", ""OpenFigi"": ""BBG000BMH2Q7""}, ""identity_correction"": null, ""identity_evidence"": [""current directory ticker and name compatible""], ""membership_source"": ""HistoricalTickerComponents"", ""provider_symbol"": ""JKHY"", ""source_security_id"": ""d1df9fc2-363d-5151-9d22-a305ef3da4d5"", ""symbol_changes"": []}",RESOLVED,stable identifiers and provider identity preserved by validated POC3 security master
JNJ,8edff5ab-3039-556d-82b0-670ef58f52ee,1973-06-30,,Johnson & Johnson,BBG000BMHYD1,US4781601046,0000200406,JNJ,EODHD HistoricalTickerComponents / POC3 validated,HIGH,"{""dataset"": ""EODHD POC3 validated security master"", ""exception"": null, ""identifiers"": {""CIK"": ""0000200406"", ""CUSIP"": ""478160104"", ""ISIN"": ""US4781601046"", ""LEI"": ""549300G0CFPGEF6X2043"", ""OpenFigi"": ""BBG000BMHYD1""}, ""identity_correction"": null, ""identity_evidence"": [""current directory ticker and name compatible""], ""membership_source"": ""HistoricalTickerComponents"", ""provider_symbol"": ""JNJ"", ""source_security_id"": ""8edff5ab-3039-556d-82b0-670ef58f52ee"", ""symbol_changes"": []}",RESOLVED,stable identifiers and provider identity preserved by validated POC3 security master
JNPR,89bd7534-cf43-55e3-a127-1ec59cfc64e0,2006-06-02,2025-07-09,Juniper Networks Inc,BBG000BY33P5,US48203R1041,0001043604,JNPR,EODHD HistoricalTickerComponents / POC3 validated,HIGH,"{""dataset"": ""EODHD POC3 validated security master"", ""exception"": null, ""identifiers"": {""CIK"": ""0001043604"", ""CUSIP"": ""481905503"", ""ISIN"": ""US48203R1041"", ""LEI"": ""AUHIXNGG7U2U7JEHM527"", ""OpenFigi"": ""BBG000BY33P5""}, ""identity_correction"": null, ""identity_evidence"": [""delisted directory ticker and name compatible""], ""membership_source"": ""HistoricalTickerComponents"", ""provider_symbol"": ""JNPR"", ""source_security_id"": ""89bd7534-cf43-55e3-a127-1ec59cfc64e0"", ""symbol_changes"": []}",RESOLVED,stable identifiers and provider identity preserved by validated POC3 security master
JPM,1ab18086-6e79-50c3-93d3-5b466c6c0db8,1975-06-30,,JPMorgan Chase & Co,BBG000DMBXR2,US46625H1005,0000019617,JPM,EODHD HistoricalTickerComponents / POC3 validated,HIGH,"{""dataset"": ""EODHD POC3 validated security master"", ""exception"": null, ""identifiers"": {""CIK"": ""0000019617"", ""CUSIP"": ""16161A108"", ""ISIN"": ""US46625H1005"", ""LEI"": ""8I5DZWZKVSZI1NUHU748"", ""OpenFigi"": ""BBG000DMBXR2""}, ""identity_correction"": null, ""identity_evidence"": [""current directory ticker and name compatible""], ""membership_source"": ""HistoricalTickerComponents"", ""provider_symbol"": ""JPM"", ""source_security_id"": ""1ab18086-6e79-50c3-93d3-5b466c6c0db8"", ""symbol_changes"": []}",RESOLVED,stable identifiers and provider identity preserved by validated POC3 security master
K,6c900079-ebbe-5111-b70f-16c0d7575e13,1989-09-11,2025-12-11,Kellanova,BBG000BMKDM3,US4878361082,0000055067,K,EODHD HistoricalTickerComponents / POC3 validated,HIGH,"{""dataset"": ""EODHD POC3 validated security master"", ""exception"": null, ""identifiers"": {""CIK"": ""0000055067"", ""CUSIP"": ""487836108"", ""ISIN"": ""US4878361082"", ""LEI"": ""LONOZNOJYIBXOHXWDB86"", ""OpenFigi"": ""BBG000BMKDM3""}, ""identity_correction"": null, ""identity_evidence"": [""delisted directory ticker and name compatible""], ""membership_source"": ""HistoricalTickerComponents"", ""provider_symbol"": ""K"", ""source_security_id"": ""6c900079-ebbe-5111-b70f-16c0d7575e13"", ""symbol_changes"": []}",RESOLVED,stable identifiers and provider identity preserved by validated POC3 security master
KD,f1377620-9ad1-5ed1-9ebd-3583e3ed8b88,2021-11-04,2021-11-05,Kyndryl Holdings Inc,BBG012W99DN6,US50155Q1004,0001867072,KD,EODHD HistoricalTickerComponents / POC3 validated,HIGH,"{""dataset"": ""EODHD POC3 validated security master"", ""exception"": null, ""identifiers"": {""CIK"": ""0001867072"", ""CUSIP"": ""50155Q100"", ""ISIN"": ""US50155Q1004"", ""OpenFigi"": ""BBG012W99DN6""}, ""identity_correction"": null, ""identity_evidence"": [""no exact safe current/delisted instrument mapping"", ""exact ticker used as candidate pending fundamentals validation""], ""membership_source"": ""HistoricalTickerComponents"", ""provider_symbol"": ""KD"", ""source_security_id"": ""f1377620-9ad1-5ed1-9ebd-3583e3ed8b88"", ""symbol_changes"": []}",RESOLVED,stable identifiers and provider identity preserved by validated POC3 security master
KDP,8f8d6f9e-dcf6-5028-8fa4-e00d297fdb25,2022-06-21,,Keurig Dr Pepper Inc,BBG000TJM7F0,US49271V1008,0001418135,KDP,EODHD HistoricalTickerComponents / POC3 validated,HIGH,"{""dataset"": ""EODHD POC3 validated security master"", ""exception"": null, ""identifiers"": {""CIK"": ""0001418135"", ""CUSIP"": ""49271V100"", ""ISIN"": ""US49271V1008"", ""LEI"": ""DYTQ8KRTKO7Y2BVU5K74"", ""OpenFigi"": ""BBG000TJM7F0""}, ""identity_correction"": null, ""identity_evidence"": [""current directory ticker and name compatible""], ""membership_source"": ""HistoricalTickerComponents"", ""provider_symbol"": ""KDP"", ""source_security_id"": ""8f8d6f9e-dcf6-5028-8fa4-e00d297fdb25"", ""symbol_changes"": []}",RESOLVED,stable identifiers and provider identity preserved by validated POC3 security master
KEY,be043410-eb59-523e-a9bb-ff70619fd5d7,1994-03-01,,KeyCorp,BBG000BMQPL1,US4932671088,0000091576,KEY,EODHD HistoricalTickerComponents / POC3 validated,HIGH,"{""dataset"": ""EODHD POC3 validated security master"", ""exception"": null, ""identifiers"": {""CIK"": ""0000091576"", ""CUSIP"": ""493263107"", ""ISIN"": ""US4932671088"", ""LEI"": ""RKPI3RZGV1V1FJTH5T61"", ""OpenFigi"": ""BBG000BMQPL1""}, ""identity_correction"": null, ""identity_evidence"": [""current directory ticker and name compatible""], ""membership_source"": ""HistoricalTickerComponents"", ""provider_symbol"": ""KEY"", ""source_security_id"": ""be043410-eb59-523e-a9bb-ff70619fd5d7"", ""symbol_changes"": []}",RESOLVED,stable identifiers and provider identity preserved by validated POC3 security master
KEYS,946a0a78-3bba-5a36-8f93-5e293f2952c4,2018-11-06,,Keysight Technologies Inc,BBG0059FN811,US49338L1035,0001601046,KEYS,EODHD HistoricalTickerComponents / POC3 validated,HIGH,"{""dataset"": ""EODHD POC3 validated security master"", ""exception"": null, ""identifiers"": {""CIK"": ""0001601046"", ""CUSIP"": ""49338L103"", ""ISIN"": ""US49338L1035"", ""LEI"": ""549300GLKVIO8YRCYN02"", ""OpenFigi"": ""BBG0059FN811""}, ""identity_correction"": null, ""identity_evidence"": [""current directory ticker and name compatible""], ""membership_source"": ""HistoricalTickerComponents"", ""provider_symbol"": ""KEYS"", ""source_security_id"": ""946a0a78-3bba-5a36-8f93-5e293f2952c4"", ""symbol_changes"": []}",RESOLVED,stable identifiers and provider identity preserved by validated POC3 security master
KHC,14c7dfcf-363c-570f-a1b8-1ba17150e9d7,2012-10-02,,The Kraft Heinz Company,BBG005CPNTQ2,US5007541064,0001637459,KHC,EODHD HistoricalTickerComponents / POC3 validated,HIGH,"{""dataset"": ""EODHD POC3 validated security master"", ""exception"": null, ""identifiers"": {""CIK"": ""0001637459"", ""CUSIP"": ""50075N104"", ""ISIN"": ""US5007541064"", ""LEI"": ""9845007488EC87F5AF14"", ""OpenFigi"": ""BBG005CPNTQ2""}, ""identity_correction"": null, ""identity_evidence"": [""current directory ticker and name compatible""], ""membership_source"": ""HistoricalTickerComponents"", ""provider_symbol"": ""KHC"", ""source_security_id"": ""14c7dfcf-363c-570f-a1b8-1ba17150e9d7"", ""symbol_changes"": []}",RESOLVED,stable identifiers and provider identity preserved by validated POC3 security master
KIM,f7a3ab1f-f04c-5077-a686-e039d36f69ba,2006-04-04,,Kimco Realty Corporation,BBG000CN3S73,US49446R1095,0000879101,KIM,EODHD HistoricalTickerComponents / POC3 validated,HIGH,"{""dataset"": ""EODHD POC3 validated security master"", ""exception"": null, ""identifiers"": {""CIK"": ""0000879101"", ""CUSIP"": ""49446R109"", ""ISIN"": ""US49446R1095"", ""LEI"": ""549300EA7I6T15IBYS12"", ""OpenFigi"": ""BBG000CN3S73""}, ""identity_correction"": null, ""identity_evidence"": [""current directory ticker and name compatible""], ""membership_source"": ""HistoricalTickerComponents"", ""provider_symbol"": ""KIM"", ""source_security_id"": ""f7a3ab1f-f04c-5077-a686-e039d36f69ba"", ""symbol_changes"": []}",RESOLVED,stable identifiers and provider identity preserved by validated POC3 security master
KKR,8a800b31-3424-5ea2-90b4-f5a952b425d3,2024-06-24,,KKR & Co. Inc.,BBG000BCQ6J8,US48251W1045,0001404912,KKR,EODHD HistoricalTickerComponents / POC3 validated,HIGH,"{""dataset"": ""EODHD POC3 validated security master"", ""exception"": null, ""identifiers"": {""CIK"": ""0001404912"", ""CUSIP"": ""48251W104"", ""ISIN"": ""US48251W1045"", ""LEI"": ""549300JOHU21WRN2Z451"", ""OpenFigi"": ""BBG000BCQ6J8""}, ""identity_correction"": null, ""identity_evidence"": [""current directory ticker and name compatible""], ""membership_source"": ""HistoricalTickerComponents"", ""provider_symbol"": ""KKR"", ""source_security_id"": ""8a800b31-3424-5ea2-90b4-f5a952b425d3"", ""symbol_changes"": []}",RESOLVED,stable identifiers and provider identity preserved by validated POC3 security master
KLAC,3254e44f-23dc-59fd-87a2-7071cadf05ae,1997-09-30,,KLA Corporation,BBG000BMTFR4,US4824801009,0000319201,KLAC,EODHD HistoricalTickerComponents / POC3 validated,HIGH,"{""dataset"": ""EODHD POC3 validated security master"", ""exception"": null, ""identifiers"": {""CIK"": ""0000319201"", ""CUSIP"": ""482480100"", ""ISIN"": ""US4824801009"", ""LEI"": ""549300H0BF5JCG96TJ81"", ""OpenFigi"": ""BBG000BMTFR4""}, ""identity_correction"": null, ""identity_evidence"": [""current directory ticker and name compatible""], ""membership_source"": ""HistoricalTickerComponents"", ""provider_symbol"": ""KLAC"", ""source_security_id"": ""3254e44f-23dc-59fd-87a2-7071cadf05ae"", ""symbol_changes"": []}",RESOLVED,stable identifiers and provider identity preserved by validated POC3 security master
KLG,1a61e32c-58f5-5a29-9524-b0a940aa19e8,2023-10-02,2023-10-03,WK Kellogg Co,BBG018CYVVW5,US92942W1071,0001959348,KLG,EODHD HistoricalTickerComponents / POC3 validated,HIGH,"{""dataset"": ""EODHD POC3 validated security master"", ""exception"": null, ""identifiers"": {""CIK"": ""0001959348"", ""ISIN"": ""US92942W1071"", ""OpenFigi"": ""BBG018CYVVW5""}, ""identity_correction"": null, ""identity_evidence"": [""delisted directory ticker and name compatible""], ""membership_source"": ""HistoricalTickerComponents"", ""provider_symbol"": ""KLG"", ""source_security_id"": ""1a61e32c-58f5-5a29-9524-b0a940aa19e8"", ""symbol_changes"": []}",RESOLVED,stable identifiers and provider identity preserved by validated POC3 security master
KMB,c047717c-cf5b-5b32-8cb1-d89349d17d09,1957-03-04,,Kimberly-Clark Corporation,BBG000BMW2Z0,US4943681035,0000055785,KMB,EODHD HistoricalTickerComponents / POC3 validated,HIGH,"{""dataset"": ""EODHD POC3 validated security master"", ""exception"": null, ""identifiers"": {""CIK"": ""0000055785"", ""CUSIP"": ""494368129"", ""ISIN"": ""US4943681035"", ""LEI"": ""MP3J6QPYPGN75NVW2S34"", ""OpenFigi"": ""BBG000BMW2Z0""}, ""identity_correction"": null, ""identity_evidence"": [""current directory ticker and name compatible""], ""membership_source"": ""HistoricalTickerComponents"", ""provider_symbol"": ""KMB"", ""source_security_id"": ""c047717c-cf5b-5b32-8cb1-d89349d17d09"", ""symbol_changes"": []}",RESOLVED,stable identifiers and provider identity preserved by validated POC3 security master
KMI,ac600395-ea92-570e-b213-ba4cd24afb08,2012-05-25,,Kinder Morgan Inc,BBG0019JZ882,US49456B1017,0001506307,KMI,EODHD HistoricalTickerComponents / POC3 validated,HIGH,"{""dataset"": ""EODHD POC3 validated security master"", ""exception"": null, ""identifiers"": {""CIK"": ""0001506307"", ""CUSIP"": ""49455P101"", ""ISIN"": ""US49456B1017"", ""LEI"": ""549300WR7IX8XE0TBO16"", ""OpenFigi"": ""BBG0019JZ882""}, ""identity_correction"": null, ""identity_evidence"": [""current directory ticker and name compatible""], ""membership_source"": ""HistoricalTickerComponents"", ""provider_symbol"": ""KMI"", ""source_security_id"": ""ac600395-ea92-570e-b213-ba4cd24afb08"", ""symbol_changes"": []}",RESOLVED,stable identifiers and provider identity preserved by validated POC3 security master
KMX,371485af-9997-5b26-890e-a1944c031a9d,2010-06-28,2025-10-31,CarMax Inc,BBG000BLMZK6,US1431301027,0001170010,KMX,EODHD HistoricalTickerComponents / POC3 validated,HIGH,"{""dataset"": ""EODHD POC3 validated security master"", ""exception"": null, ""identifiers"": {""CIK"": ""0001170010"", ""CUSIP"": ""172737306"", ""ISIN"": ""US1431301027"", ""LEI"": ""529900F60CID3NCZM330"", ""OpenFigi"": ""BBG000BLMZK6""}, ""identity_correction"": null, ""identity_evidence"": [""no exact safe current/delisted instrument mapping"", ""exact ticker used as candidate pending fundamentals validation""], ""membership_source"": ""HistoricalTickerComponents"", ""provider_symbol"": ""KMX"", ""source_security_id"": ""371485af-9997-5b26-890e-a1944c031a9d"", ""symbol_changes"": []}",RESOLVED,stable identifiers and provider identity preserved by validated POC3 security master
KO,75bee71b-b895-5840-89d2-bf745df302c1,1957-03-04,,The Coca-Cola Company,BBG000BMX289,US1912161007,0000021344,KO,EODHD HistoricalTickerComponents / POC3 validated,HIGH,"{""dataset"": ""EODHD POC3 validated security master"", ""exception"": null, ""identifiers"": {""CIK"": ""0000021344"", ""CUSIP"": ""191216100"", ""ISIN"": ""US1912161007"", ""LEI"": ""UWJKFUJFZ02DKWI3RY53"", ""OpenFigi"": ""BBG000BMX289""}, ""identity_correction"": null, ""identity_evidence"": [""current directory ticker and name compatible""], ""membership_source"": ""HistoricalTickerComponents"", ""provider_symbol"": ""KO"", ""source_security_id"": ""75bee71b-b895-5840-89d2-bf745df302c1"", ""symbol_changes"": []}",RESOLVED,stable identifiers and provider identity preserved by validated POC3 security master
KR,7063fefe-947c-558e-87da-0241ce0d1c6b,1957-03-04,,Kroger Company,BBG000BMY992,US5010441013,0000056873,KR,EODHD HistoricalTickerComponents / POC3 validated,HIGH,"{""dataset"": ""EODHD POC3 validated security master"", ""exception"": null, ""identifiers"": {""CIK"": ""0000056873"", ""CUSIP"": ""501044101"", ""ISIN"": ""US5010441013"", ""LEI"": ""6CPEOKI6OYJ13Q6O7870"", ""OpenFigi"": ""BBG000BMY992""}, ""identity_correction"": null, ""identity_evidence"": [""current directory ticker and name compatible""], ""membership_source"": ""HistoricalTickerComponents"", ""provider_symbol"": ""KR"", ""source_security_id"": ""7063fefe-947c-558e-87da-0241ce0d1c6b"", ""symbol_changes"": []}",RESOLVED,stable identifiers and provider identity preserved by validated POC3 security master
KSU,0f6e9d8d-a5d0-55c0-b9de-49a4a4a44758,2013-05-24,2021-12-14,Kansas City Southern,,US4851703029,0000054480,KSU,EODHD HistoricalTickerComponents / POC3 validated,HIGH,"{""dataset"": ""EODHD POC3 validated security master"", ""exception"": null, ""identifiers"": {""CIK"": ""0000054480"", ""CUSIP"": ""485170104"", ""ISIN"": ""US4851703029"", ""LEI"": ""5493008C12PZMWP3WY03""}, ""identity_correction"": null, ""identity_evidence"": [""delisted directory ticker and name compatible""], ""membership_source"": ""HistoricalTickerComponents"", ""provider_symbol"": ""KSU"", ""source_security_id"": ""0f6e9d8d-a5d0-55c0-b9de-49a4a4a44758"", ""symbol_changes"": []}",RESOLVED,stable identifiers and provider identity preserved by validated POC3 security master
KVUE,ed6d74c2-49d2-5728-9219-958a217db792,2023-08-25,,Kenvue Inc.,BBG01C79X561,US49177J1025,0001944048,KVUE,EODHD HistoricalTickerComponents / POC3 validated,HIGH,"{""dataset"": ""EODHD POC3 validated security master"", ""exception"": null, ""identifiers"": {""CIK"": ""0001944048"", ""CUSIP"": ""49177J102"", ""ISIN"": ""US49177J1025"", ""OpenFigi"": ""BBG01C79X561""}, ""identity_correction"": null, ""identity_evidence"": [""current directory ticker and name compatible""], ""membership_source"": ""HistoricalTickerComponents"", ""provider_symbol"": ""KVUE"", ""source_security_id"": ""ed6d74c2-49d2-5728-9219-958a217db792"", ""symbol_changes"": []}",RESOLVED,stable identifiers and provider identity preserved by validated POC3 security master
L,2153252b-f397-53b1-b22a-36698bd785aa,1995-05-31,,Loews Corp,BBG000C45984,US5404241086,0000060086,L,EODHD HistoricalTickerComponents / POC3 validated,HIGH,"{""dataset"": ""EODHD POC3 validated security master"", ""exception"": null, ""identifiers"": {""CIK"": ""0000060086"", ""CUSIP"": ""540424207"", ""ISIN"": ""US5404241086"", ""LEI"": ""R8V1FN4M5ITGZOG7BS19"", ""OpenFigi"": ""BBG000C45984""}, ""identity_correction"": null, ""identity_evidence"": [""current directory ticker and name compatible""], ""membership_source"": ""HistoricalTickerComponents"", ""provider_symbol"": ""L"", ""source_security_id"": ""2153252b-f397-53b1-b22a-36698bd785aa"", ""symbol_changes"": []}",RESOLVED,stable identifiers and provider identity preserved by validated POC3 security master
LDOS,f3e6d89c-ba18-577a-9ced-4deed2f06d74,2019-08-09,,Leidos Holdings Inc,BBG000C23PB0,US5253271028,0001336920,LDOS,EODHD HistoricalTickerComponents / POC3 validated,HIGH,"{""dataset"": ""EODHD POC3 validated security master"", ""exception"": null, ""identifiers"": {""CIK"": ""0001336920"", ""CUSIP"": ""78390X101"", ""ISIN"": ""US5253271028"", ""LEI"": ""549300IUTGTP6EJP8124"", ""OpenFigi"": ""BBG000C23PB0""}, ""identity_correction"": null, ""identity_evidence"": [""current directory ticker and name compatible""], ""membership_source"": ""HistoricalTickerComponents"", ""provider_symbol"": ""LDOS"", ""source_security_id"": ""f3e6d89c-ba18-577a-9ced-4deed2f06d74"", ""symbol_changes"": []}",RESOLVED,stable identifiers and provider identity preserved by validated POC3 security master
LEG,5b8e9b16-c0e7-533c-a027-43bd6779bbe1,2012-04-01,2021-12-20,Leggett & Platt Incorporated,BBG000BN53G7,US5246601075,0000058492,LEG,EODHD HistoricalTickerComponents / POC3 validated,HIGH,"{""dataset"": ""EODHD POC3 validated security master"", ""exception"": null, ""identifiers"": {""CIK"": ""0000058492"", ""CUSIP"": ""524660107"", ""ISIN"": ""US5246601075"", ""LEI"": ""DKOVQUCDW4ZLYCUD4T55"", ""OpenFigi"": ""BBG000BN53G7""}, ""identity_correction"": null, ""identity_evidence"": [""no exact safe current/delisted instrument mapping"", ""exact ticker used as candidate pending fundamentals validation""], ""membership_source"": ""HistoricalTickerComponents"", ""provider_symbol"": ""LEG"", ""source_security_id"": ""5b8e9b16-c0e7-533c-a027-43bd6779bbe1"", ""symbol_changes"": []}",RESOLVED,stable identifiers and provider identity preserved by validated POC3 security master
LEN,9b38473e-a94a-5ecb-9d30-faf996e268d6,2005-10-04,,Lennar Corporation,BBG000BN5HF7,US5260571048,0000920760,LEN,EODHD HistoricalTickerComponents / POC3 validated,HIGH,"{""dataset"": ""EODHD POC3 validated security master"", ""exception"": null, ""identifiers"": {""CIK"": ""0000920760"", ""CUSIP"": ""694351107"", ""ISIN"": ""US5260571048"", ""LEI"": ""529900G61XVRLX5TJX09"", ""OpenFigi"": ""BBG000BN5HF7""}, ""identity_correction"": null, ""identity_evidence"": [""current directory ticker and name compatible""], ""membership_source"": ""HistoricalTickerComponents"", ""provider_symbol"": ""LEN"", ""source_security_id"": ""9b38473e-a94a-5ecb-9d30-faf996e268d6"", ""symbol_changes"": []}",RESOLVED,stable identifiers and provider identity preserved by validated POC3 security master
LH,c3a243f6-d19f-54f7-81f8-d263f5c45336,2004-11-01,,Laboratory Corporation of America Holdings,BBG000D9DMK0,US5049221055,0000920148,LH,EODHD HistoricalTickerComponents / POC3 validated,HIGH,"{""dataset"": ""EODHD POC3 validated security master"", ""exception"": null, ""identifiers"": {""CIK"": ""0000920148"", ""CUSIP"": ""50540R102"", ""ISIN"": ""US5049221055"", ""OpenFigi"": ""BBG000D9DMK0""}, ""identity_correction"": null, ""identity_evidence"": [""current directory ticker and name compatible""], ""membership_source"": ""HistoricalTickerComponents"", ""provider_symbol"": ""LH"", ""source_security_id"": ""c3a243f6-d19f-54f7-81f8-d263f5c45336"", ""symbol_changes"": []}",RESOLVED,stable identifiers and provider identity preserved by validated POC3 security master
LHX,48f30d51-9b1e-5be9-b355-2c373e9e2b8c,2008-09-22,,L3Harris Technologies Inc,BBG000BLGFJ9,US5024311095,0000202058,LHX,EODHD HistoricalTickerComponents / POC3 validated,HIGH,"{""dataset"": ""EODHD POC3 validated security master"", ""exception"": null, ""identifiers"": {""CIK"": ""0000202058"", ""CUSIP"": ""502431109"", ""ISIN"": ""US5024311095"", ""LEI"": ""549300UTE50ZMDBG8A20"", ""OpenFigi"": ""BBG000BLGFJ9""}, ""identity_correction"": null, ""identity_evidence"": [""current directory ticker and name compatible""], ""membership_source"": ""HistoricalTickerComponents"", ""provider_symbol"": ""LHX"", ""source_security_id"": ""48f30d51-9b1e-5be9-b355-2c373e9e2b8c"", ""symbol_changes"": []}",RESOLVED,stable identifiers and provider identity preserved by validated POC3 security master
LII,9337cbdd-6f22-547b-9e6f-ab54e0b76e83,2024-12-23,,Lennox International Inc,BBG000BB5B84,US5261071071,0001069202,LII,EODHD HistoricalTickerComponents / POC3 validated,HIGH,"{""dataset"": ""EODHD POC3 validated security master"", ""exception"": null, ""identifiers"": {""CIK"": ""0001069202"", ""CUSIP"": ""526107107"", ""ISIN"": ""US5261071071"", ""LEI"": ""S7DWAC87RDMPBF77GJ92"", ""OpenFigi"": ""BBG000BB5B84""}, ""identity_correction"": null, ""identity_evidence"": [""current directory ticker and name compatible""], ""membership_source"": ""HistoricalTickerComponents"", ""provider_symbol"": ""LII"", ""source_security_id"": ""9337cbdd-6f22-547b-9e6f-ab54e0b76e83"", ""symbol_changes"": []}",RESOLVED,stable identifiers and provider identity preserved by validated POC3 security master
LIN,97cf1cd0-4312-5088-b7f5-70e3d466255f,1992-07-01,,Linde plc Ordinary Shares,BBG01FND0CC1,IE000S9YS762,0001707925,LIN,EODHD HistoricalTickerComponents / POC3 validated,HIGH,"{""dataset"": ""EODHD POC3 validated security master"", ""exception"": null, ""identifiers"": {""CIK"": ""0001707925"", ""CUSIP"": ""G5494J103"", ""ISIN"": ""IE000S9YS762"", ""LEI"": ""5299003QR1WT0EF88V51"", ""OpenFigi"": ""BBG01FND0CC1""}, ""identity_correction"": null, ""identity_evidence"": [""current directory ticker and name compatible""], ""membership_source"": ""HistoricalTickerComponents"", ""provider_symbol"": ""LIN"", ""source_security_id"": ""97cf1cd0-4312-5088-b7f5-70e3d466255f"", ""symbol_changes"": []}",RESOLVED,stable identifiers and provider identity preserved by validated POC3 security master
LITE,ee12aaca-1fd0-53f5-8b62-07184dc27ccb,2026-03-23,,Lumentum Holdings Inc,BBG0073F9RT7,US55024U1097,0001633978,LITE,EODHD HistoricalTickerComponents / POC3 validated,HIGH,"{""dataset"": ""EODHD POC3 validated security master"", ""exception"": null, ""identifiers"": {""CIK"": ""0001633978"", ""CUSIP"": ""55024U109"", ""ISIN"": ""US55024U1097"", ""LEI"": ""549300JLWRRC38DWEF52"", ""OpenFigi"": ""BBG0073F9RT7""}, ""identity_correction"": null, ""identity_evidence"": [""current directory ticker and name compatible""], ""membership_source"": ""HistoricalTickerComponents"", ""provider_symbol"": ""LITE"", ""source_security_id"": ""ee12aaca-1fd0-53f5-8b62-07184dc27ccb"", ""symbol_changes"": []}",RESOLVED,stable identifiers and provider identity preserved by validated POC3 security master
LKQ,c10e3fe5-411d-513e-afc5-782288753b26,2016-05-23,2025-12-22,LKQ Corporation,BBG000PXDL44,US5018892084,0001065696,LKQ,EODHD HistoricalTickerComponents / POC3 validated,HIGH,"{""dataset"": ""EODHD POC3 validated security master"", ""exception"": null, ""identifiers"": {""CIK"": ""0001065696"", ""CUSIP"": ""501889208"", ""ISIN"": ""US5018892084"", ""LEI"": ""DS830JTTZQN6GK0I2E41"", ""OpenFigi"": ""BBG000PXDL44""}, ""identity_correction"": null, ""identity_evidence"": [""no exact safe current/delisted instrument mapping"", ""exact ticker used as candidate pending fundamentals validation""], ""membership_source"": ""HistoricalTickerComponents"", ""provider_symbol"": ""LKQ"", ""source_security_id"": ""c10e3fe5-411d-513e-afc5-782288753b26"", ""symbol_changes"": []}",RESOLVED,stable identifiers and provider identity preserved by validated POC3 security master
LLY,9e502c28-cccf-534a-9c9b-40bf30115af1,1970-12-31,,Eli Lilly and Company,BBG000BNBDC2,US5324571083,0000059478,LLY,EODHD HistoricalTickerComponents / POC3 validated,HIGH,"{""dataset"": ""EODHD POC3 validated security master"", ""exception"": null, ""identifiers"": {""CIK"": ""0000059478"", ""CUSIP"": ""532457108"", ""ISIN"": ""US5324571083"", ""LEI"": ""FRDRIPF3EKNDJ2CQJL29"", ""OpenFigi"": ""BBG000BNBDC2""}, ""identity_correction"": null, ""identity_evidence"": [""current directory ticker and name compatible""], ""membership_source"": ""HistoricalTickerComponents"", ""provider_symbol"": ""LLY"", ""source_security_id"": ""9e502c28-cccf-534a-9c9b-40bf30115af1"", ""symbol_changes"": []}",RESOLVED,stable identifiers and provider identity preserved by validated POC3 security master
LMT,ce37ebde-19b0-5c30-b109-7006e4e83de5,1957-03-04,,Lockheed Martin Corporation,BBG000C1BW00,US5398301094,0000936468,LMT,EODHD HistoricalTickerComponents / POC3 validated,HIGH,"{""dataset"": ""EODHD POC3 validated security master"", ""exception"": null, ""identifiers"": {""CIK"": ""0000936468"", ""CUSIP"": ""539830109"", ""ISIN"": ""US5398301094"", ""LEI"": ""DPRBOZP0K5RM2YE8UU08"", ""OpenFigi"": ""BBG000C1BW00""}, ""identity_correction"": null, ""identity_evidence"": [""current directory ticker and name compatible""], ""membership_source"": ""HistoricalTickerComponents"", ""provider_symbol"": ""LMT"", ""source_security_id"": ""ce37ebde-19b0-5c30-b109-7006e4e83de5"", ""symbol_changes"": []}",RESOLVED,stable identifiers and provider identity preserved by validated POC3 security master
LNC,f6f1eb87-2d9b-5138-a915-13fa8132388b,2012-04-01,2023-09-18,Lincoln National Corporation,BBG000BNC3Y9,US5341871094,0000059558,LNC,EODHD HistoricalTickerComponents / POC3 validated,HIGH,"{""dataset"": ""EODHD POC3 validated security master"", ""exception"": null, ""identifiers"": {""CIK"": ""0000059558"", ""CUSIP"": ""534187109"", ""ISIN"": ""US5341871094"", ""LEI"": ""EFQMQROEDSNBRIP7LE47"", ""OpenFigi"": ""BBG000BNC3Y9""}, ""identity_correction"": null, ""identity_evidence"": [""no exact safe current/delisted instrument mapping"", ""exact ticker used as candidate pending fundamentals validation""], ""membership_source"": ""HistoricalTickerComponents"", ""provider_symbol"": ""LNC"", ""source_security_id"": ""f6f1eb87-2d9b-5138-a915-13fa8132388b"", ""symbol_changes"": []}",RESOLVED,stable identifiers and provider identity preserved by validated POC3 security master
LNT,592aee54-e12b-5bf1-a504-a3b2bd3aaf50,2016-07-01,,Alliant Energy Corp,BBG000DW4Q75,US0188021085,0000352541,LNT,EODHD HistoricalTickerComponents / POC3 validated,HIGH,"{""dataset"": ""EODHD POC3 validated security master"", ""exception"": null, ""identifiers"": {""CIK"": ""0000352541"", ""CUSIP"": ""929305100"", ""ISIN"": ""US0188021085"", ""LEI"": ""5493009ML300G373MZ12"", ""OpenFigi"": ""BBG000DW4Q75""}, ""identity_correction"": null, ""identity_evidence"": [""current directory ticker and name compatible""], ""membership_source"": ""HistoricalTickerComponents"", ""provider_symbol"": ""LNT"", ""source_security_id"": ""592aee54-e12b-5bf1-a504-a3b2bd3aaf50"", ""symbol_changes"": []}",RESOLVED,stable identifiers and provider identity preserved by validated POC3 security master
LOW,0df913fd-c442-5ca6-9efc-9afbf3a0f1fd,1984-02-29,,Lowe's Companies Inc,BBG000BNDN65,US5486611073,0000060667,LOW,EODHD HistoricalTickerComponents / POC3 validated,HIGH,"{""dataset"": ""EODHD POC3 validated security master"", ""exception"": null, ""identifiers"": {""CIK"": ""0000060667"", ""CUSIP"": ""548661107"", ""ISIN"": ""US5486611073"", ""LEI"": ""WAFCR4OKGSC504WU3E95"", ""OpenFigi"": ""BBG000BNDN65""}, ""identity_correction"": null, ""identity_evidence"": [""current directory ticker and name compatible""], ""membership_source"": ""HistoricalTickerComponents"", ""provider_symbol"": ""LOW"", ""source_security_id"": ""0df913fd-c442-5ca6-9efc-9afbf3a0f1fd"", ""symbol_changes"": []}",RESOLVED,stable identifiers and provider identity preserved by validated POC3 security master
LRCX,49462fd4-db0f-5e4a-b493-bf56321b9607,2012-06-05,,Lam Research Corp,BBG000BNFLM9,US5128073062,0000707549,LRCX,EODHD HistoricalTickerComponents / POC3 validated,HIGH,"{""dataset"": ""EODHD POC3 validated security master"", ""exception"": null, ""identifiers"": {""CIK"": ""0000707549"", ""CUSIP"": ""512807108"", ""ISIN"": ""US5128073062"", ""OpenFigi"": ""BBG000BNFLM9""}, ""identity_correction"": null, ""identity_evidence"": [""current directory ticker and name compatible""], ""membership_source"": ""HistoricalTickerComponents"", ""provider_symbol"": ""LRCX"", ""source_security_id"": ""49462fd4-db0f-5e4a-b493-bf56321b9607"", ""symbol_changes"": []}",RESOLVED,stable identifiers and provider identity preserved by validated POC3 security master
LULU,c5386740-4688-5e26-a152-4923dc48a3c7,2023-10-18,,Lululemon Athletica Inc.,BBG000R8ZVD1,US5500211090,0001397187,LULU,EODHD HistoricalTickerComponents / POC3 validated,HIGH,"{""dataset"": ""EODHD POC3 validated security master"", ""exception"": null, ""identifiers"": {""CIK"": ""0001397187"", ""CUSIP"": ""550021109"", ""ISIN"": ""US5500211090"", ""LEI"": ""549300D9GZ4BMLDW5T40"", ""OpenFigi"": ""BBG000R8ZVD1""}, ""identity_correction"": null, ""identity_evidence"": [""current directory ticker and name compatible""], ""membership_source"": ""HistoricalTickerComponents"", ""provider_symbol"": ""LULU"", ""source_security_id"": ""c5386740-4688-5e26-a152-4923dc48a3c7"", ""symbol_changes"": []}",RESOLVED,stable identifiers and provider identity preserved by validated POC3 security master
LUMN,55dd94ce-5bee-54e4-ad0a-6a714ec7501a,2012-04-01,2023-03-20,Lumen Technologies Inc,BBG000BGLRN3,US5502411037,0000018926,LUMN,EODHD HistoricalTickerComponents / POC3 validated,HIGH,"{""dataset"": ""EODHD POC3 validated security master"", ""exception"": null, ""identifiers"": {""CIK"": ""0000018926"", ""CUSIP"": ""156700106"", ""ISIN"": ""US5502411037"", ""LEI"": ""8M3THTGWLTYZVE6BBY25"", ""OpenFigi"": ""BBG000BGLRN3""}, ""identity_correction"": null, ""identity_evidence"": [""no exact safe current/delisted instrument mapping"", ""exact ticker used as candidate pending fundamentals validation""], ""membership_source"": ""HistoricalTickerComponents"", ""provider_symbol"": ""LUMN"", ""source_security_id"": ""55dd94ce-5bee-54e4-ad0a-6a714ec7501a"", ""symbol_changes"": []}",RESOLVED,stable identifiers and provider identity preserved by validated POC3 security master
LUV,13256678-7f77-52fc-bd03-0bc03e53b96a,1994-07-01,,Southwest Airlines Company,BBG000BNJHS8,US8447411088,0000092380,LUV,EODHD HistoricalTickerComponents / POC3 validated,HIGH,"{""dataset"": ""EODHD POC3 validated security master"", ""exception"": null, ""identifiers"": {""CIK"": ""0000092380"", ""CUSIP"": ""844741108"", ""ISIN"": ""US8447411088"", ""LEI"": ""UDTZ87G0STFETI6HGH41"", ""OpenFigi"": ""BBG000BNJHS8""}, ""identity_correction"": null, ""identity_evidence"": [""current directory ticker and name compatible""], ""membership_source"": ""HistoricalTickerComponents"", ""provider_symbol"": ""LUV"", ""source_security_id"": ""13256678-7f77-52fc-bd03-0bc03e53b96a"", ""symbol_changes"": []}",RESOLVED,stable identifiers and provider identity preserved by validated POC3 security master
LVS,7b1b076d-3754-5d3c-b6fe-8883c970dc37,2019-10-03,,Las Vegas Sands Corp,BBG000JWD753,US5178341070,0001300514,LVS,EODHD HistoricalTickerComponents / POC3 validated,HIGH,"{""dataset"": ""EODHD POC3 validated security master"", ""exception"": null, ""identifiers"": {""CIK"": ""0001300514"", ""CUSIP"": ""517834107"", ""ISIN"": ""US5178341070"", ""LEI"": ""549300DUOO1KXOHPM605"", ""OpenFigi"": ""BBG000JWD753""}, ""identity_correction"": null, ""identity_evidence"": [""current directory ticker and name compatible""], ""membership_source"": ""HistoricalTickerComponents"", ""provider_symbol"": ""LVS"", ""source_security_id"": ""7b1b076d-3754-5d3c-b6fe-8883c970dc37"", ""symbol_changes"": []}",RESOLVED,stable identifiers and provider identity preserved by validated POC3 security master
LW,5751bcdb-e020-5019-b8f4-af57b6093e67,2018-12-03,2026-03-23,Lamb Weston Holdings Inc,BBG003CVMLQ2,US5132721045,0001679273,LW,EODHD HistoricalTickerComponents / POC3 validated,HIGH,"{""dataset"": ""EODHD POC3 validated security master"", ""exception"": null, ""identifiers"": {""CIK"": ""0001679273"", ""CUSIP"": ""513272104"", ""ISIN"": ""US5132721045"", ""LEI"": ""5493005SMYID1D2OY946"", ""OpenFigi"": ""BBG003CVMLQ2""}, ""identity_correction"": null, ""identity_evidence"": [""no exact safe current/delisted instrument mapping"", ""exact ticker used as candidate pending fundamentals validation""], ""membership_source"": ""HistoricalTickerComponents"", ""provider_symbol"": ""LW"", ""source_security_id"": ""5751bcdb-e020-5019-b8f4-af57b6093e67"", ""symbol_changes"": []}",RESOLVED,stable identifiers and provider identity preserved by validated POC3 security master
LYB,785e6ef6-1f8c-5617-84dc-9a11aac87113,2012-09-05,,LyondellBasell Industries NV,BBG000WCFV84,USN537451007,0001489393,LYB,EODHD HistoricalTickerComponents / POC3 validated,HIGH,"{""dataset"": ""EODHD POC3 validated security master"", ""exception"": null, ""identifiers"": {""CIK"": ""0001489393"", ""CUSIP"": ""N53745118"", ""ISIN"": ""USN537451007"", ""OpenFigi"": ""BBG000WCFV84""}, ""identity_correction"": null, ""identity_evidence"": [""current directory ticker and name compatible""], ""membership_source"": ""HistoricalTickerComponents"", ""provider_symbol"": ""LYB"", ""source_security_id"": ""785e6ef6-1f8c-5617-84dc-9a11aac87113"", ""symbol_changes"": []}",RESOLVED,stable identifiers and provider identity preserved by validated POC3 security master
LYV,7261877e-f203-5242-9e89-f9302d01934d,2019-12-23,,Live Nation Entertainment Inc,BBG000FQ7YR4,US5380341090,0001335258,LYV,EODHD HistoricalTickerComponents / POC3 validated,HIGH,"{""dataset"": ""EODHD POC3 validated security master"", ""exception"": null, ""identifiers"": {""CIK"": ""0001335258"", ""CUSIP"": ""14985W109"", ""ISIN"": ""US5380341090"", ""LEI"": ""5493007B9BM9ZXJINO78"", ""OpenFigi"": ""BBG000FQ7YR4""}, ""identity_correction"": null, ""identity_evidence"": [""current directory ticker and name compatible""], ""membership_source"": ""HistoricalTickerComponents"", ""provider_symbol"": ""LYV"", ""source_security_id"": ""7261877e-f203-5242-9e89-f9302d01934d"", ""symbol_changes"": []}",RESOLVED,stable identifiers and provider identity preserved by validated POC3 security master
MA,b7205ba1-5bd6-5fa9-b3e4-4d22af832e4f,2008-07-18,,Mastercard Inc,BBG000F1ZSQ2,US57636Q1040,0001141391,MA,EODHD HistoricalTickerComponents / POC3 validated,HIGH,"{""dataset"": ""EODHD POC3 validated security master"", ""exception"": null, ""identifiers"": {""CIK"": ""0001141391"", ""CUSIP"": ""57636Q104"", ""ISIN"": ""US57636Q1040"", ""LEI"": ""AR5L2ODV9HN37376R084"", ""OpenFigi"": ""BBG000F1ZSQ2""}, ""identity_correction"": null, ""identity_evidence"": [""current directory ticker and name compatible""], ""membership_source"": ""HistoricalTickerComponents"", ""provider_symbol"": ""MA"", ""source_security_id"": ""b7205ba1-5bd6-5fa9-b3e4-4d22af832e4f"", ""symbol_changes"": []}",RESOLVED,stable identifiers and provider identity preserved by validated POC3 security master
MAA,a2a5a4a2-33e5-5870-b292-e5f8def598e0,2016-12-02,,Mid-America Apartment Communities Inc,BBG000BLMY92,US59522J1034,0000912595,MAA,EODHD HistoricalTickerComponents / POC3 validated,HIGH,"{""dataset"": ""EODHD POC3 validated security master"", ""exception"": null, ""identifiers"": {""CIK"": ""0000912595"", ""CUSIP"": ""59522J103"", ""ISIN"": ""US59522J1034"", ""LEI"": ""549300FQZKFR5YNSHZ21"", ""OpenFigi"": ""BBG000BLMY92""}, ""identity_correction"": null, ""identity_evidence"": [""current directory ticker and name compatible""], ""membership_source"": ""HistoricalTickerComponents"", ""provider_symbol"": ""MAA"", ""source_security_id"": ""a2a5a4a2-33e5-5870-b292-e5f8def598e0"", ""symbol_changes"": []}",RESOLVED,stable identifiers and provider identity preserved by validated POC3 security master
MAR,fa3ef5c8-993f-5161-a8b5-d2e0b9220aff,1998-05-29,,Marriott International Inc,BBG000BGD7W6,US5719032022,0001048286,MAR,EODHD HistoricalTickerComponents / POC3 validated,HIGH,"{""dataset"": ""EODHD POC3 validated security master"", ""exception"": null, ""identifiers"": {""CIK"": ""0001048286"", ""CUSIP"": ""571900109"", ""ISIN"": ""US5719032022"", ""LEI"": ""225YDZ14ZO8E1TXUSU86"", ""OpenFigi"": ""BBG000BGD7W6""}, ""identity_correction"": null, ""identity_evidence"": [""current directory ticker and name compatible""], ""membership_source"": ""HistoricalTickerComponents"", ""provider_symbol"": ""MAR"", ""source_security_id"": ""fa3ef5c8-993f-5161-a8b5-d2e0b9220aff"", ""symbol_changes"": []}",RESOLVED,stable identifiers and provider identity preserved by validated POC3 security master
MAS,de421f78-541b-5b17-9088-db08543ba2a2,1981-06-30,,Masco Corporation,BBG000BNNKG9,US5745991068,0000062996,MAS,EODHD HistoricalTickerComponents / POC3 validated,HIGH,"{""dataset"": ""EODHD POC3 validated security master"", ""exception"": null, ""identifiers"": {""CIK"": ""0000062996"", ""CUSIP"": ""574599114"", ""ISIN"": ""US5745991068"", ""LEI"": ""5GCSNMQXHEYA1JO8QN11"", ""OpenFigi"": ""BBG000BNNKG9""}, ""identity_correction"": null, ""identity_evidence"": [""current directory ticker and name compatible""], ""membership_source"": ""HistoricalTickerComponents"", ""provider_symbol"": ""MAS"", ""source_security_id"": ""de421f78-541b-5b17-9088-db08543ba2a2"", ""symbol_changes"": []}",RESOLVED,stable identifiers and provider identity preserved by validated POC3 security master
MBC,093e70bb-93a2-516a-b602-13a9a32f06a3,2022-12-15,2022-12-19,MasterBrand Inc.,BBG01B9G42Y3,US57638P1049,0001941365,MBC,EODHD HistoricalTickerComponents / POC3 validated,HIGH,"{""dataset"": ""EODHD POC3 validated security master"", ""exception"": null, ""identifiers"": {""CIK"": ""0001941365"", ""ISIN"": ""US57638P1049"", ""OpenFigi"": ""BBG01B9G42Y3""}, ""identity_correction"": null, ""identity_evidence"": [""no exact safe current/delisted instrument mapping"", ""exact ticker used as candidate pending fundamentals validation""], ""membership_source"": ""HistoricalTickerComponents"", ""provider_symbol"": ""MBC"", ""source_security_id"": ""093e70bb-93a2-516a-b602-13a9a32f06a3"", ""symbol_changes"": []}",RESOLVED,stable identifiers and provider identity preserved by validated POC3 security master
MBGL,b71d5c16-e8bd-5280-b88a-8274e7694232,2026-07-01,2026-07-02,Mobility Global Inc.,BBG022G54330,US60744M1062,,MBGL,EODHD HistoricalTickerComponents / POC3 validated,HIGH,"{""dataset"": ""EODHD POC3 validated security master"", ""exception"": null, ""identifiers"": {""ISIN"": ""US60744M1062"", ""OpenFigi"": ""BBG022G54330""}, ""identity_correction"": null, ""identity_evidence"": [""no exact safe current/delisted instrument mapping"", ""exact ticker used as candidate pending fundamentals validation""], ""membership_source"": ""HistoricalTickerComponents"", ""provider_symbol"": ""MBGL"", ""source_security_id"": ""b71d5c16-e8bd-5280-b88a-8274e7694232"", ""symbol_changes"": []}",RESOLVED,stable identifiers and provider identity preserved by validated POC3 security master
MCD,5da4f41d-4bd3-5542-881c-d2770525ad27,1970-06-30,,McDonald’s Corporation,BBG000BNSZP1,US5801351017,0000063908,MCD,EODHD HistoricalTickerComponents / POC3 validated,HIGH,"{""dataset"": ""EODHD POC3 validated security master"", ""exception"": null, ""identifiers"": {""CIK"": ""0000063908"", ""CUSIP"": ""580135101"", ""ISIN"": ""US5801351017"", ""LEI"": ""UE2136O97NLB5BYP9H04"", ""OpenFigi"": ""BBG000BNSZP1""}, ""identity_correction"": null, ""identity_evidence"": [""current directory ticker and name compatible""], ""membership_source"": ""HistoricalTickerComponents"", ""provider_symbol"": ""MCD"", ""source_security_id"": ""5da4f41d-4bd3-5542-881c-d2770525ad27"", ""symbol_changes"": []}",RESOLVED,stable identifiers and provider identity preserved by validated POC3 security master
MCHP,d4761172-4495-5c71-b3a3-44f210bde6a2,2007-09-07,,Microchip Technology Inc,BBG000BHCP19,US5950171042,0000827054,MCHP,EODHD HistoricalTickerComponents / POC3 validated,HIGH,"{""dataset"": ""EODHD POC3 validated security master"", ""exception"": null, ""identifiers"": {""CIK"": ""0000827054"", ""CUSIP"": ""595017104"", ""ISIN"": ""US5950171042"", ""LEI"": ""5493007PTFULNYZJ1R12"", ""OpenFigi"": ""BBG000BHCP19""}, ""identity_correction"": null, ""identity_evidence"": [""current directory ticker and name compatible""], ""membership_source"": ""HistoricalTickerComponents"", ""provider_symbol"": ""MCHP"", ""source_security_id"": ""d4761172-4495-5c71-b3a3-44f210bde6a2"", ""symbol_changes"": []}",RESOLVED,stable identifiers and provider identity preserved by validated POC3 security master
MCK,d4219ddd-e9d1-5c1d-9971-87efa0168957,1999-01-13,,McKesson Corporation,BBG000DYGNW7,US58155Q1031,0000927653,MCK,EODHD HistoricalTickerComponents / POC3 validated,HIGH,"{""dataset"": ""EODHD POC3 validated security master"", ""exception"": null, ""identifiers"": {""CIK"": ""0000927653"", ""CUSIP"": ""581557105"", ""ISIN"": ""US58155Q1031"", ""LEI"": ""549300WZWOM80UCFSF54"", ""OpenFigi"": ""BBG000DYGNW7""}, ""identity_correction"": null, ""identity_evidence"": [""current directory ticker and name compatible""], ""membership_source"": ""HistoricalTickerComponents"", ""provider_symbol"": ""MCK"", ""source_security_id"": ""d4219ddd-e9d1-5c1d-9971-87efa0168957"", ""symbol_changes"": []}",RESOLVED,stable identifiers and provider identity preserved by validated POC3 security master
MCO,1d871db6-40ee-577f-ae2e-a9eda5edcdcd,1998-07-01,,Moodys Corporation,BBG000F86GP6,US6153691059,0001059556,MCO,EODHD HistoricalTickerComponents / POC3 validated,HIGH,"{""dataset"": ""EODHD POC3 validated security master"", ""exception"": null, ""identifiers"": {""CIK"": ""0001059556"", ""CUSIP"": ""615369105"", ""ISIN"": ""US6153691059"", ""LEI"": ""549300GCEDD8YCF5WU84"", ""OpenFigi"": ""BBG000F86GP6""}, ""identity_correction"": null, ""identity_evidence"": [""current directory ticker and name compatible""], ""membership_source"": ""HistoricalTickerComponents"", ""provider_symbol"": ""MCO"", ""source_security_id"": ""1d871db6-40ee-577f-ae2e-a9eda5edcdcd"", ""symbol_changes"": []}",RESOLVED,stable identifiers and provider identity preserved by validated POC3 security master
MDLZ,e897fbab-a271-5b6b-a75b-49f0960cd24f,2012-10-02,,Mondelez International Inc,BBG000D4LWF6,US6092071058,0001103982,MDLZ,EODHD HistoricalTickerComponents / POC3 validated,HIGH,"{""dataset"": ""EODHD POC3 validated security master"", ""exception"": null, ""identifiers"": {""CIK"": ""0001103982"", ""CUSIP"": ""609207105"", ""ISIN"": ""US6092071058"", ""LEI"": ""549300DV9GIB88LZ5P30"", ""OpenFigi"": ""BBG000D4LWF6""}, ""identity_correction"": null, ""identity_evidence"": [""current directory ticker and name compatible""], ""membership_source"": ""HistoricalTickerComponents"", ""provider_symbol"": ""MDLZ"", ""source_security_id"": ""e897fbab-a271-5b6b-a75b-49f0960cd24f"", ""symbol_changes"": []}",RESOLVED,stable identifiers and provider identity preserved by validated POC3 security master
MDT,b92809b6-e5ce-59d0-94de-23982f1a97aa,1986-10-31,,Medtronic PLC,BBG000BNWG87,IE00BTN1Y115,0001613103,MDT,EODHD HistoricalTickerComponents / POC3 validated,HIGH,"{""dataset"": ""EODHD POC3 validated security master"", ""exception"": null, ""identifiers"": {""CIK"": ""0001613103"", ""CUSIP"": ""585055106"", ""ISIN"": ""IE00BTN1Y115"", ""LEI"": ""549300GX3ZBSQWUXY261"", ""OpenFigi"": ""BBG000BNWG87""}, ""identity_correction"": null, ""identity_evidence"": [""current directory ticker and name compatible""], ""membership_source"": ""HistoricalTickerComponents"", ""provider_symbol"": ""MDT"", ""source_security_id"": ""b92809b6-e5ce-59d0-94de-23982f1a97aa"", ""symbol_changes"": []}",RESOLVED,stable identifiers and provider identity preserved by validated POC3 security master
MET,312d8a61-bbe0-5fc6-b732-a9c3fc98b5dc,2000-12-11,,MetLife Inc,BBG000BB6KF5,US59156R1086,0001099219,MET,EODHD HistoricalTickerComponents / POC3 validated,HIGH,"{""dataset"": ""EODHD POC3 validated security master"", ""exception"": null, ""identifiers"": {""CIK"": ""0001099219"", ""CUSIP"": ""59156R116"", ""ISIN"": ""US59156R1086"", ""LEI"": ""C4BXATY60WC6XEOZDX54"", ""OpenFigi"": ""BBG000BB6KF5""}, ""identity_correction"": null, ""identity_evidence"": [""current directory ticker and name compatible""], ""membership_source"": ""HistoricalTickerComponents"", ""provider_symbol"": ""MET"", ""source_security_id"": ""312d8a61-bbe0-5fc6-b732-a9c3fc98b5dc"", ""symbol_changes"": []}",RESOLVED,stable identifiers and provider identity preserved by validated POC3 security master
META,ad36f4ef-85f6-56df-9e58-713aa5d35eca,2013-12-23,,Meta Platforms Inc.,BBG000MM2P62,US30303M1027,0001326801,META,EODHD HistoricalTickerComponents / POC3 validated,HIGH,"{""dataset"": ""EODHD POC3 validated security master"", ""exception"": null, ""identifiers"": {""CIK"": ""0001326801"", ""CUSIP"": ""30303M102"", ""ISIN"": ""US30303M1027"", ""LEI"": ""BQ4BKCS1HXDV9HN80Z93"", ""OpenFigi"": ""BBG000MM2P62""}, ""identity_correction"": null, ""identity_evidence"": [""current directory ticker and name compatible""], ""membership_source"": ""HistoricalTickerComponents"", ""provider_symbol"": ""META"", ""source_security_id"": ""ad36f4ef-85f6-56df-9e58-713aa5d35eca"", ""symbol_changes"": [{""company_name"": ""Meta Platforms, Inc. Class A Common Stock"", ""effective"": ""2022-06-09"", ""exchange"": ""US"", ""new_symbol"": ""META"", ""old_symbol"": ""FB""}]}",RESOLVED,stable identifiers and provider identity preserved by validated POC3 security master
MGM,b2c7fd7a-9082-5508-8a14-4dfa0f33c5c1,2017-07-26,,MGM Resorts International,BBG000C2BXK4,US5529531015,0000789570,MGM,EODHD HistoricalTickerComponents / POC3 validated,HIGH,"{""dataset"": ""EODHD POC3 validated security master"", ""exception"": null, ""identifiers"": {""CIK"": ""0000789570"", ""CUSIP"": ""552953101"", ""ISIN"": ""US5529531015"", ""LEI"": ""54930066VBP7DZEGGJ87"", ""OpenFigi"": ""BBG000C2BXK4""}, ""identity_correction"": null, ""identity_evidence"": [""current directory ticker and name compatible""], ""membership_source"": ""HistoricalTickerComponents"", ""provider_symbol"": ""MGM"", ""source_security_id"": ""b2c7fd7a-9082-5508-8a14-4dfa0f33c5c1"", ""symbol_changes"": []}",RESOLVED,stable identifiers and provider identity preserved by validated POC3 security master
MHK,1698ecfc-1019-51f4-8966-b664b641484c,2013-12-23,2025-12-22,Mohawk Industries Inc,BBG000FLZN98,US6081901042,0000851968,MHK,EODHD HistoricalTickerComponents / POC3 validated,HIGH,"{""dataset"": ""EODHD POC3 validated security master"", ""exception"": null, ""identifiers"": {""CIK"": ""0000851968"", ""CUSIP"": ""608190104"", ""ISIN"": ""US6081901042"", ""LEI"": ""549300JI1115MG3Q6322"", ""OpenFigi"": ""BBG000FLZN98""}, ""identity_correction"": null, ""identity_evidence"": [""no exact safe current/delisted instrument mapping"", ""exact ticker used as candidate pending fundamentals validation""], ""membership_source"": ""HistoricalTickerComponents"", ""provider_symbol"": ""MHK"", ""source_security_id"": ""1698ecfc-1019-51f4-8966-b664b641484c"", ""symbol_changes"": []}",RESOLVED,stable identifiers and provider identity preserved by validated POC3 security master
MKC,52edd0a3-3025-5cbb-bd8c-97e04d49fd96,2003-03-20,,McCormick & Company Incorporated,BBG000G6Y5W4,US5797802064,0000063754,MKC,EODHD HistoricalTickerComponents / POC3 validated,HIGH,"{""dataset"": ""EODHD POC3 validated security master"", ""exception"": null, ""identifiers"": {""CIK"": ""0000063754"", ""CUSIP"": ""579780206"", ""ISIN"": ""US5797802064"", ""LEI"": ""549300JQQA6MQ4OJP259"", ""OpenFigi"": ""BBG000G6Y5W4""}, ""identity_correction"": null, ""identity_evidence"": [""current directory ticker and name compatible""], ""membership_source"": ""HistoricalTickerComponents"", ""provider_symbol"": ""MKC"", ""source_security_id"": ""52edd0a3-3025-5cbb-bd8c-97e04d49fd96"", ""symbol_changes"": []}",RESOLVED,stable identifiers and provider identity preserved by validated POC3 security master
MKTX,1176a053-c3c6-52fd-8d3a-4f27b4312225,2019-07-01,2025-09-22,MarketAxess Holdings Inc,BBG000BJBZ23,US57060D1081,0001278021,MKTX,EODHD HistoricalTickerComponents / POC3 validated,HIGH,"{""dataset"": ""EODHD POC3 validated security master"", ""exception"": null, ""identifiers"": {""CIK"": ""0001278021"", ""CUSIP"": ""57060D108"", ""ISIN"": ""US57060D1081"", ""LEI"": ""5493002U1CA1XJOVID83"", ""OpenFigi"": ""BBG000BJBZ23""}, ""identity_correction"": null, ""identity_evidence"": [""no exact safe current/delisted instrument mapping"", ""exact ticker used as candidate pending fundamentals validation""], ""membership_source"": ""HistoricalTickerComponents"", ""provider_symbol"": ""MKTX"", ""source_security_id"": ""1176a053-c3c6-52fd-8d3a-4f27b4312225"", ""symbol_changes"": []}",RESOLVED,stable identifiers and provider identity preserved by validated POC3 security master
MLM,c1baf84c-b832-5a51-a002-7e758b5d1304,2014-07-02,,Martin Marietta Materials Inc,BBG000BGYMH7,US5732841060,0000916076,MLM,EODHD HistoricalTickerComponents / POC3 validated,HIGH,"{""dataset"": ""EODHD POC3 validated security master"", ""exception"": null, ""identifiers"": {""CIK"": ""0000916076"", ""CUSIP"": ""573284106"", ""ISIN"": ""US5732841060"", ""LEI"": ""5299005MZ4WZECVATV08"", ""OpenFigi"": ""BBG000BGYMH7""}, ""identity_correction"": null, ""identity_evidence"": [""current directory ticker and name compatible""], ""membership_source"": ""HistoricalTickerComponents"", ""provider_symbol"": ""MLM"", ""source_security_id"": ""c1baf84c-b832-5a51-a002-7e758b5d1304"", ""symbol_changes"": []}",RESOLVED,stable identifiers and provider identity preserved by validated POC3 security master
MMM,fad9aa13-a0aa-5cc8-b681-ac5050b1d439,1957-03-04,,3M Company,BBG000BP52R2,US88579Y1010,0000066740,MMM,EODHD HistoricalTickerComponents / POC3 validated,HIGH,"{""dataset"": ""EODHD POC3 validated security master"", ""exception"": null, ""identifiers"": {""CIK"": ""0000066740"", ""CUSIP"": ""88579Y101"", ""ISIN"": ""US88579Y1010"", ""LEI"": ""LUZQVYP4VS22CLWDAR65"", ""OpenFigi"": ""BBG000BP52R2""}, ""identity_correction"": null, ""identity_evidence"": [""current directory ticker and name compatible""], ""membership_source"": ""HistoricalTickerComponents"", ""provider_symbol"": ""MMM"", ""source_security_id"": ""fad9aa13-a0aa-5cc8-b681-ac5050b1d439"", ""symbol_changes"": []}",RESOLVED,stable identifiers and provider identity preserved by validated POC3 security master
MNST,805b5f24-5bfe-5bdd-9ef4-5b3b119c4e2e,2012-06-29,,Monster Beverage Corp,BBG008NVB1C0,US61174X1090,0000865752,MNST,EODHD HistoricalTickerComponents / POC3 validated,HIGH,"{""dataset"": ""EODHD POC3 validated security master"", ""exception"": null, ""identifiers"": {""CIK"": ""0000865752"", ""CUSIP"": ""61174X109"", ""ISIN"": ""US61174X1090"", ""LEI"": ""52990090AP0E7HCB6F33"", ""OpenFigi"": ""BBG008NVB1C0""}, ""identity_correction"": null, ""identity_evidence"": [""current directory ticker and name compatible""], ""membership_source"": ""HistoricalTickerComponents"", ""provider_symbol"": ""MNST"", ""source_security_id"": ""805b5f24-5bfe-5bdd-9ef4-5b3b119c4e2e"", ""symbol_changes"": []}",RESOLVED,stable identifiers and provider identity preserved by validated POC3 security master
MO,dcdee884-5372-58ca-951b-7d087d7b8339,1957-03-04,,Altria Group,BBG000BP6LJ8,US02209S1033,0000764180,MO,EODHD HistoricalTickerComponents / POC3 validated,HIGH,"{""dataset"": ""EODHD POC3 validated security master"", ""exception"": null, ""identifiers"": {""CIK"": ""0000764180"", ""CUSIP"": ""718154107"", ""ISIN"": ""US02209S1033"", ""LEI"": ""XSGZFLO9YTNO9VCQV219"", ""OpenFigi"": ""BBG000BP6LJ8""}, ""identity_correction"": null, ""identity_evidence"": [""current directory ticker and name compatible""], ""membership_source"": ""HistoricalTickerComponents"", ""provider_symbol"": ""MO"", ""source_security_id"": ""dcdee884-5372-58ca-951b-7d087d7b8339"", ""symbol_changes"": []}",RESOLVED,stable identifiers and provider identity preserved by validated POC3 security master
MOH,083ac037-f60f-512e-9426-432c3867bcea,2022-03-02,2026-03-23,Molina Healthcare Inc,BBG000MBHNC8,US60855R1005,0001179929,MOH,EODHD HistoricalTickerComponents / POC3 validated,HIGH,"{""dataset"": ""EODHD POC3 validated security master"", ""exception"": null, ""identifiers"": {""CIK"": ""0001179929"", ""CUSIP"": ""60855R100"", ""ISIN"": ""US60855R1005"", ""LEI"": ""549300NQQCEQ46YHZ591"", ""OpenFigi"": ""BBG000MBHNC8""}, ""identity_correction"": null, ""identity_evidence"": [""no exact safe current/delisted instrument mapping"", ""exact ticker used as candidate pending fundamentals validation""], ""membership_source"": ""HistoricalTickerComponents"", ""provider_symbol"": ""MOH"", ""source_security_id"": ""083ac037-f60f-512e-9426-432c3867bcea"", ""symbol_changes"": []}",RESOLVED,stable identifiers and provider identity preserved by validated POC3 security master
MOS,1d60adb3-e1ce-514c-a2a5-a818828d0c72,2011-09-23,,The Mosaic Company,BBG000BFXHL6,US61945C1036,0001285785,MOS,EODHD HistoricalTickerComponents / POC3 validated,HIGH,"{""dataset"": ""EODHD POC3 validated security master"", ""exception"": null, ""identifiers"": {""CIK"": ""0001285785"", ""CUSIP"": ""449669100"", ""ISIN"": ""US61945C1036"", ""LEI"": ""2YD5STGSJNMUB7H76907"", ""OpenFigi"": ""BBG000BFXHL6""}, ""identity_correction"": null, ""identity_evidence"": [""current directory ticker and name compatible""], ""membership_source"": ""HistoricalTickerComponents"", ""provider_symbol"": ""MOS"", ""source_security_id"": ""1d60adb3-e1ce-514c-a2a5-a818828d0c72"", ""symbol_changes"": []}",RESOLVED,stable identifiers and provider identity preserved by validated POC3 security master
MPC,5624f6d4-96e8-595d-bcc6-108c558dc7c9,2011-07-01,,Marathon Petroleum Corp,BBG001DCCGR8,US56585A1025,0001510295,MPC,EODHD HistoricalTickerComponents / POC3 validated,HIGH,"{""dataset"": ""EODHD POC3 validated security master"", ""exception"": null, ""identifiers"": {""CIK"": ""0001510295"", ""CUSIP"": ""56585A102"", ""ISIN"": ""US56585A1025"", ""LEI"": ""3BNYRYQHD39K4LCKQF12"", ""OpenFigi"": ""BBG001DCCGR8""}, ""identity_correction"": null, ""identity_evidence"": [""current directory ticker and name compatible""], ""membership_source"": ""HistoricalTickerComponents"", ""provider_symbol"": ""MPC"", ""source_security_id"": ""5624f6d4-96e8-595d-bcc6-108c558dc7c9"", ""symbol_changes"": []}",RESOLVED,stable identifiers and provider identity preserved by validated POC3 security master
MPWR,0140e130-c6a1-5148-8cdf-deca99985fdc,2021-02-12,,Monolithic Power Systems Inc,BBG000C30L48,US6098391054,0001280452,MPWR,EODHD HistoricalTickerComponents / POC3 validated,HIGH,"{""dataset"": ""EODHD POC3 validated security master"", ""exception"": null, ""identifiers"": {""CIK"": ""0001280452"", ""CUSIP"": ""609839105"", ""ISIN"": ""US6098391054"", ""LEI"": ""529900TB7O85LSZ1XU31"", ""OpenFigi"": ""BBG000C30L48""}, ""identity_correction"": null, ""identity_evidence"": [""current directory ticker and name compatible""], ""membership_source"": ""HistoricalTickerComponents"", ""provider_symbol"": ""MPWR"", ""source_security_id"": ""0140e130-c6a1-5148-8cdf-deca99985fdc"", ""symbol_changes"": []}",RESOLVED,stable identifiers and provider identity preserved by validated POC3 security master
MRK,bd7ee629-7ab0-5ffb-ae7b-e974bf76a507,1957-03-04,,Merck & Company Inc,BBG000BPD168,US58933Y1055,0000310158,MRK,EODHD HistoricalTickerComponents / POC3 validated,HIGH,"{""dataset"": ""EODHD POC3 validated security master"", ""exception"": null, ""identifiers"": {""CIK"": ""0000310158"", ""CUSIP"": ""589339209"", ""ISIN"": ""US58933Y1055"", ""LEI"": ""MZK1AT00SJV4XB7WNL71"", ""OpenFigi"": ""BBG000BPD168""}, ""identity_correction"": null, ""identity_evidence"": [""current directory ticker and name compatible""], ""membership_source"": ""HistoricalTickerComponents"", ""provider_symbol"": ""MRK"", ""source_security_id"": ""bd7ee629-7ab0-5ffb-ae7b-e974bf76a507"", ""symbol_changes"": []}",RESOLVED,stable identifiers and provider identity preserved by validated POC3 security master
MRNA,abc5f173-5421-5faa-a4bb-2edb19936ef8,2021-07-21,,Moderna Inc,BBG003PHHZT1,US60770K1079,0001682852,MRNA,EODHD HistoricalTickerComponents / POC3 validated,HIGH,"{""dataset"": ""EODHD POC3 validated security master"", ""exception"": null, ""identifiers"": {""CIK"": ""0001682852"", ""CUSIP"": ""60770K107"", ""ISIN"": ""US60770K1079"", ""LEI"": ""549300EI6OKH5K5Q2G38"", ""OpenFigi"": ""BBG003PHHZT1""}, ""identity_correction"": null, ""identity_evidence"": [""current directory ticker and name compatible""], ""membership_source"": ""HistoricalTickerComponents"", ""provider_symbol"": ""MRNA"", ""source_security_id"": ""abc5f173-5421-5faa-a4bb-2edb19936ef8"", ""symbol_changes"": []}",RESOLVED,stable identifiers and provider identity preserved by validated POC3 security master
MRO,c9c4a4c1-7795-5466-b0c9-65b0bb0ff348,1957-03-04,2024-11-26,Marathon Oil Corporation,BBG000C8H633,US5658491064,0000101778,MRO,EODHD HistoricalTickerComponents / POC3 validated,HIGH,"{""dataset"": ""EODHD POC3 validated security master"", ""exception"": null, ""identifiers"": {""CIK"": ""0000101778"", ""CUSIP"": ""90336X103"", ""ISIN"": ""US5658491064"", ""LEI"": ""1FRVQX2CRLGC1XLP5727"", ""OpenFigi"": ""BBG000C8H633""}, ""identity_correction"": null, ""identity_evidence"": [""delisted directory ticker and name compatible""], ""membership_source"": ""HistoricalTickerComponents"", ""provider_symbol"": ""MRO"", ""source_security_id"": ""c9c4a4c1-7795-5466-b0c9-65b0bb0ff348"", ""symbol_changes"": []}",RESOLVED,stable identifiers and provider identity preserved by validated POC3 security master
MRP_OLD,6d107392-1574-5d84-9836-defb4f684946,2025-01-21,2025-02-10,Millrose Properties Inc CL A,,,,MRP_OLD,EODHD HistoricalTickerComponents / POC3 validated,LOW,"{""dataset"": ""EODHD POC3 validated security master"", ""exception"": {""classification"": ""EXPLICITLY_NON_TRADABLE_OR_INVALID"", ""effective_interval"": ""2025-01-21/2025-02-10"", ""evidence"": ""The source interval starts on Lennar's distribution record date, not a Millrose trading or S&P 500 entry date. Lennar's issuer announcement says MRP when-issued trading began about 2025-02-05 and regular-way trading began 2025-02-07. S&P DJI says Lennar remained in the S&P 500 and Millrose entered the S&P SmallCap 600 effective 2025-02-10. SEC disclosure says there was no public market before 2025-02-05. EODHD has no MRP_OLD bars or stable identifiers; MRP.US begins 2025-02-05. The record is retained for audit but excluded from tradable S&P 500 eligibility."", ""sources"": [""EODHD HistoricalTickerComponents POC3 cache"", ""EODHD MRP_OLD/MRP.US cached General and EOD responses"", ""Lennar 2025-01-10 spin-off announcement"", ""S&P DJI 2025-02-05 constituent announcement"", ""Millrose SEC 2025 Form 10-K""], ""ticker"": ""MRP_OLD""}, ""identifiers"": {}, ""identity_correction"": null, ""identity_evidence"": [""no exact safe current/delisted instrument mapping"", ""exact ticker used as candidate pending fundamentals validation""], ""membership_source"": ""HistoricalTickerComponents"", ""provider_symbol"": ""MRP_OLD"", ""source_security_id"": ""6d107392-1574-5d84-9836-defb4f684946"", ""symbol_changes"": []}",NON_TRADABLE,"The source interval starts on Lennar's distribution record date, not a Millrose trading or S&P 500 entry date. Lennar's issuer announcement says MRP when-issued trading began about 2025-02-05 and regular-way trading began 2025-02-07. S&P DJI says Lennar remained in the S&P 500 and Millrose entered the S&P SmallCap 600 effective 2025-02-10. SEC disclosure says there was no public market before 2025-02-05. EODHD has no MRP_OLD bars or stable identifiers; MRP.US begins 2025-02-05. The record is retained for audit but excluded from tradable S&P 500 eligibility."
MRSH,ef394a5d-5928-5b83-8345-d2f6a54afc05,1987-08-31,,"Marsh & McLennan Companies, Inc.",BBG000BP4MH0,US5717481023,,MRSH,EODHD HistoricalTickerComponents / POC3 validated,HIGH,"{""dataset"": ""EODHD POC3 validated security master"", ""exception"": null, ""identifiers"": {""ISIN"": ""US5717481023"", ""LEI"": ""549300XMP3KDCKJXIU47"", ""OpenFigi"": ""BBG000BP4MH0""}, ""identity_correction"": null, ""identity_evidence"": [""current directory ticker and name compatible""], ""membership_source"": ""HistoricalTickerComponents"", ""provider_symbol"": ""MRSH"", ""source_security_id"": ""ef394a5d-5928-5b83-8345-d2f6a54afc05"", ""symbol_changes"": [{""company_name"": ""Marsh Common Stock"", ""effective"": ""2026-01-14"", ""exchange"": ""US"", ""new_symbol"": ""MRSH"", ""old_symbol"": ""MMC""}]}",RESOLVED,stable identifiers and provider identity preserved by validated POC3 security master
MRVL,dfd69f29-0d22-50a9-8828-b0fb6fc1d1a0,2026-06-22,,Marvell Technology Group Ltd,BBG00ZXBJ153,US5738741041,0001058057,MRVL,EODHD HistoricalTickerComponents / POC3 validated,HIGH,"{""dataset"": ""EODHD POC3 validated security master"", ""exception"": null, ""identifiers"": {""CIK"": ""0001058057"", ""CUSIP"": ""G5876H105"", ""ISIN"": ""US5738741041"", ""OpenFigi"": ""BBG00ZXBJ153""}, ""identity_correction"": null, ""identity_evidence"": [""current directory ticker and name compatible""], ""membership_source"": ""HistoricalTickerComponents"", ""provider_symbol"": ""MRVL"", ""source_security_id"": ""dfd69f29-0d22-50a9-8828-b0fb6fc1d1a0"", ""symbol_changes"": []}",RESOLVED,stable identifiers and provider identity preserved by validated POC3 security master
MS,b37d5764-1a6d-5f8b-a30c-a37b419dbb50,1993-07-29,,Morgan Stanley,BBG000BLZRJ2,US6174464486,0000895421,MS,EODHD HistoricalTickerComponents / POC3 validated,HIGH,"{""dataset"": ""EODHD POC3 validated security master"", ""exception"": null, ""identifiers"": {""CIK"": ""0000895421"", ""CUSIP"": ""24240V101"", ""ISIN"": ""US6174464486"", ""LEI"": ""IGJSJL3JD5P30I6NJZ34"", ""OpenFigi"": ""BBG000BLZRJ2""}, ""identity_correction"": null, ""identity_evidence"": [""current directory ticker and name compatible""], ""membership_source"": ""HistoricalTickerComponents"", ""provider_symbol"": ""MS"", ""source_security_id"": ""b37d5764-1a6d-5f8b-a30c-a37b419dbb50"", ""symbol_changes"": []}",RESOLVED,stable identifiers and provider identity preserved by validated POC3 security master
MSCI,e2e0f389-5214-59b2-8197-f98c98bc3211,2018-04-04,,MSCI Inc,BBG000RTDY25,US55354G1004,0001408198,MSCI,EODHD HistoricalTickerComponents / POC3 validated,HIGH,"{""dataset"": ""EODHD POC3 validated security master"", ""exception"": null, ""identifiers"": {""CIK"": ""0001408198"", ""CUSIP"": ""55354G100"", ""ISIN"": ""US55354G1004"", ""LEI"": ""549300HTIN2PD78UB763"", ""OpenFigi"": ""BBG000RTDY25""}, ""identity_correction"": null, ""identity_evidence"": [""current directory ticker and name compatible""], ""membership_source"": ""HistoricalTickerComponents"", ""provider_symbol"": ""MSCI"", ""source_security_id"": ""e2e0f389-5214-59b2-8197-f98c98bc3211"", ""symbol_changes"": []}",RESOLVED,stable identifiers and provider identity preserved by validated POC3 security master
MSFT,826ebb23-0c7e-552e-9706-b828dc261606,1994-06-01,,Microsoft Corporation,BBG000BPH459,US5949181045,0000789019,MSFT,EODHD HistoricalTickerComponents / POC3 validated,HIGH,"{""dataset"": ""EODHD POC3 validated security master"", ""exception"": null, ""identifiers"": {""CIK"": ""0000789019"", ""CUSIP"": ""594918104"", ""ISIN"": ""US5949181045"", ""LEI"": ""INR2EJN1ERAN0W5ZP974"", ""OpenFigi"": ""BBG000BPH459""}, ""identity_correction"": null, ""identity_evidence"": [""current directory ticker and name compatible""], ""membership_source"": ""HistoricalTickerComponents"", ""provider_symbol"": ""MSFT"", ""source_security_id"": ""826ebb23-0c7e-552e-9706-b828dc261606"", ""symbol_changes"": []}",RESOLVED,stable identifiers and provider identity preserved by validated POC3 security master
MSI,001196a1-0760-5b8c-9b01-1989f3411fc1,1957-03-04,,Motorola Solutions Inc,BBG000BP8Z50,US6200763075,0000068505,MSI,EODHD HistoricalTickerComponents / POC3 validated,HIGH,"{""dataset"": ""EODHD POC3 validated security master"", ""exception"": null, ""identifiers"": {""CIK"": ""0000068505"", ""CUSIP"": ""620076125"", ""ISIN"": ""US6200763075"", ""LEI"": ""6S552MUG6KGJVEBSEC55"", ""OpenFigi"": ""BBG000BP8Z50""}, ""identity_correction"": null, ""identity_evidence"": [""current directory ticker and name compatible""], ""membership_source"": ""HistoricalTickerComponents"", ""provider_symbol"": ""MSI"", ""source_security_id"": ""001196a1-0760-5b8c-9b01-1989f3411fc1"", ""symbol_changes"": []}",RESOLVED,stable identifiers and provider identity preserved by validated POC3 security master
MTB,30ae708d-5d8a-5b10-816d-68817f532ade,2004-02-23,,M&T Bank Corporation,BBG000D9KWL9,US55261F1049,0000036270,MTB,EODHD HistoricalTickerComponents / POC3 validated,HIGH,"{""dataset"": ""EODHD POC3 validated security master"", ""exception"": null, ""identifiers"": {""CIK"": ""0000036270"", ""CUSIP"": ""320076102"", ""ISIN"": ""US55261F1049"", ""LEI"": ""549300WYXDDBYRASEG81"", ""OpenFigi"": ""BBG000D9KWL9""}, ""identity_correction"": null, ""identity_evidence"": [""current directory ticker and name compatible""], ""membership_source"": ""HistoricalTickerComponents"", ""provider_symbol"": ""MTB"", ""source_security_id"": ""30ae708d-5d8a-5b10-816d-68817f532ade"", ""symbol_changes"": []}",RESOLVED,stable identifiers and provider identity preserved by validated POC3 security master
MTCH,b996168e-d9ea-5056-9cad-5819eb7fafc7,2021-09-20,2026-03-23,Match Group Inc,BBG00VT0KNC3,US57667L1070,0000891103,MTCH,EODHD HistoricalTickerComponents / POC3 validated,HIGH,"{""dataset"": ""EODHD POC3 validated security master"", ""exception"": null, ""identifiers"": {""CIK"": ""0000891103"", ""CUSIP"": ""57665R106"", ""ISIN"": ""US57667L1070"", ""LEI"": ""549300BIJKT86CPCKK96"", ""OpenFigi"": ""BBG00VT0KNC3""}, ""identity_correction"": null, ""identity_evidence"": [""no exact safe current/delisted instrument mapping"", ""exact ticker used as candidate pending fundamentals validation""], ""membership_source"": ""HistoricalTickerComponents"", ""provider_symbol"": ""MTCH"", ""source_security_id"": ""b996168e-d9ea-5056-9cad-5819eb7fafc7"", ""symbol_changes"": []}",RESOLVED,stable identifiers and provider identity preserved by validated POC3 security master
MTD,45122848-f7fe-5eda-8b59-1f28c14b3b57,2016-09-06,,Mettler-Toledo International Inc,BBG000BZCKH3,US5926881054,0001037646,MTD,EODHD HistoricalTickerComponents / POC3 validated,HIGH,"{""dataset"": ""EODHD POC3 validated security master"", ""exception"": null, ""identifiers"": {""CIK"": ""0001037646"", ""CUSIP"": ""592688105"", ""ISIN"": ""US5926881054"", ""LEI"": ""5493000BD5GJNUDIUG10"", ""OpenFigi"": ""BBG000BZCKH3""}, ""identity_correction"": null, ""identity_evidence"": [""current directory ticker and name compatible""], ""membership_source"": ""HistoricalTickerComponents"", ""provider_symbol"": ""MTD"", ""source_security_id"": ""45122848-f7fe-5eda-8b59-1f28c14b3b57"", ""symbol_changes"": []}",RESOLVED,stable identifiers and provider identity preserved by validated POC3 security master
MU,fc16819f-14d1-5d7e-ad8c-f8047c85f37d,1994-09-27,,Micron Technology Inc,BBG000C5Z1S3,US5951121038,0000723125,MU,EODHD HistoricalTickerComponents / POC3 validated,HIGH,"{""dataset"": ""EODHD POC3 validated security master"", ""exception"": null, ""identifiers"": {""CIK"": ""0000723125"", ""CUSIP"": ""595112103"", ""ISIN"": ""US5951121038"", ""LEI"": ""B3DXGBC8GAIYWI2Z0172"", ""OpenFigi"": ""BBG000C5Z1S3""}, ""identity_correction"": null, ""identity_evidence"": [""current directory ticker and name compatible""], ""membership_source"": ""HistoricalTickerComponents"", ""provider_symbol"": ""MU"", ""source_security_id"": ""fc16819f-14d1-5d7e-ad8c-f8047c85f37d"", ""symbol_changes"": []}",RESOLVED,stable identifiers and provider identity preserved by validated POC3 security master
NCLH,0ec8b90f-49f4-5526-9ef9-530326d58055,2017-10-13,,Norwegian Cruise Line Holdings Ltd,BBG000BSRN78,USG667211043,0001513761,NCLH,EODHD HistoricalTickerComponents / POC3 validated,HIGH,"{""dataset"": ""EODHD POC3 validated security master"", ""exception"": null, ""identifiers"": {""CIK"": ""0001513761"", ""CUSIP"": ""G66721104"", ""ISIN"": ""USG667211043"", ""OpenFigi"": ""BBG000BSRN78""}, ""identity_correction"": null, ""identity_evidence"": [""current directory ticker and name compatible""], ""membership_source"": ""HistoricalTickerComponents"", ""provider_symbol"": ""NCLH"", ""source_security_id"": ""0ec8b90f-49f4-5526-9ef9-530326d58055"", ""symbol_changes"": []}",RESOLVED,stable identifiers and provider identity preserved by validated POC3 security master
NDAQ,94187483-60f3-5f28-bba8-46cbdbaaabb2,2008-10-22,,Nasdaq Inc,BBG000F5VVB6,US6311031081,0001120193,NDAQ,EODHD HistoricalTickerComponents / POC3 validated,HIGH,"{""dataset"": ""EODHD POC3 validated security master"", ""exception"": null, ""identifiers"": {""CIK"": ""0001120193"", ""CUSIP"": ""631103108"", ""ISIN"": ""US6311031081"", ""LEI"": ""549300L8X1Q78ERXFD06"", ""OpenFigi"": ""BBG000F5VVB6""}, ""identity_correction"": null, ""identity_evidence"": [""current directory ticker and name compatible""], ""membership_source"": ""HistoricalTickerComponents"", ""provider_symbol"": ""NDAQ"", ""source_security_id"": ""94187483-60f3-5f28-bba8-46cbdbaaabb2"", ""symbol_changes"": []}",RESOLVED,stable identifiers and provider identity preserved by validated POC3 security master
NDSN,f5ba219b-e1da-5c9f-a7da-21ad330c3299,2022-02-15,,Nordson Corporation,BBG000BPWGR1,US6556631025,0000072331,NDSN,EODHD HistoricalTickerComponents / POC3 validated,HIGH,"{""dataset"": ""EODHD POC3 validated security master"", ""exception"": null, ""identifiers"": {""CIK"": ""0000072331"", ""CUSIP"": ""655663102"", ""ISIN"": ""US6556631025"", ""LEI"": ""14OS6Q5N55N95WM84M53"", ""OpenFigi"": ""BBG000BPWGR1""}, ""identity_correction"": null, ""identity_evidence"": [""current directory ticker and name compatible""], ""membership_source"": ""HistoricalTickerComponents"", ""provider_symbol"": ""NDSN"", ""source_security_id"": ""f5ba219b-e1da-5c9f-a7da-21ad330c3299"", ""symbol_changes"": []}",RESOLVED,stable identifiers and provider identity preserved by validated POC3 security master
NEE,fef5a1eb-0806-5a04-8364-87d6e6d49af3,1976-06-30,,Nextera Energy Inc,BBG000BJSBJ0,US65339F1012,0000753308,NEE,EODHD HistoricalTickerComponents / POC3 validated,HIGH,"{""dataset"": ""EODHD POC3 validated security master"", ""exception"": null, ""identifiers"": {""CIK"": ""0000753308"", ""CUSIP"": ""65339B100"", ""ISIN"": ""US65339F1012"", ""LEI"": ""UMI46YPGBLUE4VGNNT48"", ""OpenFigi"": ""BBG000BJSBJ0""}, ""identity_correction"": null, ""identity_evidence"": [""current directory ticker and name compatible""], ""membership_source"": ""HistoricalTickerComponents"", ""provider_symbol"": ""NEE"", ""source_security_id"": ""fef5a1eb-0806-5a04-8364-87d6e6d49af3"", ""symbol_changes"": []}",RESOLVED,stable identifiers and provider identity preserved by validated POC3 security master
NEM,34746235-524a-59c3-93a9-fb2368cae2e1,1969-06-30,,Newmont Goldcorp Corp,BBG000BPWXK1,US6516391066,0001164727,NEM,EODHD HistoricalTickerComponents / POC3 validated,HIGH,"{""dataset"": ""EODHD POC3 validated security master"", ""exception"": null, ""identifiers"": {""CIK"": ""0001164727"", ""CUSIP"": ""651639106"", ""ISIN"": ""US6516391066"", ""LEI"": ""549300VSP3RIX7FGDZ51"", ""OpenFigi"": ""BBG000BPWXK1""}, ""identity_correction"": null, ""identity_evidence"": [""current directory ticker and name compatible""], ""membership_source"": ""HistoricalTickerComponents"", ""provider_symbol"": ""NEM"", ""source_security_id"": ""34746235-524a-59c3-93a9-fb2368cae2e1"", ""symbol_changes"": []}",RESOLVED,stable identifiers and provider identity preserved by validated POC3 security master
NFLX,745603a2-7054-57f9-9fe6-eb20ea34b7fe,2010-12-17,,Netflix Inc,BBG000CL9VN6,US64110L1061,0001065280,NFLX,EODHD HistoricalTickerComponents / POC3 validated,HIGH,"{""dataset"": ""EODHD POC3 validated security master"", ""exception"": null, ""identifiers"": {""CIK"": ""0001065280"", ""CUSIP"": ""64110L106"", ""ISIN"": ""US64110L1061"", ""LEI"": ""549300Y7VHGU0I7CE873"", ""OpenFigi"": ""BBG000CL9VN6""}, ""identity_correction"": null, ""identity_evidence"": [""current directory ticker and name compatible""], ""membership_source"": ""HistoricalTickerComponents"", ""provider_symbol"": ""NFLX"", ""source_security_id"": ""745603a2-7054-57f9-9fe6-eb20ea34b7fe"", ""symbol_changes"": []}",RESOLVED,stable identifiers and provider identity preserved by validated POC3 security master
NI,8923259e-050a-53bc-b5d8-3066c305b58a,2000-11-02,,NiSource Inc,BBG000BPZBB6,US65473P1057,0001111711,NI,EODHD HistoricalTickerComponents / POC3 validated,HIGH,"{""dataset"": ""EODHD POC3 validated security master"", ""exception"": null, ""identifiers"": {""CIK"": ""0001111711"", ""CUSIP"": ""65473P113"", ""ISIN"": ""US65473P1057"", ""LEI"": ""549300D8GOWWH0SJB189"", ""OpenFigi"": ""BBG000BPZBB6""}, ""identity_correction"": null, ""identity_evidence"": [""current directory ticker and name compatible""], ""membership_source"": ""HistoricalTickerComponents"", ""provider_symbol"": ""NI"", ""source_security_id"": ""8923259e-050a-53bc-b5d8-3066c305b58a"", ""symbol_changes"": []}",RESOLVED,stable identifiers and provider identity preserved by validated POC3 security master
NKE,8cf5435a-bc84-5c6c-b7ae-55fdda443f81,1988-11-30,,Nike Inc,BBG000C5HS04,US6541061031,0000320187,NKE,EODHD HistoricalTickerComponents / POC3 validated,HIGH,"{""dataset"": ""EODHD POC3 validated security master"", ""exception"": null, ""identifiers"": {""CIK"": ""0000320187"", ""CUSIP"": ""654106103"", ""ISIN"": ""US6541061031"", ""LEI"": ""787RXPR0UX0O0XUXPZ81"", ""OpenFigi"": ""BBG000C5HS04""}, ""identity_correction"": null, ""identity_evidence"": [""current directory ticker and name compatible""], ""membership_source"": ""HistoricalTickerComponents"", ""provider_symbol"": ""NKE"", ""source_security_id"": ""8cf5435a-bc84-5c6c-b7ae-55fdda443f81"", ""symbol_changes"": []}",RESOLVED,stable identifiers and provider identity preserved by validated POC3 security master
NLSN,9b2793b9-27ef-515e-9f54-49f341f7ed56,2013-07-09,2022-10-12,Nielsen Holdings PLC,,GB00BWFY5505,0001492633,NLSN,EODHD HistoricalTickerComponents / POC3 validated,HIGH,"{""dataset"": ""EODHD POC3 validated security master"", ""exception"": null, ""identifiers"": {""CIK"": ""0001492633"", ""CUSIP"": ""N63218106"", ""ISIN"": ""GB00BWFY5505"", ""LEI"": ""549300ZVCBHQE0XHG367""}, ""identity_correction"": null, ""identity_evidence"": [""delisted directory ticker and name compatible""], ""membership_source"": ""HistoricalTickerComponents"", ""provider_symbol"": ""NLSN"", ""source_security_id"": ""9b2793b9-27ef-515e-9f54-49f341f7ed56"", ""symbol_changes"": []}",RESOLVED,stable identifiers and provider identity preserved by validated POC3 security master
NOC,ab90bda6-69a2-5349-a783-c686b9ca860b,1957-03-04,,Northrop Grumman Corporation,BBG000BQ2C28,US6668071029,0001133421,NOC,EODHD HistoricalTickerComponents / POC3 validated,HIGH,"{""dataset"": ""EODHD POC3 validated security master"", ""exception"": null, ""identifiers"": {""CIK"": ""0001133421"", ""CUSIP"": ""666807102"", ""ISIN"": ""US6668071029"", ""LEI"": ""RIMU48P07456QXSO0R61"", ""OpenFigi"": ""BBG000BQ2C28""}, ""identity_correction"": null, ""identity_evidence"": [""current directory ticker and name compatible""], ""membership_source"": ""HistoricalTickerComponents"", ""provider_symbol"": ""NOC"", ""source_security_id"": ""ab90bda6-69a2-5349-a783-c686b9ca860b"", ""symbol_changes"": []}",RESOLVED,stable identifiers and provider identity preserved by validated POC3 security master
NOW,8cff7db1-b645-57ea-949b-78328c1e157b,2019-11-21,,ServiceNow Inc,BBG000M1R011,US81762P1021,0001373715,NOW,EODHD HistoricalTickerComponents / POC3 validated,HIGH,"{""dataset"": ""EODHD POC3 validated security master"", ""exception"": null, ""identifiers"": {""CIK"": ""0001373715"", ""CUSIP"": ""81762P102"", ""ISIN"": ""US81762P1021"", ""LEI"": ""549300HJTQM36M0E1G39"", ""OpenFigi"": ""BBG000M1R011""}, ""identity_correction"": null, ""identity_evidence"": [""current directory ticker and name compatible""], ""membership_source"": ""HistoricalTickerComponents"", ""provider_symbol"": ""NOW"", ""source_security_id"": ""8cff7db1-b645-57ea-949b-78328c1e157b"", ""symbol_changes"": []}",RESOLVED,stable identifiers and provider identity preserved by validated POC3 security master
NRG,c05c74dd-ede3-512f-bcf6-d11da5f65cc2,2010-01-29,,NRG Energy Inc.,BBG000D8RG11,US6293775085,0001013871,NRG,EODHD HistoricalTickerComponents / POC3 validated,HIGH,"{""dataset"": ""EODHD POC3 validated security master"", ""exception"": null, ""identifiers"": {""CIK"": ""0001013871"", ""CUSIP"": ""629377508"", ""ISIN"": ""US6293775085"", ""LEI"": ""5E2UPK5SW04M13XY7I38"", ""OpenFigi"": ""BBG000D8RG11""}, ""identity_correction"": null, ""identity_evidence"": [""current directory ticker and name compatible""], ""membership_source"": ""HistoricalTickerComponents"", ""provider_symbol"": ""NRG"", ""source_security_id"": ""c05c74dd-ede3-512f-bcf6-d11da5f65cc2"", ""symbol_changes"": []}",RESOLVED,stable identifiers and provider identity preserved by validated POC3 security master
NSC,abf4aed5-658f-552a-ac85-b311915b6511,1957-03-04,,Norfolk Southern Corporation,BBG000BQ5DS5,US6558441084,0000702165,NSC,EODHD HistoricalTickerComponents / POC3 validated,HIGH,"{""dataset"": ""EODHD POC3 validated security master"", ""exception"": null, ""identifiers"": {""CIK"": ""0000702165"", ""CUSIP"": ""655844108"", ""ISIN"": ""US6558441084"", ""LEI"": ""54930036C8MWP850MI84"", ""OpenFigi"": ""BBG000BQ5DS5""}, ""identity_correction"": null, ""identity_evidence"": [""current directory ticker and name compatible""], ""membership_source"": ""HistoricalTickerComponents"", ""provider_symbol"": ""NSC"", ""source_security_id"": ""abf4aed5-658f-552a-ac85-b311915b6511"", ""symbol_changes"": []}",RESOLVED,stable identifiers and provider identity preserved by validated POC3 security master
NTAP,5edae8bc-c67c-5e6f-8895-5527e59f8307,1999-06-25,,NetApp Inc,BBG000FP1N32,US64110D1046,0001002047,NTAP,EODHD HistoricalTickerComponents / POC3 validated,HIGH,"{""dataset"": ""EODHD POC3 validated security master"", ""exception"": null, ""identifiers"": {""CIK"": ""0001002047"", ""CUSIP"": ""64120L104"", ""ISIN"": ""US64110D1046"", ""LEI"": ""QTX3D84DZDD5JYOCYH15"", ""OpenFigi"": ""BBG000FP1N32""}, ""identity_correction"": null, ""identity_evidence"": [""current directory ticker and name compatible""], ""membership_source"": ""HistoricalTickerComponents"", ""provider_symbol"": ""NTAP"", ""source_security_id"": ""5edae8bc-c67c-5e6f-8895-5527e59f8307"", ""symbol_changes"": []}",RESOLVED,stable identifiers and provider identity preserved by validated POC3 security master
NTRS,8b03722e-40e0-513e-98f2-65750bc485e6,1998-01-30,,Northern Trust Corporation,BBG000BQ74K1,US6658591044,0000073124,NTRS,EODHD HistoricalTickerComponents / POC3 validated,HIGH,"{""dataset"": ""EODHD POC3 validated security master"", ""exception"": null, ""identifiers"": {""CIK"": ""0000073124"", ""CUSIP"": ""665859104"", ""ISIN"": ""US6658591044"", ""LEI"": ""549300GLF98S992BC502"", ""OpenFigi"": ""BBG000BQ74K1""}, ""identity_correction"": null, ""identity_evidence"": [""current directory ticker and name compatible""], ""membership_source"": ""HistoricalTickerComponents"", ""provider_symbol"": ""NTRS"", ""source_security_id"": ""8b03722e-40e0-513e-98f2-65750bc485e6"", ""symbol_changes"": []}",RESOLVED,stable identifiers and provider identity preserved by validated POC3 security master
NUE,27ada055-6878-51fb-b3f1-700b07a7c2ad,1985-04-30,,Nucor Corp,BBG000BQ8KV2,US6703461052,0000073309,NUE,EODHD HistoricalTickerComponents / POC3 validated,HIGH,"{""dataset"": ""EODHD POC3 validated security master"", ""exception"": null, ""identifiers"": {""CIK"": ""0000073309"", ""CUSIP"": ""670346105"", ""ISIN"": ""US6703461052"", ""LEI"": ""549300GGJCRSI2TIEJ46"", ""OpenFigi"": ""BBG000BQ8KV2""}, ""identity_correction"": null, ""identity_evidence"": [""current directory ticker and name compatible""], ""membership_source"": ""HistoricalTickerComponents"", ""provider_symbol"": ""NUE"", ""source_security_id"": ""27ada055-6878-51fb-b3f1-700b07a7c2ad"", ""symbol_changes"": []}",RESOLVED,stable identifiers and provider identity preserved by validated POC3 security master
NVDA,1c952796-e83f-5bf0-a109-449c34b9d3a3,2001-11-30,,NVIDIA Corporation,BBG000BBJQV0,US67066G1040,0001045810,NVDA,EODHD HistoricalTickerComponents / POC3 validated,HIGH,"{""dataset"": ""EODHD POC3 validated security master"", ""exception"": null, ""identifiers"": {""CIK"": ""0001045810"", ""CUSIP"": ""67066G104"", ""ISIN"": ""US67066G1040"", ""LEI"": ""549300S4KLFTLO7GSQ80"", ""OpenFigi"": ""BBG000BBJQV0""}, ""identity_correction"": null, ""identity_evidence"": [""current directory ticker and name compatible""], ""membership_source"": ""HistoricalTickerComponents"", ""provider_symbol"": ""NVDA"", ""source_security_id"": ""1c952796-e83f-5bf0-a109-449c34b9d3a3"", ""symbol_changes"": []}",RESOLVED,stable identifiers and provider identity preserved by validated POC3 security master
NVR,03313209-d985-5d0f-a33f-51a5fb78b8e8,2019-09-26,,NVR Inc,BBG000BQBYR3,US62944T1051,0000906163,NVR,EODHD HistoricalTickerComponents / POC3 validated,HIGH,"{""dataset"": ""EODHD POC3 validated security master"", ""exception"": null, ""identifiers"": {""CIK"": ""0000906163"", ""CUSIP"": ""62944T105"", ""ISIN"": ""US62944T1051"", ""LEI"": ""529900RWXR4JI3JYTV70"", ""OpenFigi"": ""BBG000BQBYR3""}, ""identity_correction"": null, ""identity_evidence"": [""current directory ticker and name compatible""], ""membership_source"": ""HistoricalTickerComponents"", ""provider_symbol"": ""NVR"", ""source_security_id"": ""03313209-d985-5d0f-a33f-51a5fb78b8e8"", ""symbol_changes"": []}",RESOLVED,stable identifiers and provider identity preserved by validated POC3 security master
NWL,78eb6cc8-d61d-5700-859a-7447f12e92eb,2012-04-01,2023-09-18,Newell Brands Inc,BBG000BQC9V2,US6512291062,0000814453,NWL,EODHD HistoricalTickerComponents / POC3 validated,HIGH,"{""dataset"": ""EODHD POC3 validated security master"", ""exception"": null, ""identifiers"": {""CIK"": ""0000814453"", ""CUSIP"": ""651195307"", ""ISIN"": ""US6512291062"", ""LEI"": ""549300LWGYFM1TVO1Z12"", ""OpenFigi"": ""BBG000BQC9V2""}, ""identity_correction"": null, ""identity_evidence"": [""no exact safe current/delisted instrument mapping"", ""exact ticker used as candidate pending fundamentals validation""], ""membership_source"": ""HistoricalTickerComponents"", ""provider_symbol"": ""NWL"", ""source_security_id"": ""78eb6cc8-d61d-5700-859a-7447f12e92eb"", ""symbol_changes"": []}",RESOLVED,stable identifiers and provider identity preserved by validated POC3 security master
NWS,28262922-51fa-5027-ad97-cf8fc5f4a95d,2015-09-21,,News Corp B,BBG0035M2ZB7,US65249B2088,0001564708,NWS,EODHD HistoricalTickerComponents / POC3 validated,HIGH,"{""dataset"": ""EODHD POC3 validated security master"", ""exception"": null, ""identifiers"": {""CIK"": ""0001564708"", ""CUSIP"": ""65249B208"", ""ISIN"": ""US65249B2088"", ""LEI"": ""549300ITS31QK8VRBQ14"", ""OpenFigi"": ""BBG0035M2ZB7""}, ""identity_correction"": null, ""identity_evidence"": [""current directory ticker and name compatible""], ""membership_source"": ""HistoricalTickerComponents"", ""provider_symbol"": ""NWS"", ""source_security_id"": ""28262922-51fa-5027-ad97-cf8fc5f4a95d"", ""symbol_changes"": []}",RESOLVED,stable identifiers and provider identity preserved by validated POC3 security master
NWSA,2aace4c8-59ec-5418-a870-72cca4c7cdff,2013-07-01,,News Corp A,BBG0035LY913,US65249B1098,0001564708,NWSA,EODHD HistoricalTickerComponents / POC3 validated,HIGH,"{""dataset"": ""EODHD POC3 validated security master"", ""exception"": null, ""identifiers"": {""CIK"": ""0001564708"", ""CUSIP"": ""652487703"", ""ISIN"": ""US65249B1098"", ""LEI"": ""549300ITS31QK8VRBQ14"", ""OpenFigi"": ""BBG0035LY913""}, ""identity_correction"": null, ""identity_evidence"": [""current directory ticker and name compatible""], ""membership_source"": ""HistoricalTickerComponents"", ""provider_symbol"": ""NWSA"", ""source_security_id"": ""2aace4c8-59ec-5418-a870-72cca4c7cdff"", ""symbol_changes"": []}",RESOLVED,stable identifiers and provider identity preserved by validated POC3 security master
NXPI,da74ff12-0e90-509e-82c4-a027e1142945,2021-03-22,,NXP Semiconductors NV,BBG000BND699,NL0009538784,0001413447,NXPI,EODHD HistoricalTickerComponents / POC3 validated,HIGH,"{""dataset"": ""EODHD POC3 validated security master"", ""exception"": null, ""identifiers"": {""CIK"": ""0001413447"", ""CUSIP"": ""N6596X109"", ""ISIN"": ""NL0009538784"", ""LEI"": ""724500M9BY5293JDF951"", ""OpenFigi"": ""BBG000BND699""}, ""identity_correction"": null, ""identity_evidence"": [""current directory ticker and name compatible""], ""membership_source"": ""HistoricalTickerComponents"", ""provider_symbol"": ""NXPI"", ""source_security_id"": ""da74ff12-0e90-509e-82c4-a027e1142945"", ""symbol_changes"": []}",RESOLVED,stable identifiers and provider identity preserved by validated POC3 security master
O,4f0eed35-0ca5-57ff-9bb1-4f297902c1f0,2015-04-07,,Realty Income Corporation,BBG000DHPN63,US7561091049,0000726728,O,EODHD HistoricalTickerComponents / POC3 validated,HIGH,"{""dataset"": ""EODHD POC3 validated security master"", ""exception"": null, ""identifiers"": {""CIK"": ""0000726728"", ""CUSIP"": ""756109104"", ""ISIN"": ""US7561091049"", ""LEI"": ""549300CUWDAUZSH43859"", ""OpenFigi"": ""BBG000DHPN63""}, ""identity_correction"": null, ""identity_evidence"": [""current directory ticker and name compatible""], ""membership_source"": ""HistoricalTickerComponents"", ""provider_symbol"": ""O"", ""source_security_id"": ""4f0eed35-0ca5-57ff-9bb1-4f297902c1f0"", ""symbol_changes"": []}",RESOLVED,stable identifiers and provider identity preserved by validated POC3 security master
ODFL,6bfbaf89-04e4-5ad6-b238-f329967e482f,2019-12-09,,Old Dominion Freight Line Inc,BBG000CHSS88,US6795801009,0000878927,ODFL,EODHD HistoricalTickerComponents / POC3 validated,HIGH,"{""dataset"": ""EODHD POC3 validated security master"", ""exception"": null, ""identifiers"": {""CIK"": ""0000878927"", ""CUSIP"": ""679580100"", ""ISIN"": ""US6795801009"", ""LEI"": ""5299009TWK32WE417T96"", ""OpenFigi"": ""BBG000CHSS88""}, ""identity_correction"": null, ""identity_evidence"": [""current directory ticker and name compatible""], ""membership_source"": ""HistoricalTickerComponents"", ""provider_symbol"": ""ODFL"", ""source_security_id"": ""6bfbaf89-04e4-5ad6-b238-f329967e482f"", ""symbol_changes"": []}",RESOLVED,stable identifiers and provider identity preserved by validated POC3 security master
OGN,8bec089b-b40d-5b71-9931-9cc227dee17e,2021-06-03,2023-10-18,Organon & Co,BBG00ZQRGW24,US68622V1061,0001821825,OGN,EODHD HistoricalTickerComponents / POC3 validated,HIGH,"{""dataset"": ""EODHD POC3 validated security master"", ""exception"": null, ""identifiers"": {""CIK"": ""0001821825"", ""CUSIP"": ""68622V106"", ""ISIN"": ""US68622V1061"", ""OpenFigi"": ""BBG00ZQRGW24""}, ""identity_correction"": null, ""identity_evidence"": [""no exact safe current/delisted instrument mapping"", ""exact ticker used as candidate pending fundamentals validation""], ""membership_source"": ""HistoricalTickerComponents"", ""provider_symbol"": ""OGN"", ""source_security_id"": ""8bec089b-b40d-5b71-9931-9cc227dee17e"", ""symbol_changes"": []}",RESOLVED,stable identifiers and provider identity preserved by validated POC3 security master
OKE,e7a3ae07-7f9d-527d-8522-03eb3b2fb861,2010-03-15,,ONEOK Inc,BBG000BQHGR6,US6826801036,0001039684,OKE,EODHD HistoricalTickerComponents / POC3 validated,HIGH,"{""dataset"": ""EODHD POC3 validated security master"", ""exception"": null, ""identifiers"": {""CIK"": ""0001039684"", ""CUSIP"": ""682680103"", ""ISIN"": ""US6826801036"", ""LEI"": ""2T3D6M0JSY48PSZI1Q41"", ""OpenFigi"": ""BBG000BQHGR6""}, ""identity_correction"": null, ""identity_evidence"": [""current directory ticker and name compatible""], ""membership_source"": ""HistoricalTickerComponents"", ""provider_symbol"": ""OKE"", ""source_security_id"": ""e7a3ae07-7f9d-527d-8522-03eb3b2fb861"", ""symbol_changes"": []}",RESOLVED,stable identifiers and provider identity preserved by validated POC3 security master
OMC,6a17125e-9b80-55b2-876e-ade090a16bf3,1997-12-31,,Omnicom Group Inc,BBG000BS9489,US6819191064,0000029989,OMC,EODHD HistoricalTickerComponents / POC3 validated,HIGH,"{""dataset"": ""EODHD POC3 validated security master"", ""exception"": null, ""identifiers"": {""CIK"": ""0000029989"", ""CUSIP"": ""681919106"", ""ISIN"": ""US6819191064"", ""LEI"": ""HKUPACFHSSASQK8HLS17"", ""OpenFigi"": ""BBG000BS9489""}, ""identity_correction"": null, ""identity_evidence"": [""current directory ticker and name compatible""], ""membership_source"": ""HistoricalTickerComponents"", ""provider_symbol"": ""OMC"", ""source_security_id"": ""6a17125e-9b80-55b2-876e-ade090a16bf3"", ""symbol_changes"": []}",RESOLVED,stable identifiers and provider identity preserved by validated POC3 security master
ON,0ad2942a-be45-5dc6-87bf-ef70b3b9ac3e,2022-06-21,,ON Semiconductor Corporation,BBG000DV7MX4,US6821891057,0001097864,ON,EODHD HistoricalTickerComponents / POC3 validated,HIGH,"{""dataset"": ""EODHD POC3 validated security master"", ""exception"": null, ""identifiers"": {""CIK"": ""0001097864"", ""CUSIP"": ""682189105"", ""ISIN"": ""US6821891057"", ""LEI"": ""ZV20P4CNJVT8V1ZGJ064"", ""OpenFigi"": ""BBG000DV7MX4""}, ""identity_correction"": null, ""identity_evidence"": [""current directory ticker and name compatible""], ""membership_source"": ""HistoricalTickerComponents"", ""provider_symbol"": ""ON"", ""source_security_id"": ""0ad2942a-be45-5dc6-87bf-ef70b3b9ac3e"", ""symbol_changes"": []}",RESOLVED,stable identifiers and provider identity preserved by validated POC3 security master
ONL,e2dac637-8460-52b5-9db5-80ceddfbe6b7,2021-11-15,2021-11-16,Orion Office Reit Inc,BBG0118JXCD9,US68629Y1038,0001873923,ONL,EODHD HistoricalTickerComponents / POC3 validated,HIGH,"{""dataset"": ""EODHD POC3 validated security master"", ""exception"": null, ""identifiers"": {""CIK"": ""0001873923"", ""CUSIP"": ""68629Y103"", ""ISIN"": ""US68629Y1038"", ""OpenFigi"": ""BBG0118JXCD9""}, ""identity_correction"": null, ""identity_evidence"": [""no exact safe current/delisted instrument mapping"", ""exact ticker used as candidate pending fundamentals validation""], ""membership_source"": ""HistoricalTickerComponents"", ""provider_symbol"": ""ONL"", ""source_security_id"": ""e2dac637-8460-52b5-9db5-80ceddfbe6b7"", ""symbol_changes"": []}",RESOLVED,stable identifiers and provider identity preserved by validated POC3 security master
ORCL,8bf63ab3-57dd-5247-95d4-553356ec4fee,1989-08-31,,Oracle Corporation,BBG000BQLTW7,US68389X1054,0001341439,ORCL,EODHD HistoricalTickerComponents / POC3 validated,HIGH,"{""dataset"": ""EODHD POC3 validated security master"", ""exception"": null, ""identifiers"": {""CIK"": ""0001341439"", ""CUSIP"": ""68389X105"", ""ISIN"": ""US68389X1054"", ""LEI"": ""1Z4GXXU7ZHVWFCD8TV52"", ""OpenFigi"": ""BBG000BQLTW7""}, ""identity_correction"": null, ""identity_evidence"": [""current directory ticker and name compatible""], ""membership_source"": ""HistoricalTickerComponents"", ""provider_symbol"": ""ORCL"", ""source_security_id"": ""8bf63ab3-57dd-5247-95d4-553356ec4fee"", ""symbol_changes"": []}",RESOLVED,stable identifiers and provider identity preserved by validated POC3 security master
ORLY,8c2793c6-3f37-5686-a4df-34f8b2d2b31c,2009-03-27,,O’Reilly Automotive Inc,BBG000BGYWY6,US67103H1077,0000898173,ORLY,EODHD HistoricalTickerComponents / POC3 validated,HIGH,"{""dataset"": ""EODHD POC3 validated security master"", ""exception"": null, ""identifiers"": {""CIK"": ""0000898173"", ""CUSIP"": ""686091109"", ""ISIN"": ""US67103H1077"", ""LEI"": ""549300K2RLMQL149Q332"", ""OpenFigi"": ""BBG000BGYWY6""}, ""identity_correction"": null, ""identity_evidence"": [""current directory ticker and name compatible""], ""membership_source"": ""HistoricalTickerComponents"", ""provider_symbol"": ""ORLY"", ""source_security_id"": ""8c2793c6-3f37-5686-a4df-34f8b2d2b31c"", ""symbol_changes"": []}",RESOLVED,stable identifiers and provider identity preserved by validated POC3 security master
OTIS,f8a74b92-45f0-510c-ab1d-bf8d9e9c5b6f,2020-04-03,,Otis Worldwide Corp,BBG00RP60KV0,US68902V1070,0001781335,OTIS,EODHD HistoricalTickerComponents / POC3 validated,HIGH,"{""dataset"": ""EODHD POC3 validated security master"", ""exception"": null, ""identifiers"": {""CIK"": ""0001781335"", ""CUSIP"": ""68902V107"", ""ISIN"": ""US68902V1070"", ""LEI"": ""549300ZLBKR8VSU25153"", ""OpenFigi"": ""BBG00RP60KV0""}, ""identity_correction"": null, ""identity_evidence"": [""current directory ticker and name compatible""], ""membership_source"": ""HistoricalTickerComponents"", ""provider_symbol"": ""OTIS"", ""source_security_id"": ""f8a74b92-45f0-510c-ab1d-bf8d9e9c5b6f"", ""symbol_changes"": []}",RESOLVED,stable identifiers and provider identity preserved by validated POC3 security master
OXY,acb67a5c-83d5-5c7d-a189-706cfbe3a1eb,1957-03-04,,Occidental Petroleum Corporation,BBG000BQQ2S6,US6745991058,0000797468,OXY,EODHD HistoricalTickerComponents / POC3 validated,HIGH,"{""dataset"": ""EODHD POC3 validated security master"", ""exception"": null, ""identifiers"": {""CIK"": ""0000797468"", ""CUSIP"": ""674599790"", ""ISIN"": ""US6745991058"", ""LEI"": ""IM7X0T3ECJW4C1T7ON55"", ""OpenFigi"": ""BBG000BQQ2S6""}, ""identity_correction"": null, ""identity_evidence"": [""current directory ticker and name compatible""], ""membership_source"": ""HistoricalTickerComponents"", ""provider_symbol"": ""OXY"", ""source_security_id"": ""acb67a5c-83d5-5c7d-a189-706cfbe3a1eb"", ""symbol_changes"": []}",RESOLVED,stable identifiers and provider identity preserved by validated POC3 security master
P,562e86eb-d5db-52bb-96f1-5e3e3f3ac8cf,2026-09-21,,"Everpure, Inc.",BBG00212PVZ5,US74624M1027,,P,EODHD HistoricalTickerComponents / POC3 validated,HIGH,"{""dataset"": ""EODHD POC3 validated security master"", ""exception"": null, ""identifiers"": {""ISIN"": ""US74624M1027"", ""LEI"": ""549300NPDB0BZTK3WO90"", ""OpenFigi"": ""BBG00212PVZ5""}, ""identity_correction"": null, ""identity_evidence"": [""no exact safe current/delisted instrument mapping"", ""exact ticker used as candidate pending fundamentals validation""], ""membership_source"": ""HistoricalTickerComponents"", ""provider_symbol"": ""P"", ""source_security_id"": ""562e86eb-d5db-52bb-96f1-5e3e3f3ac8cf"", ""symbol_changes"": [{""company_name"": ""Everpure, Inc. Class A common stock"", ""effective"": ""2026-04-17"", ""exchange"": ""US"", ""new_symbol"": ""P"", ""old_symbol"": ""PSTG""}]}",RESOLVED,stable identifiers and provider identity preserved by validated POC3 security master
PANW,bdede65b-e30b-5473-837a-f5356e3850ae,2023-06-20,,Palo Alto Networks Inc,BBG0014GJCT9,US6974351057,0001327567,PANW,EODHD HistoricalTickerComponents / POC3 validated,HIGH,"{""dataset"": ""EODHD POC3 validated security master"", ""exception"": null, ""identifiers"": {""CIK"": ""0001327567"", ""CUSIP"": ""697435105"", ""ISIN"": ""US6974351057"", ""LEI"": ""549300QXR2YVZV231H43"", ""OpenFigi"": ""BBG0014GJCT9""}, ""identity_correction"": null, ""identity_evidence"": [""current directory ticker and name compatible""], ""membership_source"": ""HistoricalTickerComponents"", ""provider_symbol"": ""PANW"", ""source_security_id"": ""bdede65b-e30b-5473-837a-f5356e3850ae"", ""symbol_changes"": []}",RESOLVED,stable identifiers and provider identity preserved by validated POC3 security master
PAYC,e1aaf78a-be80-57e6-87c8-e25199e9150c,2020-01-28,2026-03-23,"Paycom Software, Inc.",BBG0064N0ZZ5,US70432V1026,0001590955,PAYC,EODHD HistoricalTickerComponents / POC3 validated,HIGH,"{""dataset"": ""EODHD POC3 validated security master"", ""exception"": null, ""identifiers"": {""CIK"": ""0001590955"", ""CUSIP"": ""70432V102"", ""ISIN"": ""US70432V1026"", ""LEI"": ""254900LSB0HNJUDC6Q18"", ""OpenFigi"": ""BBG0064N0ZZ5""}, ""identity_correction"": null, ""identity_evidence"": [""no exact safe current/delisted instrument mapping"", ""exact ticker used as candidate pending fundamentals validation""], ""membership_source"": ""HistoricalTickerComponents"", ""provider_symbol"": ""PAYC"", ""source_security_id"": ""e1aaf78a-be80-57e6-87c8-e25199e9150c"", ""symbol_changes"": []}",RESOLVED,stable identifiers and provider identity preserved by validated POC3 security master
PAYX,e607ebe4-9786-5c79-a0cf-3b4b8cc5c53c,1998-10-01,,Paychex Inc,BBG000BQSQ38,US7043261079,0000723531,PAYX,EODHD HistoricalTickerComponents / POC3 validated,HIGH,"{""dataset"": ""EODHD POC3 validated security master"", ""exception"": null, ""identifiers"": {""CIK"": ""0000723531"", ""CUSIP"": ""704326107"", ""ISIN"": ""US7043261079"", ""LEI"": ""529900K900DW6SUBM174"", ""OpenFigi"": ""BBG000BQSQ38""}, ""identity_correction"": null, ""identity_evidence"": [""current directory ticker and name compatible""], ""membership_source"": ""HistoricalTickerComponents"", ""provider_symbol"": ""PAYX"", ""source_security_id"": ""e607ebe4-9786-5c79-a0cf-3b4b8cc5c53c"", ""symbol_changes"": []}",RESOLVED,stable identifiers and provider identity preserved by validated POC3 security master
PBCT,53e220a1-48bd-5a58-813e-dfe2a190f961,2012-04-01,2022-04-04,People's United Financial Inc,,US7127041058,0001378946,PBCT,EODHD HistoricalTickerComponents / POC3 validated,HIGH,"{""dataset"": ""EODHD POC3 validated security master"", ""exception"": null, ""identifiers"": {""CIK"": ""0001378946"", ""CUSIP"": ""712704105"", ""ISIN"": ""US7127041058"", ""LEI"": ""ROPY7PEPIPIDJNF0BO69""}, ""identity_correction"": null, ""identity_evidence"": [""delisted directory ticker and name compatible""], ""membership_source"": ""HistoricalTickerComponents"", ""provider_symbol"": ""PBCT"", ""source_security_id"": ""53e220a1-48bd-5a58-813e-dfe2a190f961"", ""symbol_changes"": []}",RESOLVED,stable identifiers and provider identity preserved by validated POC3 security master
PCAR,b2dfa524-a26b-5660-895b-bfef99fea467,1980-12-31,,PACCAR Inc,BBG000BQVTF5,US6937181088,0000075362,PCAR,EODHD HistoricalTickerComponents / POC3 validated,HIGH,"{""dataset"": ""EODHD POC3 validated security master"", ""exception"": null, ""identifiers"": {""CIK"": ""0000075362"", ""CUSIP"": ""693718108"", ""ISIN"": ""US6937181088"", ""LEI"": ""KDTEY8BWE486IKZ3CC07"", ""OpenFigi"": ""BBG000BQVTF5""}, ""identity_correction"": null, ""identity_evidence"": [""current directory ticker and name compatible""], ""membership_source"": ""HistoricalTickerComponents"", ""provider_symbol"": ""PCAR"", ""source_security_id"": ""b2dfa524-a26b-5660-895b-bfef99fea467"", ""symbol_changes"": []}",RESOLVED,stable identifiers and provider identity preserved by validated POC3 security master
PCG,8fcd7952-be18-5264-91fc-ff4239759fac,2022-10-03,,PG&E Corp,BBG000BQWPC5,US69331C1080,0001004980,PCG,EODHD HistoricalTickerComponents / POC3 validated,HIGH,"{""dataset"": ""EODHD POC3 validated security master"", ""exception"": null, ""identifiers"": {""CIK"": ""0001004980"", ""CUSIP"": ""69331C108"", ""ISIN"": ""US69331C1080"", ""LEI"": ""8YQ2GSDWYZXO2EDN3511"", ""OpenFigi"": ""BBG000BQWPC5""}, ""identity_correction"": null, ""identity_evidence"": [""current directory ticker and name compatible""], ""membership_source"": ""HistoricalTickerComponents"", ""provider_symbol"": ""PCG"", ""source_security_id"": ""8fcd7952-be18-5264-91fc-ff4239759fac"", ""symbol_changes"": []}",RESOLVED,stable identifiers and provider identity preserved by validated POC3 security master
PEG,8a9dac3a-3c88-5480-9013-f44ceed3e0ae,1957-03-04,,Public Service Enterprise Group Inc,BBG000BQZMH4,US7445731067,0000788784,PEG,EODHD HistoricalTickerComponents / POC3 validated,HIGH,"{""dataset"": ""EODHD POC3 validated security master"", ""exception"": null, ""identifiers"": {""CIK"": ""0000788784"", ""CUSIP"": ""744573106"", ""ISIN"": ""US7445731067"", ""LEI"": ""PUSS41EMO3E6XXNV3U28"", ""OpenFigi"": ""BBG000BQZMH4""}, ""identity_correction"": null, ""identity_evidence"": [""current directory ticker and name compatible""], ""membership_source"": ""HistoricalTickerComponents"", ""provider_symbol"": ""PEG"", ""source_security_id"": ""8a9dac3a-3c88-5480-9013-f44ceed3e0ae"", ""symbol_changes"": []}",RESOLVED,stable identifiers and provider identity preserved by validated POC3 security master
PENN,9a9790ce-0be2-599e-a1c0-6036e0fc18ef,2021-03-22,2022-09-19,Penn National Gaming Inc,BBG000CDZLV8,US7075691094,0000921738,PENN,EODHD HistoricalTickerComponents / POC3 validated,HIGH,"{""dataset"": ""EODHD POC3 validated security master"", ""exception"": null, ""identifiers"": {""CIK"": ""0000921738"", ""CUSIP"": ""707569109"", ""ISIN"": ""US7075691094"", ""OpenFigi"": ""BBG000CDZLV8""}, ""identity_correction"": null, ""identity_evidence"": [""no exact safe current/delisted instrument mapping"", ""exact ticker used as candidate pending fundamentals validation""], ""membership_source"": ""HistoricalTickerComponents"", ""provider_symbol"": ""PENN"", ""source_security_id"": ""9a9790ce-0be2-599e-a1c0-6036e0fc18ef"", ""symbol_changes"": []}",RESOLVED,stable identifiers and provider identity preserved by validated POC3 security master
PEP,0d17e4e1-e73a-55a3-a8c1-d306d63c7d80,1957-03-04,,PepsiCo Inc,BBG000DH7JK6,US7134481081,0000077476,PEP,EODHD HistoricalTickerComponents / POC3 validated,HIGH,"{""dataset"": ""EODHD POC3 validated security master"", ""exception"": null, ""identifiers"": {""CIK"": ""0000077476"", ""CUSIP"": ""713448108"", ""ISIN"": ""US7134481081"", ""LEI"": ""FJSUNZKFNQ5YPJ5OT455"", ""OpenFigi"": ""BBG000DH7JK6""}, ""identity_correction"": null, ""identity_evidence"": [""current directory ticker and name compatible""], ""membership_source"": ""HistoricalTickerComponents"", ""provider_symbol"": ""PEP"", ""source_security_id"": ""0d17e4e1-e73a-55a3-a8c1-d306d63c7d80"", ""symbol_changes"": []}",RESOLVED,stable identifiers and provider identity preserved by validated POC3 security master
PFE,0144de81-0865-583a-85bc-85d9f4c2457e,1957-03-04,,Pfizer Inc,BBG000BR2B91,US7170811035,0000078003,PFE,EODHD HistoricalTickerComponents / POC3 validated,HIGH,"{""dataset"": ""EODHD POC3 validated security master"", ""exception"": null, ""identifiers"": {""CIK"": ""0000078003"", ""CUSIP"": ""717081103"", ""ISIN"": ""US7170811035"", ""LEI"": ""765LHXWGK1KXCLTFYQ30"", ""OpenFigi"": ""BBG000BR2B91""}, ""identity_correction"": null, ""identity_evidence"": [""current directory ticker and name compatible""], ""membership_source"": ""HistoricalTickerComponents"", ""provider_symbol"": ""PFE"", ""source_security_id"": ""0144de81-0865-583a-85bc-85d9f4c2457e"", ""symbol_changes"": []}",RESOLVED,stable identifiers and provider identity preserved by validated POC3 security master
PFG,6082495d-718c-5587-899d-d1826c2bf634,2002-07-22,,Principal Financial Group Inc,BBG000NSCNT7,US74251V1026,0001126328,PFG,EODHD HistoricalTickerComponents / POC3 validated,HIGH,"{""dataset"": ""EODHD POC3 validated security master"", ""exception"": null, ""identifiers"": {""CIK"": ""0001126328"", ""CUSIP"": ""74251V102"", ""ISIN"": ""US74251V1026"", ""LEI"": ""CUMYEZJOAF02RYZ1JJ85"", ""OpenFigi"": ""BBG000NSCNT7""}, ""identity_correction"": null, ""identity_evidence"": [""current directory ticker and name compatible""], ""membership_source"": ""HistoricalTickerComponents"", ""provider_symbol"": ""PFG"", ""source_security_id"": ""6082495d-718c-5587-899d-d1826c2bf634"", ""symbol_changes"": []}",RESOLVED,stable identifiers and provider identity preserved by validated POC3 security master
PG,9bfb4fad-1d68-5da6-83f1-ed8f98151920,1957-03-04,,Procter & Gamble Company,BBG000BR2TH3,US7427181091,0000080424,PG,EODHD HistoricalTickerComponents / POC3 validated,HIGH,"{""dataset"": ""EODHD POC3 validated security master"", ""exception"": null, ""identifiers"": {""CIK"": ""0000080424"", ""CUSIP"": ""742718109"", ""ISIN"": ""US7427181091"", ""LEI"": ""2572IBTT8CCZW6AU4141"", ""OpenFigi"": ""BBG000BR2TH3""}, ""identity_correction"": null, ""identity_evidence"": [""current directory ticker and name compatible""], ""membership_source"": ""HistoricalTickerComponents"", ""provider_symbol"": ""PG"", ""source_security_id"": ""9bfb4fad-1d68-5da6-83f1-ed8f98151920"", ""symbol_changes"": []}",RESOLVED,stable identifiers and provider identity preserved by validated POC3 security master
PGR,77598165-3ef5-549a-a3cd-5f20fd63a4c6,1997-08-04,,Progressive Corp,BBG000BR37X2,US7433151039,0000080661,PGR,EODHD HistoricalTickerComponents / POC3 validated,HIGH,"{""dataset"": ""EODHD POC3 validated security master"", ""exception"": null, ""identifiers"": {""CIK"": ""0000080661"", ""CUSIP"": ""743315103"", ""ISIN"": ""US7433151039"", ""LEI"": ""529900TACNVLY9DCR586"", ""OpenFigi"": ""BBG000BR37X2""}, ""identity_correction"": null, ""identity_evidence"": [""current directory ticker and name compatible""], ""membership_source"": ""HistoricalTickerComponents"", ""provider_symbol"": ""PGR"", ""source_security_id"": ""77598165-3ef5-549a-a3cd-5f20fd63a4c6"", ""symbol_changes"": []}",RESOLVED,stable identifiers and provider identity preserved by validated POC3 security master
PH,da6a12be-db48-575d-9747-409f4ba19f66,1985-11-30,,Parker-Hannifin Corporation,BBG000BR3KL6,US7010941042,0000076334,PH,EODHD HistoricalTickerComponents / POC3 validated,HIGH,"{""dataset"": ""EODHD POC3 validated security master"", ""exception"": null, ""identifiers"": {""CIK"": ""0000076334"", ""CUSIP"": ""701094104"", ""ISIN"": ""US7010941042"", ""LEI"": ""5493002CONDB4N2HKI23"", ""OpenFigi"": ""BBG000BR3KL6""}, ""identity_correction"": null, ""identity_evidence"": [""current directory ticker and name compatible""], ""membership_source"": ""HistoricalTickerComponents"", ""provider_symbol"": ""PH"", ""source_security_id"": ""da6a12be-db48-575d-9747-409f4ba19f66"", ""symbol_changes"": []}",RESOLVED,stable identifiers and provider identity preserved by validated POC3 security master
PHIN,d2405901-298f-5b6b-a3cb-0cdd2863507e,2023-07-05,2023-07-06,PHINIA Inc.,BBG01F6N6NM7,US71880K1016,0001968915,PHIN,EODHD HistoricalTickerComponents / POC3 validated,HIGH,"{""dataset"": ""EODHD POC3 validated security master"", ""exception"": null, ""identifiers"": {""CIK"": ""0001968915"", ""ISIN"": ""US71880K1016"", ""OpenFigi"": ""BBG01F6N6NM7""}, ""identity_correction"": null, ""identity_evidence"": [""no exact safe current/delisted instrument mapping"", ""exact ticker used as candidate pending fundamentals validation""], ""membership_source"": ""HistoricalTickerComponents"", ""provider_symbol"": ""PHIN"", ""source_security_id"": ""d2405901-298f-5b6b-a3cb-0cdd2863507e"", ""symbol_changes"": []}",RESOLVED,stable identifiers and provider identity preserved by validated POC3 security master
PHM,09cab12a-e115-52e3-9082-07e0fddbb2a6,1984-04-30,,PulteGroup Inc,BBG000BR54L0,US7458671010,0000822416,PHM,EODHD HistoricalTickerComponents / POC3 validated,HIGH,"{""dataset"": ""EODHD POC3 validated security master"", ""exception"": null, ""identifiers"": {""CIK"": ""0000822416"", ""CUSIP"": ""745867200"", ""ISIN"": ""US7458671010"", ""OpenFigi"": ""BBG000BR54L0""}, ""identity_correction"": null, ""identity_evidence"": [""current directory ticker and name compatible""], ""membership_source"": ""HistoricalTickerComponents"", ""provider_symbol"": ""PHM"", ""source_security_id"": ""09cab12a-e115-52e3-9082-07e0fddbb2a6"", ""symbol_changes"": []}",RESOLVED,stable identifiers and provider identity preserved by validated POC3 security master
PKG,fe582b35-682f-5622-9847-f6b49a08dde5,2017-07-26,,Packaging Corp of America,BBG000BB8SW7,US6951561090,0000075677,PKG,EODHD HistoricalTickerComponents / POC3 validated,HIGH,"{""dataset"": ""EODHD POC3 validated security master"", ""exception"": null, ""identifiers"": {""CIK"": ""0000075677"", ""CUSIP"": ""695156109"", ""ISIN"": ""US6951561090"", ""LEI"": ""549300XZP8MFZFY8TJ84"", ""OpenFigi"": ""BBG000BB8SW7""}, ""identity_correction"": null, ""identity_evidence"": [""current directory ticker and name compatible""], ""membership_source"": ""HistoricalTickerComponents"", ""provider_symbol"": ""PKG"", ""source_security_id"": ""fe582b35-682f-5622-9847-f6b49a08dde5"", ""symbol_changes"": []}",RESOLVED,stable identifiers and provider identity preserved by validated POC3 security master
PLD,6268445f-216d-55e2-a3b8-a0714e28873a,2003-07-17,,Prologis Inc,BBG000B9Z0J8,US74340W1036,0001045609,PLD,EODHD HistoricalTickerComponents / POC3 validated,HIGH,"{""dataset"": ""EODHD POC3 validated security master"", ""exception"": null, ""identifiers"": {""CIK"": ""0001045609"", ""CUSIP"": ""74340W103"", ""ISIN"": ""US74340W1036"", ""LEI"": ""529900DFH19P073LZ636"", ""OpenFigi"": ""BBG000B9Z0J8""}, ""identity_correction"": null, ""identity_evidence"": [""current directory ticker and name compatible""], ""membership_source"": ""HistoricalTickerComponents"", ""provider_symbol"": ""PLD"", ""source_security_id"": ""6268445f-216d-55e2-a3b8-a0714e28873a"", ""symbol_changes"": []}",RESOLVED,stable identifiers and provider identity preserved by validated POC3 security master
PLTR,8476d821-9f99-5530-be5d-3cc1692a31de,2024-09-23,,Palantir Technologies Inc.,BBG000N7QR55,US69608A1088,0001321655,PLTR,EODHD HistoricalTickerComponents / POC3 validated,HIGH,"{""dataset"": ""EODHD POC3 validated security master"", ""exception"": null, ""identifiers"": {""CIK"": ""0001321655"", ""CUSIP"": ""69608A108"", ""ISIN"": ""US69608A1088"", ""LEI"": ""549300UVN46B3BBDHO85"", ""OpenFigi"": ""BBG000N7QR55""}, ""identity_correction"": null, ""identity_evidence"": [""current directory ticker and name compatible""], ""membership_source"": ""HistoricalTickerComponents"", ""provider_symbol"": ""PLTR"", ""source_security_id"": ""8476d821-9f99-5530-be5d-3cc1692a31de"", ""symbol_changes"": []}",RESOLVED,stable identifiers and provider identity preserved by validated POC3 security master
PM,51531aca-858d-5ff5-b9ca-fe28d7cb8c4f,2008-03-31,,Philip Morris International Inc,BBG000J2XL74,US7181721090,0001413329,PM,EODHD HistoricalTickerComponents / POC3 validated,HIGH,"{""dataset"": ""EODHD POC3 validated security master"", ""exception"": null, ""identifiers"": {""CIK"": ""0001413329"", ""CUSIP"": ""718172109"", ""ISIN"": ""US7181721090"", ""LEI"": ""HL3H1H2BGXWVG3BSWR90"", ""OpenFigi"": ""BBG000J2XL74""}, ""identity_correction"": null, ""identity_evidence"": [""current directory ticker and name compatible""], ""membership_source"": ""HistoricalTickerComponents"", ""provider_symbol"": ""PM"", ""source_security_id"": ""51531aca-858d-5ff5-b9ca-fe28d7cb8c4f"", ""symbol_changes"": []}",RESOLVED,stable identifiers and provider identity preserved by validated POC3 security master
PNC,59677aa6-df15-5728-969c-b0736e011364,1988-04-30,,PNC Financial Services Group Inc,BBG000BRD0D8,US6934751057,0000713676,PNC,EODHD HistoricalTickerComponents / POC3 validated,HIGH,"{""dataset"": ""EODHD POC3 validated security master"", ""exception"": null, ""identifiers"": {""CIK"": ""0000713676"", ""CUSIP"": ""693475105"", ""ISIN"": ""US6934751057"", ""LEI"": ""CFGNEKW0P8842LEUIA51"", ""OpenFigi"": ""BBG000BRD0D8""}, ""identity_correction"": null, ""identity_evidence"": [""current directory ticker and name compatible""], ""membership_source"": ""HistoricalTickerComponents"", ""provider_symbol"": ""PNC"", ""source_security_id"": ""59677aa6-df15-5728-969c-b0736e011364"", ""symbol_changes"": []}",RESOLVED,stable identifiers and provider identity preserved by validated POC3 security master
PNR,7127d023-333a-53f4-aa56-1bc7faf1f11e,2012-10-01,,Pentair PLC,BBG000C221G9,IE00BLS09M33,0000077360,PNR,EODHD HistoricalTickerComponents / POC3 validated,HIGH,"{""dataset"": ""EODHD POC3 validated security master"", ""exception"": null, ""identifiers"": {""CIK"": ""0000077360"", ""CUSIP"": ""709631105"", ""ISIN"": ""IE00BLS09M33"", ""OpenFigi"": ""BBG000C221G9""}, ""identity_correction"": null, ""identity_evidence"": [""current directory ticker and name compatible""], ""membership_source"": ""HistoricalTickerComponents"", ""provider_symbol"": ""PNR"", ""source_security_id"": ""7127d023-333a-53f4-aa56-1bc7faf1f11e"", ""symbol_changes"": []}",RESOLVED,stable identifiers and provider identity preserved by validated POC3 security master
PNW,81b2be0a-3aba-52b7-aa71-95980d5882cb,1999-10-04,,Pinnacle West Capital Corp,BBG000BRDSX5,US7234841010,0000764622,PNW,EODHD HistoricalTickerComponents / POC3 validated,HIGH,"{""dataset"": ""EODHD POC3 validated security master"", ""exception"": null, ""identifiers"": {""CIK"": ""0000764622"", ""CUSIP"": ""723484101"", ""ISIN"": ""US7234841010"", ""LEI"": ""TWSEY0NEDUDCKS27AH81"", ""OpenFigi"": ""BBG000BRDSX5""}, ""identity_correction"": null, ""identity_evidence"": [""current directory ticker and name compatible""], ""membership_source"": ""HistoricalTickerComponents"", ""provider_symbol"": ""PNW"", ""source_security_id"": ""81b2be0a-3aba-52b7-aa71-95980d5882cb"", ""symbol_changes"": []}",RESOLVED,stable identifiers and provider identity preserved by validated POC3 security master
PODD,d1cca836-7a69-5fb1-9528-711f10faa811,2023-03-15,,Insulet Corporation,BBG000R7XX87,US45784P1012,0001145197,PODD,EODHD HistoricalTickerComponents / POC3 validated,HIGH,"{""dataset"": ""EODHD POC3 validated security master"", ""exception"": null, ""identifiers"": {""CIK"": ""0001145197"", ""CUSIP"": ""45784P101"", ""ISIN"": ""US45784P1012"", ""LEI"": ""549300TZTYD2PYN92D43"", ""OpenFigi"": ""BBG000R7XX87""}, ""identity_correction"": null, ""identity_evidence"": [""current directory ticker and name compatible""], ""membership_source"": ""HistoricalTickerComponents"", ""provider_symbol"": ""PODD"", ""source_security_id"": ""d1cca836-7a69-5fb1-9528-711f10faa811"", ""symbol_changes"": []}",RESOLVED,stable identifiers and provider identity preserved by validated POC3 security master
POOL,c8ac1c56-3556-584f-8f19-1a0ec40f9e81,2020-10-07,2026-06-22,Pool Corporation,BBG000BCVG28,US73278L1052,0000945841,POOL,EODHD HistoricalTickerComponents / POC3 validated,HIGH,"{""dataset"": ""EODHD POC3 validated security master"", ""exception"": null, ""identifiers"": {""CIK"": ""0000945841"", ""CUSIP"": ""784028102"", ""ISIN"": ""US73278L1052"", ""LEI"": ""5493005VZK1KMN6CO617"", ""OpenFigi"": ""BBG000BCVG28""}, ""identity_correction"": null, ""identity_evidence"": [""no exact safe current/delisted instrument mapping"", ""exact ticker used as candidate pending fundamentals validation""], ""membership_source"": ""HistoricalTickerComponents"", ""provider_symbol"": ""POOL"", ""source_security_id"": ""c8ac1c56-3556-584f-8f19-1a0ec40f9e81"", ""symbol_changes"": []}",RESOLVED,stable identifiers and provider identity preserved by validated POC3 security master
PPG,367257ac-60fc-544f-b1e8-c6bbd3b33db9,1957-03-04,,PPG Industries Inc,BBG000BRJ809,US6935061076,0000079879,PPG,EODHD HistoricalTickerComponents / POC3 validated,HIGH,"{""dataset"": ""EODHD POC3 validated security master"", ""exception"": null, ""identifiers"": {""CIK"": ""0000079879"", ""CUSIP"": ""693506107"", ""ISIN"": ""US6935061076"", ""LEI"": ""549300BKPEP01R3V6C59"", ""OpenFigi"": ""BBG000BRJ809""}, ""identity_correction"": null, ""identity_evidence"": [""current directory ticker and name compatible""], ""membership_source"": ""HistoricalTickerComponents"", ""provider_symbol"": ""PPG"", ""source_security_id"": ""367257ac-60fc-544f-b1e8-c6bbd3b33db9"", ""symbol_changes"": []}",RESOLVED,stable identifiers and provider identity preserved by validated POC3 security master
PPL,17ed6f9f-ab8f-5a1d-9d3d-1bd2aeba5801,2001-10-01,,PPL Corporation,BBG000BRJL00,US69351T1060,0000922224,PPL,EODHD HistoricalTickerComponents / POC3 validated,HIGH,"{""dataset"": ""EODHD POC3 validated security master"", ""exception"": null, ""identifiers"": {""CIK"": ""0000922224"", ""CUSIP"": ""693499105"", ""ISIN"": ""US69351T1060"", ""LEI"": ""9N3UAJSNOUXFKQLF3V18"", ""OpenFigi"": ""BBG000BRJL00""}, ""identity_correction"": null, ""identity_evidence"": [""current directory ticker and name compatible""], ""membership_source"": ""HistoricalTickerComponents"", ""provider_symbol"": ""PPL"", ""source_security_id"": ""17ed6f9f-ab8f-5a1d-9d3d-1bd2aeba5801"", ""symbol_changes"": []}",RESOLVED,stable identifiers and provider identity preserved by validated POC3 security master
PRU,5d36dee5-f47a-5c6c-823a-2746ea793e40,2002-07-22,,"Prudential Financial, Inc.",BBG000HCJMF9,US7443201022,0001137774,PRU,EODHD HistoricalTickerComponents / POC3 validated,HIGH,"{""dataset"": ""EODHD POC3 validated security master"", ""exception"": null, ""identifiers"": {""CIK"": ""0001137774"", ""CUSIP"": ""744320AG7"", ""ISIN"": ""US7443201022"", ""LEI"": ""5PRBRS5FEH7NREC8OR45"", ""OpenFigi"": ""BBG000HCJMF9""}, ""identity_correction"": null, ""identity_evidence"": [""current directory ticker and name compatible""], ""membership_source"": ""HistoricalTickerComponents"", ""provider_symbol"": ""PRU"", ""source_security_id"": ""5d36dee5-f47a-5c6c-823a-2746ea793e40"", ""symbol_changes"": []}",RESOLVED,stable identifiers and provider identity preserved by validated POC3 security master
PSA,3e4019f4-dcbc-55bc-83ef-bdbd08e44bef,2005-08-19,,Public Storage,BBG000BPPN67,US74460D1090,0001393311,PSA,EODHD HistoricalTickerComponents / POC3 validated,HIGH,"{""dataset"": ""EODHD POC3 validated security master"", ""exception"": null, ""identifiers"": {""CIK"": ""0001393311"", ""CUSIP"": ""74460D729"", ""ISIN"": ""US74460D1090"", ""LEI"": ""549300LMZF40TKJ6DM64"", ""OpenFigi"": ""BBG000BPPN67""}, ""identity_correction"": null, ""identity_evidence"": [""current directory ticker and name compatible""], ""membership_source"": ""HistoricalTickerComponents"", ""provider_symbol"": ""PSA"", ""source_security_id"": ""3e4019f4-dcbc-55bc-83ef-bdbd08e44bef"", ""symbol_changes"": []}",RESOLVED,stable identifiers and provider identity preserved by validated POC3 security master
PSKY,acf7f3e5-6099-5820-8a93-0675416322c3,1994-09-30,,Paramount Skydance Corporation Class B Common Stock,BBG01VS5NK99,US69932A2042,,PSKY,EODHD HistoricalTickerComponents / POC3 validated,HIGH,"{""dataset"": ""EODHD POC3 validated security master"", ""exception"": null, ""identifiers"": {""ISIN"": ""US69932A2042"", ""OpenFigi"": ""BBG01VS5NK99""}, ""identity_correction"": null, ""identity_evidence"": [""current directory ticker and name compatible""], ""membership_source"": ""HistoricalTickerComponents"", ""provider_symbol"": ""PSKY"", ""source_security_id"": ""acf7f3e5-6099-5820-8a93-0675416322c3"", ""symbol_changes"": []}",RESOLVED,stable identifiers and provider identity preserved by validated POC3 security master
PSX,aa8d295e-f184-5a71-ac22-ce3d537de90f,2012-05-01,,Phillips 66,BBG00286S4N9,US7185461040,0001534701,PSX,EODHD HistoricalTickerComponents / POC3 validated,HIGH,"{""dataset"": ""EODHD POC3 validated security master"", ""exception"": null, ""identifiers"": {""CIK"": ""0001534701"", ""CUSIP"": ""743627101"", ""ISIN"": ""US7185461040"", ""LEI"": ""5493005JBO5YSIGK1814"", ""OpenFigi"": ""BBG00286S4N9""}, ""identity_correction"": null, ""identity_evidence"": [""current directory ticker and name compatible""], ""membership_source"": ""HistoricalTickerComponents"", ""provider_symbol"": ""PSX"", ""source_security_id"": ""aa8d295e-f184-5a71-ac22-ce3d537de90f"", ""symbol_changes"": []}",RESOLVED,stable identifiers and provider identity preserved by validated POC3 security master
PTC,62fadcaa-341a-53ad-9e1f-8b22abeb8173,2021-04-20,,PTC Inc,BBG000C2VBB0,US69370C1009,0000857005,PTC,EODHD HistoricalTickerComponents / POC3 validated,HIGH,"{""dataset"": ""EODHD POC3 validated security master"", ""exception"": null, ""identifiers"": {""CIK"": ""0000857005"", ""CUSIP"": ""699173100"", ""ISIN"": ""US69370C1009"", ""LEI"": ""54930050SSMU8SKDJ030"", ""OpenFigi"": ""BBG000C2VBB0""}, ""identity_correction"": null, ""identity_evidence"": [""current directory ticker and name compatible""], ""membership_source"": ""HistoricalTickerComponents"", ""provider_symbol"": ""PTC"", ""source_security_id"": ""62fadcaa-341a-53ad-9e1f-8b22abeb8173"", ""symbol_changes"": []}",RESOLVED,stable identifiers and provider identity preserved by validated POC3 security master
PVH,c1b60e43-a458-59ac-96d6-ccb0ef476bbb,2013-02-14,2022-09-19,PVH Corp,BBG000BRRG02,US6936561009,0000078239,PVH,EODHD HistoricalTickerComponents / POC3 validated,HIGH,"{""dataset"": ""EODHD POC3 validated security master"", ""exception"": null, ""identifiers"": {""CIK"": ""0000078239"", ""CUSIP"": ""718592108"", ""ISIN"": ""US6936561009"", ""LEI"": ""123WALMHY1GZXG2YDL90"", ""OpenFigi"": ""BBG000BRRG02""}, ""identity_correction"": null, ""identity_evidence"": [""no exact safe current/delisted instrument mapping"", ""exact ticker used as candidate pending fundamentals validation""], ""membership_source"": ""HistoricalTickerComponents"", ""provider_symbol"": ""PVH"", ""source_security_id"": ""c1b60e43-a458-59ac-96d6-ccb0ef476bbb"", ""symbol_changes"": []}",RESOLVED,stable identifiers and provider identity preserved by validated POC3 security master
PWR,b80b0bfc-8f21-53a4-b061-3952781a9ea9,2009-07-01,,Quanta Services Inc,BBG000BBL8V7,US74762E1029,0001050915,PWR,EODHD HistoricalTickerComponents / POC3 validated,HIGH,"{""dataset"": ""EODHD POC3 validated security master"", ""exception"": null, ""identifiers"": {""CIK"": ""0001050915"", ""CUSIP"": ""74762E102"", ""ISIN"": ""US74762E1029"", ""LEI"": ""SHVRXXEACT60MMH07S24"", ""OpenFigi"": ""BBG000BBL8V7""}, ""identity_correction"": null, ""identity_evidence"": [""current directory ticker and name compatible""], ""membership_source"": ""HistoricalTickerComponents"", ""provider_symbol"": ""PWR"", ""source_security_id"": ""b80b0bfc-8f21-53a4-b061-3952781a9ea9"", ""symbol_changes"": []}",RESOLVED,stable identifiers and provider identity preserved by validated POC3 security master
PXD,ee6b65a9-2aac-5f5f-af28-0a9941cdd7c0,2008-09-24,2024-05-08,Pioneer Natural Resources Co,BBG000BXRPH1,US7237871071,0001038357,PXD,EODHD HistoricalTickerComponents / POC3 validated,HIGH,"{""dataset"": ""EODHD POC3 validated security master"", ""exception"": null, ""identifiers"": {""CIK"": ""0001038357"", ""CUSIP"": ""723787107"", ""ISIN"": ""US7237871071"", ""LEI"": ""FY8JBF7CCL2VE4F1B628"", ""OpenFigi"": ""BBG000BXRPH1""}, ""identity_correction"": null, ""identity_evidence"": [""delisted directory ticker and name compatible""], ""membership_source"": ""HistoricalTickerComponents"", ""provider_symbol"": ""PXD"", ""source_security_id"": ""ee6b65a9-2aac-5f5f-af28-0a9941cdd7c0"", ""symbol_changes"": []}",RESOLVED,stable identifiers and provider identity preserved by validated POC3 security master
PYPL,862e55a7-cab2-5f9f-9601-d81ab351d08a,2015-07-20,,PayPal Holdings Inc,BBG0077VNXV6,US70450Y1038,0001633917,PYPL,EODHD HistoricalTickerComponents / POC3 validated,HIGH,"{""dataset"": ""EODHD POC3 validated security master"", ""exception"": null, ""identifiers"": {""CIK"": ""0001633917"", ""CUSIP"": ""70450Y103"", ""ISIN"": ""US70450Y1038"", ""LEI"": ""5493005X2GO78EFZ3E94"", ""OpenFigi"": ""BBG0077VNXV6""}, ""identity_correction"": null, ""identity_evidence"": [""current directory ticker and name compatible""], ""membership_source"": ""HistoricalTickerComponents"", ""provider_symbol"": ""PYPL"", ""source_security_id"": ""862e55a7-cab2-5f9f-9601-d81ab351d08a"", ""symbol_changes"": []}",RESOLVED,stable identifiers and provider identity preserved by validated POC3 security master
Q,8d560b0b-f7e2-5e8c-8164-68b8b8830823,2025-11-03,,"Qnity Electronics, Inc",BBG01TRL73S5,US74743L1008,,Q,EODHD HistoricalTickerComponents / POC3 validated,HIGH,"{""dataset"": ""EODHD POC3 validated security master"", ""exception"": null, ""identifiers"": {""ISIN"": ""US74743L1008"", ""OpenFigi"": ""BBG01TRL73S5""}, ""identity_correction"": null, ""identity_evidence"": [""current directory ticker and name compatible""], ""membership_source"": ""HistoricalTickerComponents"", ""provider_symbol"": ""Q"", ""source_security_id"": ""8d560b0b-f7e2-5e8c-8164-68b8b8830823"", ""symbol_changes"": []}",RESOLVED,stable identifiers and provider identity preserved by validated POC3 security master
QCOM,50e7b55c-9ebb-5a4e-9043-338b3ec78dad,1999-07-22,,Qualcomm Incorporated,BBG000CGC1X8,US7475251036,0000804328,QCOM,EODHD HistoricalTickerComponents / POC3 validated,HIGH,"{""dataset"": ""EODHD POC3 validated security master"", ""exception"": null, ""identifiers"": {""CIK"": ""0000804328"", ""CUSIP"": ""747525103"", ""ISIN"": ""US7475251036"", ""LEI"": ""H1J8DDZKZP6H7RWC0H53"", ""OpenFigi"": ""BBG000CGC1X8""}, ""identity_correction"": null, ""identity_evidence"": [""current directory ticker and name compatible""], ""membership_source"": ""HistoricalTickerComponents"", ""provider_symbol"": ""QCOM"", ""source_security_id"": ""50e7b55c-9ebb-5a4e-9043-338b3ec78dad"", ""symbol_changes"": []}",RESOLVED,stable identifiers and provider identity preserved by validated POC3 security master
QRVO,db34c334-d47f-5a4a-a5a3-e0f1c4348eaa,2015-06-12,2024-12-23,Qorvo Inc,BBG007TJF1N7,US74736K1016,0001604778,QRVO,EODHD HistoricalTickerComponents / POC3 validated,HIGH,"{""dataset"": ""EODHD POC3 validated security master"", ""exception"": null, ""identifiers"": {""CIK"": ""0001604778"", ""CUSIP"": ""74736K101"", ""ISIN"": ""US74736K1016"", ""LEI"": ""254900YAUJV2EUEVBR11"", ""OpenFigi"": ""BBG007TJF1N7""}, ""identity_correction"": null, ""identity_evidence"": [""no exact safe current/delisted instrument mapping"", ""exact ticker used as candidate pending fundamentals validation""], ""membership_source"": ""HistoricalTickerComponents"", ""provider_symbol"": ""QRVO"", ""source_security_id"": ""db34c334-d47f-5a4a-a5a3-e0f1c4348eaa"", ""symbol_changes"": []}",RESOLVED,stable identifiers and provider identity preserved by validated POC3 security master
RAL_OLD,f544f9bc-10ad-57db-a0a1-bb6bc6f7f338,2025-06-30,2025-07-01,Ralliant Corporation,,,0000081870,RAL_old,EODHD HistoricalTickerComponents / POC3 validated,HIGH,"{""dataset"": ""EODHD POC3 validated security master"", ""exception"": null, ""identifiers"": {""CIK"": ""0000081870"", ""CUSIP"": ""751277104""}, ""identity_correction"": null, ""identity_evidence"": [""delisted directory ticker and name compatible""], ""membership_source"": ""HistoricalTickerComponents"", ""provider_symbol"": ""RAL_old"", ""source_security_id"": ""f544f9bc-10ad-57db-a0a1-bb6bc6f7f338"", ""symbol_changes"": []}",RESOLVED,stable identifiers and provider identity preserved by validated POC3 security master
RCL,10e4274b-9cff-543e-bbc1-31aa44237ace,2014-12-05,,Royal Caribbean Cruises Ltd,BBG000BB5792,LR0008862868,0000884887,RCL,EODHD HistoricalTickerComponents / POC3 validated,HIGH,"{""dataset"": ""EODHD POC3 validated security master"", ""exception"": null, ""identifiers"": {""CIK"": ""0000884887"", ""CUSIP"": ""V7780T103"", ""ISIN"": ""LR0008862868"", ""LEI"": ""K2NEH8QNVW44JIWK7Z55"", ""OpenFigi"": ""BBG000BB5792""}, ""identity_correction"": null, ""identity_evidence"": [""current directory ticker and name compatible""], ""membership_source"": ""HistoricalTickerComponents"", ""provider_symbol"": ""RCL"", ""source_security_id"": ""10e4274b-9cff-543e-bbc1-31aa44237ace"", ""symbol_changes"": []}",RESOLVED,stable identifiers and provider identity preserved by validated POC3 security master
RDDT,7571930c-3be5-559d-b62b-81db3fdceb0b,2026-08-18,,"Reddit, Inc.",BBG005K1D4S0,US75734B1008,0001713445,RDDT,EODHD HistoricalTickerComponents / POC3 validated,HIGH,"{""dataset"": ""EODHD POC3 validated security master"", ""exception"": null, ""identifiers"": {""CIK"": ""0001713445"", ""CUSIP"": ""75734B100"", ""ISIN"": ""US75734B1008"", ""OpenFigi"": ""BBG005K1D4S0""}, ""identity_correction"": null, ""identity_evidence"": [""no exact safe current/delisted instrument mapping"", ""exact ticker used as candidate pending fundamentals validation""], ""membership_source"": ""HistoricalTickerComponents"", ""provider_symbol"": ""RDDT"", ""source_security_id"": ""7571930c-3be5-559d-b62b-81db3fdceb0b"", ""symbol_changes"": []}",RESOLVED,stable identifiers and provider identity preserved by validated POC3 security master
REG,2cad453f-2fcd-5bb4-bc69-efd4a43bbdb6,2017-03-02,,Regency Centers Corporation,BBG000BL46Q4,US7588491032,0000910606,REG,EODHD HistoricalTickerComponents / POC3 validated,HIGH,"{""dataset"": ""EODHD POC3 validated security master"", ""exception"": null, ""identifiers"": {""CIK"": ""0000910606"", ""CUSIP"": ""758939102"", ""ISIN"": ""US7588491032"", ""LEI"": ""529900053A7X7FJ97S58"", ""OpenFigi"": ""BBG000BL46Q4""}, ""identity_correction"": null, ""identity_evidence"": [""current directory ticker and name compatible""], ""membership_source"": ""HistoricalTickerComponents"", ""provider_symbol"": ""REG"", ""source_security_id"": ""2cad453f-2fcd-5bb4-bc69-efd4a43bbdb6"", ""symbol_changes"": []}",RESOLVED,stable identifiers and provider identity preserved by validated POC3 security master
REGN,8ab82c2e-63f5-52a5-a8d6-acb8f4956b6b,2013-05-01,,Regeneron Pharmaceuticals Inc,BBG000C734W3,US75886F1075,0000872589,REGN,EODHD HistoricalTickerComponents / POC3 validated,HIGH,"{""dataset"": ""EODHD POC3 validated security master"", ""exception"": null, ""identifiers"": {""CIK"": ""0000872589"", ""CUSIP"": ""75886F107"", ""ISIN"": ""US75886F1075"", ""LEI"": ""549300RCBFWIRX3HYQ56"", ""OpenFigi"": ""BBG000C734W3""}, ""identity_correction"": null, ""identity_evidence"": [""current directory ticker and name compatible""], ""membership_source"": ""HistoricalTickerComponents"", ""provider_symbol"": ""REGN"", ""source_security_id"": ""8ab82c2e-63f5-52a5-a8d6-acb8f4956b6b"", ""symbol_changes"": []}",RESOLVED,stable identifiers and provider identity preserved by validated POC3 security master
RF,6ed8afb4-f10f-53f9-abc0-c023c97f7686,1998-08-28,,Regions Financial Corporation,BBG000Q3JN03,US7591EP1005,0001281761,RF,EODHD HistoricalTickerComponents / POC3 validated,HIGH,"{""dataset"": ""EODHD POC3 validated security master"", ""exception"": null, ""identifiers"": {""CIK"": ""0001281761"", ""CUSIP"": ""7591EP100"", ""ISIN"": ""US7591EP1005"", ""LEI"": ""CW05CS5KW59QTC0DG824"", ""OpenFigi"": ""BBG000Q3JN03""}, ""identity_correction"": null, ""identity_evidence"": [""current directory ticker and name compatible""], ""membership_source"": ""HistoricalTickerComponents"", ""provider_symbol"": ""RF"", ""source_security_id"": ""6ed8afb4-f10f-53f9-abc0-c023c97f7686"", ""symbol_changes"": []}",RESOLVED,stable identifiers and provider identity preserved by validated POC3 security master
RHI,0a15344a-c930-5dee-a6e9-528dd0540172,2000-12-05,2024-06-24,Robert Half International Inc,BBG000BS5DR2,US7703231032,0000315213,RHI,EODHD HistoricalTickerComponents / POC3 validated,HIGH,"{""dataset"": ""EODHD POC3 validated security master"", ""exception"": null, ""identifiers"": {""CIK"": ""0000315213"", ""CUSIP"": ""770323103"", ""ISIN"": ""US7703231032"", ""LEI"": ""529900VPCUY9H3HLIC08"", ""OpenFigi"": ""BBG000BS5DR2""}, ""identity_correction"": null, ""identity_evidence"": [""no exact safe current/delisted instrument mapping"", ""exact ticker used as candidate pending fundamentals validation""], ""membership_source"": ""HistoricalTickerComponents"", ""provider_symbol"": ""RHI"", ""source_security_id"": ""0a15344a-c930-5dee-a6e9-528dd0540172"", ""symbol_changes"": []}",RESOLVED,stable identifiers and provider identity preserved by validated POC3 security master
RJF,27f2be03-ee8a-5ea7-8532-dfc037a322ad,2017-03-20,,Raymond James Financial Inc.,BBG000BS73J1,US7547301090,0000720005,RJF,EODHD HistoricalTickerComponents / POC3 validated,HIGH,"{""dataset"": ""EODHD POC3 validated security master"", ""exception"": null, ""identifiers"": {""CIK"": ""0000720005"", ""CUSIP"": ""754730109"", ""ISIN"": ""US7547301090"", ""LEI"": ""RGUZHJ05YTITL6D76949"", ""OpenFigi"": ""BBG000BS73J1""}, ""identity_correction"": null, ""identity_evidence"": [""current directory ticker and name compatible""], ""membership_source"": ""HistoricalTickerComponents"", ""provider_symbol"": ""RJF"", ""source_security_id"": ""27f2be03-ee8a-5ea7-8532-dfc037a322ad"", ""symbol_changes"": []}",RESOLVED,stable identifiers and provider identity preserved by validated POC3 security master
RL,17926eb7-b2b6-59c4-ba13-b02c6ed83aa3,2007-02-02,,Ralph Lauren Corp Class A,BBG000BS0ZF1,US7512121010,0001037038,RL,EODHD HistoricalTickerComponents / POC3 validated,HIGH,"{""dataset"": ""EODHD POC3 validated security master"", ""exception"": null, ""identifiers"": {""CIK"": ""0001037038"", ""CUSIP"": ""731572103"", ""ISIN"": ""US7512121010"", ""LEI"": ""HO1QNWM0IXBZ0QSMMO20"", ""OpenFigi"": ""BBG000BS0ZF1""}, ""identity_correction"": null, ""identity_evidence"": [""current directory ticker and name compatible""], ""membership_source"": ""HistoricalTickerComponents"", ""provider_symbol"": ""RL"", ""source_security_id"": ""17926eb7-b2b6-59c4-ba13-b02c6ed83aa3"", ""symbol_changes"": []}",RESOLVED,stable identifiers and provider identity preserved by validated POC3 security master
RMD,ec83fc11-194b-5187-84f3-187c754ced22,2017-07-26,,ResMed Inc,BBG000L4M7F1,US7611521078,0000943819,RMD,EODHD HistoricalTickerComponents / POC3 validated,HIGH,"{""dataset"": ""EODHD POC3 validated security master"", ""exception"": null, ""identifiers"": {""CIK"": ""0000943819"", ""CUSIP"": ""761152107"", ""ISIN"": ""US7611521078"", ""LEI"": ""529900T3QE5253CCXF22"", ""OpenFigi"": ""BBG000L4M7F1""}, ""identity_correction"": null, ""identity_evidence"": [""current directory ticker and name compatible""], ""membership_source"": ""HistoricalTickerComponents"", ""provider_symbol"": ""RMD"", ""source_security_id"": ""ec83fc11-194b-5187-84f3-187c754ced22"", ""symbol_changes"": []}",RESOLVED,stable identifiers and provider identity preserved by validated POC3 security master
ROK,26f5832f-d5a3-5fcd-b5b9-3786c0e05526,2000-03-12,,Rockwell Automation Inc,BBG000BBCDZ2,US7739031091,0001024478,ROK,EODHD HistoricalTickerComponents / POC3 validated,HIGH,"{""dataset"": ""EODHD POC3 validated security master"", ""exception"": null, ""identifiers"": {""CIK"": ""0001024478"", ""CUSIP"": ""774347108"", ""ISIN"": ""US7739031091"", ""LEI"": ""VH3R4HHBHH12O0EXZJ88"", ""OpenFigi"": ""BBG000BBCDZ2""}, ""identity_correction"": null, ""identity_evidence"": [""current directory ticker and name compatible""], ""membership_source"": ""HistoricalTickerComponents"", ""provider_symbol"": ""ROK"", ""source_security_id"": ""26f5832f-d5a3-5fcd-b5b9-3786c0e05526"", ""symbol_changes"": []}",RESOLVED,stable identifiers and provider identity preserved by validated POC3 security master
ROL,dd92aaa1-979a-56f5-8bb7-8e33442eb91e,2018-10-01,,Rollins Inc,BBG000BSBBP1,US7757111049,0000084839,ROL,EODHD HistoricalTickerComponents / POC3 validated,HIGH,"{""dataset"": ""EODHD POC3 validated security master"", ""exception"": null, ""identifiers"": {""CIK"": ""0000084839"", ""CUSIP"": ""775711104"", ""ISIN"": ""US7757111049"", ""LEI"": ""549300F2A0BXT4SGWD84"", ""OpenFigi"": ""BBG000BSBBP1""}, ""identity_correction"": null, ""identity_evidence"": [""current directory ticker and name compatible""], ""membership_source"": ""HistoricalTickerComponents"", ""provider_symbol"": ""ROL"", ""source_security_id"": ""dd92aaa1-979a-56f5-8bb7-8e33442eb91e"", ""symbol_changes"": []}",RESOLVED,stable identifiers and provider identity preserved by validated POC3 security master
ROP,c613c6eb-d271-5545-bce9-722da9263f56,2009-12-23,,Roper Technologies Inc,BBG000F1ZSN5,US7766961061,0000882835,ROP,EODHD HistoricalTickerComponents / POC3 validated,HIGH,"{""dataset"": ""EODHD POC3 validated security master"", ""exception"": null, ""identifiers"": {""CIK"": ""0000882835"", ""CUSIP"": ""776696106"", ""ISIN"": ""US7766961061"", ""LEI"": ""54930003T4SXCIWVXY35"", ""OpenFigi"": ""BBG000F1ZSN5""}, ""identity_correction"": null, ""identity_evidence"": [""current directory ticker and name compatible""], ""membership_source"": ""HistoricalTickerComponents"", ""provider_symbol"": ""ROP"", ""source_security_id"": ""c613c6eb-d271-5545-bce9-722da9263f56"", ""symbol_changes"": []}",RESOLVED,stable identifiers and provider identity preserved by validated POC3 security master
ROST,b781dbee-a1c5-5228-8be4-03a3b03927f6,2009-12-18,,Ross Stores Inc,BBG000BSBZH7,US7782961038,0000745732,ROST,EODHD HistoricalTickerComponents / POC3 validated,HIGH,"{""dataset"": ""EODHD POC3 validated security master"", ""exception"": null, ""identifiers"": {""CIK"": ""0000745732"", ""CUSIP"": ""778296103"", ""ISIN"": ""US7782961038"", ""LEI"": ""549300ENZFLPGRDFZQ60"", ""OpenFigi"": ""BBG000BSBZH7""}, ""identity_correction"": null, ""identity_evidence"": [""current directory ticker and name compatible""], ""membership_source"": ""HistoricalTickerComponents"", ""provider_symbol"": ""ROST"", ""source_security_id"": ""b781dbee-a1c5-5228-8be4-03a3b03927f6"", ""symbol_changes"": []}",RESOLVED,stable identifiers and provider identity preserved by validated POC3 security master
RSG,2dccb8a4-d764-54ae-ad81-cbd18e194a08,2008-12-05,,Republic Services Inc,BBG000BPXVJ6,US7607591002,0001060391,RSG,EODHD HistoricalTickerComponents / POC3 validated,HIGH,"{""dataset"": ""EODHD POC3 validated security master"", ""exception"": null, ""identifiers"": {""CIK"": ""0001060391"", ""CUSIP"": ""760759100"", ""ISIN"": ""US7607591002"", ""LEI"": ""NKNQHM6BLECKVOQP7O46"", ""OpenFigi"": ""BBG000BPXVJ6""}, ""identity_correction"": null, ""identity_evidence"": [""current directory ticker and name compatible""], ""membership_source"": ""HistoricalTickerComponents"", ""provider_symbol"": ""RSG"", ""source_security_id"": ""2dccb8a4-d764-54ae-ad81-cbd18e194a08"", ""symbol_changes"": []}",RESOLVED,stable identifiers and provider identity preserved by validated POC3 security master
RTX,945091ed-8114-5794-a3e3-c762a5fdb78b,1957-03-04,,RTX Corporation,BBG000BW8S60,US75513E1010,0000101829,RTX,EODHD HistoricalTickerComponents / POC3 validated,HIGH,"{""dataset"": ""EODHD POC3 validated security master"", ""exception"": null, ""identifiers"": {""CIK"": ""0000101829"", ""CUSIP"": ""75513E101"", ""ISIN"": ""US75513E1010"", ""LEI"": ""I07WOS4YJ0N7YRFE7309"", ""OpenFigi"": ""BBG000BW8S60""}, ""identity_correction"": null, ""identity_evidence"": [""current directory ticker and name compatible""], ""membership_source"": ""HistoricalTickerComponents"", ""provider_symbol"": ""RTX"", ""source_security_id"": ""945091ed-8114-5794-a3e3-c762a5fdb78b"", ""symbol_changes"": []}",RESOLVED,stable identifiers and provider identity preserved by validated POC3 security master
RVTY,01865053-7dca-5816-9221-1ca94f2033f6,1985-05-31,,Revvity Inc.,BBG000FXW512,US7140461093,0000031791,RVTY,EODHD HistoricalTickerComponents / POC3 validated,HIGH,"{""dataset"": ""EODHD POC3 validated security master"", ""exception"": null, ""identifiers"": {""CIK"": ""0000031791"", ""CUSIP"": ""714046109"", ""ISIN"": ""US7140461093"", ""LEI"": ""549300IKL1SDPFI7N655"", ""OpenFigi"": ""BBG000FXW512""}, ""identity_correction"": null, ""identity_evidence"": [""current directory ticker and name compatible""], ""membership_source"": ""HistoricalTickerComponents"", ""provider_symbol"": ""RVTY"", ""source_security_id"": ""01865053-7dca-5816-9221-1ca94f2033f6"", ""symbol_changes"": [{""company_name"": ""Revvity, Inc. Common Stock"", ""effective"": ""2023-05-16"", ""exchange"": ""US"", ""new_symbol"": ""RVTY"", ""old_symbol"": ""PKI""}]}",RESOLVED,stable identifiers and provider identity preserved by validated POC3 security master
SBAC,3a819cef-d3f4-5e84-8b14-d5eaa2cb6312,2017-09-01,,SBA Communications Corp,BBG000D2M0Z7,US78410G1040,0001034054,SBAC,EODHD HistoricalTickerComponents / POC3 validated,HIGH,"{""dataset"": ""EODHD POC3 validated security master"", ""exception"": null, ""identifiers"": {""CIK"": ""0001034054"", ""CUSIP"": ""78410G104"", ""ISIN"": ""US78410G1040"", ""LEI"": ""5299001HX8ZN8Y8QIT49"", ""OpenFigi"": ""BBG000D2M0Z7""}, ""identity_correction"": null, ""identity_evidence"": [""current directory ticker and name compatible""], ""membership_source"": ""HistoricalTickerComponents"", ""provider_symbol"": ""SBAC"", ""source_security_id"": ""3a819cef-d3f4-5e84-8b14-d5eaa2cb6312"", ""symbol_changes"": []}",RESOLVED,stable identifiers and provider identity preserved by validated POC3 security master
SBNY,4eebb6ee-13b8-588c-8c90-5aaf4554ef62,2021-12-20,2023-03-15,Signature Bank,BBG000M6TR37,US82669G1040,0001288784,SBNY,EODHD HistoricalTickerComponents / POC3 validated,HIGH,"{""dataset"": ""EODHD POC3 validated security master"", ""exception"": null, ""identifiers"": {""CIK"": ""0001288784"", ""CUSIP"": ""82669G104"", ""ISIN"": ""US82669G1040"", ""LEI"": ""VLP5AP0XK2GM6GKD1007"", ""OpenFigi"": ""BBG000M6TR37""}, ""identity_correction"": null, ""identity_evidence"": [""no exact safe current/delisted instrument mapping"", ""exact ticker used as candidate pending fundamentals validation""], ""membership_source"": ""HistoricalTickerComponents"", ""provider_symbol"": ""SBNY"", ""source_security_id"": ""4eebb6ee-13b8-588c-8c90-5aaf4554ef62"", ""symbol_changes"": []}",RESOLVED,stable identifiers and provider identity preserved by validated POC3 security master
SBUX,fbec912c-2534-581f-bbfc-b215255f1de6,2000-06-07,,Starbucks Corporation,BBG000CTQBF3,US8552441094,0000829224,SBUX,EODHD HistoricalTickerComponents / POC3 validated,HIGH,"{""dataset"": ""EODHD POC3 validated security master"", ""exception"": null, ""identifiers"": {""CIK"": ""0000829224"", ""CUSIP"": ""855244109"", ""ISIN"": ""US8552441094"", ""LEI"": ""OQSJ1DU9TAOC51A47K68"", ""OpenFigi"": ""BBG000CTQBF3""}, ""identity_correction"": null, ""identity_evidence"": [""current directory ticker and name compatible""], ""membership_source"": ""HistoricalTickerComponents"", ""provider_symbol"": ""SBUX"", ""source_security_id"": ""fbec912c-2534-581f-bbfc-b215255f1de6"", ""symbol_changes"": []}",RESOLVED,stable identifiers and provider identity preserved by validated POC3 security master
SCHW,3e480d59-4dbb-530f-8dc4-83080dbd629a,1997-06-02,,Charles Schwab Corp,BBG000BSLZY7,US8085131055,0000316709,SCHW,EODHD HistoricalTickerComponents / POC3 validated,HIGH,"{""dataset"": ""EODHD POC3 validated security master"", ""exception"": null, ""identifiers"": {""CIK"": ""0000316709"", ""CUSIP"": ""808513105"", ""ISIN"": ""US8085131055"", ""LEI"": ""549300VSGCJ7E698NM85"", ""OpenFigi"": ""BBG000BSLZY7""}, ""identity_correction"": null, ""identity_evidence"": [""current directory ticker and name compatible""], ""membership_source"": ""HistoricalTickerComponents"", ""provider_symbol"": ""SCHW"", ""source_security_id"": ""3e480d59-4dbb-530f-8dc4-83080dbd629a"", ""symbol_changes"": []}",RESOLVED,stable identifiers and provider identity preserved by validated POC3 security master
SEDG,70c9f7b6-e757-5001-9fdc-37125279c5d0,2021-12-20,2023-12-18,SolarEdge Technologies Inc,BBG0084BBZY6,US83417M1045,0001419612,SEDG,EODHD HistoricalTickerComponents / POC3 validated,HIGH,"{""dataset"": ""EODHD POC3 validated security master"", ""exception"": null, ""identifiers"": {""CIK"": ""0001419612"", ""CUSIP"": ""83417M104"", ""ISIN"": ""US83417M1045"", ""LEI"": ""5493000K6Y58XXPDF853"", ""OpenFigi"": ""BBG0084BBZY6""}, ""identity_correction"": null, ""identity_evidence"": [""no exact safe current/delisted instrument mapping"", ""exact ticker used as candidate pending fundamentals validation""], ""membership_source"": ""HistoricalTickerComponents"", ""provider_symbol"": ""SEDG"", ""source_security_id"": ""70c9f7b6-e757-5001-9fdc-37125279c5d0"", ""symbol_changes"": []}",RESOLVED,stable identifiers and provider identity preserved by validated POC3 security master
SEE,23bfa115-7d12-5871-a8bb-d166e4ae2d59,2012-04-01,2023-12-18,Sealed Air Corporation,BBG000C22QV7,US81211K1007,0001012100,SEE,EODHD HistoricalTickerComponents / POC3 validated,HIGH,"{""dataset"": ""EODHD POC3 validated security master"", ""exception"": null, ""identifiers"": {""CIK"": ""0001012100"", ""CUSIP"": ""81211K209"", ""ISIN"": ""US81211K1007"", ""LEI"": ""Q0M0CZB4YN6JZ65WXI09"", ""OpenFigi"": ""BBG000C22QV7""}, ""identity_correction"": null, ""identity_evidence"": [""delisted directory ticker and name compatible""], ""membership_source"": ""HistoricalTickerComponents"", ""provider_symbol"": ""SEE"", ""source_security_id"": ""23bfa115-7d12-5871-a8bb-d166e4ae2d59"", ""symbol_changes"": []}",RESOLVED,stable identifiers and provider identity preserved by validated POC3 security master
SHW,d58ca19c-9f19-546f-9599-e76bcab4aa27,1964-06-30,,Sherwin-Williams Co,BBG000BSXQV7,US8243481061,0000089800,SHW,EODHD HistoricalTickerComponents / POC3 validated,HIGH,"{""dataset"": ""EODHD POC3 validated security master"", ""exception"": null, ""identifiers"": {""CIK"": ""0000089800"", ""CUSIP"": ""824348106"", ""ISIN"": ""US8243481061"", ""LEI"": ""Z15BMIOX8DDH0X2OBP21"", ""OpenFigi"": ""BBG000BSXQV7""}, ""identity_correction"": null, ""identity_evidence"": [""current directory ticker and name compatible""], ""membership_source"": ""HistoricalTickerComponents"", ""provider_symbol"": ""SHW"", ""source_security_id"": ""d58ca19c-9f19-546f-9599-e76bcab4aa27"", ""symbol_changes"": []}",RESOLVED,stable identifiers and provider identity preserved by validated POC3 security master
SIVB,c114dfd9-2d71-561b-85f9-ad960d44a55e,2018-03-19,2023-03-15,SVB Financial Group,,US78486Q1013,0000719739,SIVB,EODHD HistoricalTickerComponents / POC3 validated,HIGH,"{""dataset"": ""EODHD POC3 validated security master"", ""exception"": null, ""identifiers"": {""CIK"": ""0000719739"", ""ISIN"": ""US78486Q1013"", ""LEI"": ""549300D2KJ20JMXE7542""}, ""identity_correction"": null, ""identity_evidence"": [""delisted directory ticker and name compatible""], ""membership_source"": ""HistoricalTickerComponents"", ""provider_symbol"": ""SIVB"", ""source_security_id"": ""c114dfd9-2d71-561b-85f9-ad960d44a55e"", ""symbol_changes"": []}",RESOLVED,stable identifiers and provider identity preserved by validated POC3 security master
SJM,cb11e788-3aa9-5d8b-89ab-23d8e10be9b1,2008-11-06,,The J. M. Smucker Company,BBG000BT1715,US8326964058,0000091419,SJM,EODHD HistoricalTickerComponents / POC3 validated,HIGH,"{""dataset"": ""EODHD POC3 validated security master"", ""exception"": null, ""identifiers"": {""CIK"": ""0000091419"", ""CUSIP"": ""832696108"", ""ISIN"": ""US8326964058"", ""LEI"": ""5493000WDH6A0LHDJD55"", ""OpenFigi"": ""BBG000BT1715""}, ""identity_correction"": null, ""identity_evidence"": [""current directory ticker and name compatible""], ""membership_source"": ""HistoricalTickerComponents"", ""provider_symbol"": ""SJM"", ""source_security_id"": ""cb11e788-3aa9-5d8b-89ab-23d8e10be9b1"", ""symbol_changes"": []}",RESOLVED,stable identifiers and provider identity preserved by validated POC3 security master
SLB,d73a0e2a-a05f-5d07-9263-06855c1f14d8,1957-03-04,,Schlumberger NV,BBG000BT4384,AN8068571086,0000087347,SLB,EODHD HistoricalTickerComponents / POC3 validated,HIGH,"{""dataset"": ""EODHD POC3 validated security master"", ""exception"": null, ""identifiers"": {""CIK"": ""0000087347"", ""CUSIP"": ""806857108"", ""ISIN"": ""AN8068571086"", ""LEI"": ""213800ZUA17OK3QLGM62"", ""OpenFigi"": ""BBG000BT4384""}, ""identity_correction"": null, ""identity_evidence"": [""current directory ticker and name compatible""], ""membership_source"": ""HistoricalTickerComponents"", ""provider_symbol"": ""SLB"", ""source_security_id"": ""d73a0e2a-a05f-5d07-9263-06855c1f14d8"", ""symbol_changes"": []}",RESOLVED,stable identifiers and provider identity preserved by validated POC3 security master
SLVM,7ff60f79-2d6d-5f57-8d9f-ccbb4a00f47e,2021-10-01,2021-10-04,Sylvamo Corp,BBG0122M8031,US8713321029,0001856485,SLVM,EODHD HistoricalTickerComponents / POC3 validated,HIGH,"{""dataset"": ""EODHD POC3 validated security master"", ""exception"": null, ""identifiers"": {""CIK"": ""0001856485"", ""CUSIP"": ""871332102"", ""ISIN"": ""US8713321029"", ""OpenFigi"": ""BBG0122M8031""}, ""identity_correction"": null, ""identity_evidence"": [""no exact safe current/delisted instrument mapping"", ""exact ticker used as candidate pending fundamentals validation""], ""membership_source"": ""HistoricalTickerComponents"", ""provider_symbol"": ""SLVM"", ""source_security_id"": ""7ff60f79-2d6d-5f57-8d9f-ccbb4a00f47e"", ""symbol_changes"": []}",RESOLVED,stable identifiers and provider identity preserved by validated POC3 security master
SMCI,5302a479-67b9-59c6-8dee-af2bf282faa4,2024-03-18,,Super Micro Computer Inc,BBG000MYZDJ3,US86800U3023,0001375365,SMCI,EODHD HistoricalTickerComponents / POC3 validated,HIGH,"{""dataset"": ""EODHD POC3 validated security master"", ""exception"": null, ""identifiers"": {""CIK"": ""0001375365"", ""CUSIP"": ""86800U104"", ""ISIN"": ""US86800U3023"", ""OpenFigi"": ""BBG000MYZDJ3""}, ""identity_correction"": null, ""identity_evidence"": [""current directory ticker and name compatible""], ""membership_source"": ""HistoricalTickerComponents"", ""provider_symbol"": ""SMCI"", ""source_security_id"": ""5302a479-67b9-59c6-8dee-af2bf282faa4"", ""symbol_changes"": []}",RESOLVED,stable identifiers and provider identity preserved by validated POC3 security master
SNA,62f34367-633b-5d26-ad08-a09663e94e30,1982-09-30,,Snap-On Inc,BBG000BT7JW9,US8330341012,0000091440,SNA,EODHD HistoricalTickerComponents / POC3 validated,HIGH,"{""dataset"": ""EODHD POC3 validated security master"", ""exception"": null, ""identifiers"": {""CIK"": ""0000091440"", ""CUSIP"": ""833034101"", ""ISIN"": ""US8330341012"", ""LEI"": ""HHWAT5TDOYZMM26KKQ73"", ""OpenFigi"": ""BBG000BT7JW9""}, ""identity_correction"": null, ""identity_evidence"": [""current directory ticker and name compatible""], ""membership_source"": ""HistoricalTickerComponents"", ""provider_symbol"": ""SNA"", ""source_security_id"": ""62f34367-633b-5d26-ad08-a09663e94e30"", ""symbol_changes"": []}",RESOLVED,stable identifiers and provider identity preserved by validated POC3 security master
SNDK,fe8bd6b1-8f1c-5659-8564-77eb3cb7711a,2025-11-28,,Sandisk Corp,BBG01R388JG1,US80004C2008,,SNDK,EODHD HistoricalTickerComponents / POC3 validated,HIGH,"{""dataset"": ""EODHD POC3 validated security master"", ""exception"": null, ""identifiers"": {""ISIN"": ""US80004C2008"", ""OpenFigi"": ""BBG01R388JG1""}, ""identity_correction"": null, ""identity_evidence"": [""current directory ticker and name compatible""], ""membership_source"": ""HistoricalTickerComponents"", ""provider_symbol"": ""SNDK"", ""source_security_id"": ""fe8bd6b1-8f1c-5659-8564-77eb3cb7711a"", ""symbol_changes"": [{""company_name"": ""Sandisk Corporation Common Stock"", ""effective"": ""2025-02-24"", ""exchange"": ""US"", ""new_symbol"": ""SNDK"", ""old_symbol"": ""SNDKV""}]}",RESOLVED,stable identifiers and provider identity preserved by validated POC3 security master
SNPS,c87d11bf-9315-54b3-bec4-9221b398f816,2017-03-16,,Synopsys Inc,BBG000BSFRF3,US8716071076,0000883241,SNPS,EODHD HistoricalTickerComponents / POC3 validated,HIGH,"{""dataset"": ""EODHD POC3 validated security master"", ""exception"": null, ""identifiers"": {""CIK"": ""0000883241"", ""CUSIP"": ""871607107"", ""ISIN"": ""US8716071076"", ""LEI"": ""QG7T915N9S0NY5UKNE63"", ""OpenFigi"": ""BBG000BSFRF3""}, ""identity_correction"": null, ""identity_evidence"": [""current directory ticker and name compatible""], ""membership_source"": ""HistoricalTickerComponents"", ""provider_symbol"": ""SNPS"", ""source_security_id"": ""c87d11bf-9315-54b3-bec4-9221b398f816"", ""symbol_changes"": []}",RESOLVED,stable identifiers and provider identity preserved by validated POC3 security master
SO,f55b7e1b-f238-5b93-92ab-d71a40737d23,1957-03-04,,Southern Company,BBG000BT9DW0,US8425871071,0000092122,SO,EODHD HistoricalTickerComponents / POC3 validated,HIGH,"{""dataset"": ""EODHD POC3 validated security master"", ""exception"": null, ""identifiers"": {""CIK"": ""0000092122"", ""CUSIP"": ""842587107"", ""ISIN"": ""US8425871071"", ""LEI"": ""549300FC3G3YU2FBZD92"", ""OpenFigi"": ""BBG000BT9DW0""}, ""identity_correction"": null, ""identity_evidence"": [""current directory ticker and name compatible""], ""membership_source"": ""HistoricalTickerComponents"", ""provider_symbol"": ""SO"", ""source_security_id"": ""f55b7e1b-f238-5b93-92ab-d71a40737d23"", ""symbol_changes"": []}",RESOLVED,stable identifiers and provider identity preserved by validated POC3 security master
SOLS,48e1f11e-bd6e-5266-91aa-3d9f8b5f9fbc,2025-10-30,2025-12-22,"Solstice Advanced Materials, Inc",BBG01X5744P5,US83443Q1031,,SOLS,EODHD HistoricalTickerComponents / POC3 validated,HIGH,"{""dataset"": ""EODHD POC3 validated security master"", ""exception"": null, ""identifiers"": {""ISIN"": ""US83443Q1031"", ""OpenFigi"": ""BBG01X5744P5""}, ""identity_correction"": null, ""identity_evidence"": [""no exact safe current/delisted instrument mapping"", ""exact ticker used as candidate pending fundamentals validation""], ""membership_source"": ""HistoricalTickerComponents"", ""provider_symbol"": ""SOLS"", ""source_security_id"": ""48e1f11e-bd6e-5266-91aa-3d9f8b5f9fbc"", ""symbol_changes"": [{""company_name"": ""Solstice Advanced Materials Inc. Common Stock "", ""effective"": ""2025-10-30"", ""exchange"": ""US"", ""new_symbol"": ""SOLS"", ""old_symbol"": ""SOLSV""}]}",RESOLVED,stable identifiers and provider identity preserved by validated POC3 security master
SOLV,9fcac527-d567-5079-a1cf-6aab1deeda41,2024-04-01,,Solventum Corp.,BBG018YZH6T3,US83444M1018,0001964738,SOLV,EODHD HistoricalTickerComponents / POC3 validated,HIGH,"{""dataset"": ""EODHD POC3 validated security master"", ""exception"": null, ""identifiers"": {""CIK"": ""0001964738"", ""CUSIP"": ""83444M101"", ""ISIN"": ""US83444M1018"", ""OpenFigi"": ""BBG018YZH6T3""}, ""identity_correction"": null, ""identity_evidence"": [""current directory ticker and name compatible""], ""membership_source"": ""HistoricalTickerComponents"", ""provider_symbol"": ""SOLV"", ""source_security_id"": ""9fcac527-d567-5079-a1cf-6aab1deeda41"", ""symbol_changes"": []}",RESOLVED,stable identifiers and provider identity preserved by validated POC3 security master
SPG,8e2ce46a-e4c8-5053-9357-142ca62d5fb2,2002-06-26,,Simon Property Group Inc,BBG000BJ2D31,US8288061091,0001063761,SPG,EODHD HistoricalTickerComponents / POC3 validated,HIGH,"{""dataset"": ""EODHD POC3 validated security master"", ""exception"": null, ""identifiers"": {""CIK"": ""0001063761"", ""CUSIP"": ""828806802"", ""ISIN"": ""US8288061091"", ""LEI"": ""529900GQL5X8H7AO3T64"", ""OpenFigi"": ""BBG000BJ2D31""}, ""identity_correction"": null, ""identity_evidence"": [""current directory ticker and name compatible""], ""membership_source"": ""HistoricalTickerComponents"", ""provider_symbol"": ""SPG"", ""source_security_id"": ""8e2ce46a-e4c8-5053-9357-142ca62d5fb2"", ""symbol_changes"": []}",RESOLVED,stable identifiers and provider identity preserved by validated POC3 security master
SPGI,133a4eda-6c6e-58d7-9604-4fd349760cb0,1957-03-04,,S&P Global Inc,BBG000BP1Q11,US78409V1044,0000064040,SPGI,EODHD HistoricalTickerComponents / POC3 validated,HIGH,"{""dataset"": ""EODHD POC3 validated security master"", ""exception"": null, ""identifiers"": {""CIK"": ""0000064040"", ""CUSIP"": ""580645109"", ""ISIN"": ""US78409V1044"", ""LEI"": ""Y6X4K52KMJMZE7I7MY94"", ""OpenFigi"": ""BBG000BP1Q11""}, ""identity_correction"": null, ""identity_evidence"": [""current directory ticker and name compatible""], ""membership_source"": ""HistoricalTickerComponents"", ""provider_symbol"": ""SPGI"", ""source_security_id"": ""133a4eda-6c6e-58d7-9604-4fd349760cb0"", ""symbol_changes"": []}",RESOLVED,stable identifiers and provider identity preserved by validated POC3 security master
SRE,59447f8b-2363-5f8b-a884-9515cc3de84c,2017-03-17,,Sempra Energy,BBG000C2ZCH8,US8168511090,0001032208,SRE,EODHD HistoricalTickerComponents / POC3 validated,HIGH,"{""dataset"": ""EODHD POC3 validated security master"", ""exception"": null, ""identifiers"": {""CIK"": ""0001032208"", ""CUSIP"": ""816851208"", ""ISIN"": ""US8168511090"", ""LEI"": ""PBBKGKLRK5S5C0Y4T545"", ""OpenFigi"": ""BBG000C2ZCH8""}, ""identity_correction"": null, ""identity_evidence"": [""current directory ticker and name compatible""], ""membership_source"": ""HistoricalTickerComponents"", ""provider_symbol"": ""SRE"", ""source_security_id"": ""59447f8b-2363-5f8b-a884-9515cc3de84c"", ""symbol_changes"": []}",RESOLVED,stable identifiers and provider identity preserved by validated POC3 security master
STE,2f45ea42-63f1-5623-801c-955eca93b06a,2019-12-23,,STERIS plc,BBG00MRHG523,IE00BFY8C754,0001757898,STE,EODHD HistoricalTickerComponents / POC3 validated,HIGH,"{""dataset"": ""EODHD POC3 validated security master"", ""exception"": null, ""identifiers"": {""CIK"": ""0001757898"", ""CUSIP"": ""G8473T100"", ""ISIN"": ""IE00BFY8C754"", ""LEI"": ""549300BRDKZ1HFI2J358"", ""OpenFigi"": ""BBG00MRHG523""}, ""identity_correction"": null, ""identity_evidence"": [""current directory ticker and name compatible""], ""membership_source"": ""HistoricalTickerComponents"", ""provider_symbol"": ""STE"", ""source_security_id"": ""2f45ea42-63f1-5623-801c-955eca93b06a"", ""symbol_changes"": []}",RESOLVED,stable identifiers and provider identity preserved by validated POC3 security master
STLD,e9ba660e-c233-57e0-a88e-5d559a81fe94,2022-12-22,,Steel Dynamics Inc,BBG000HGYNZ9,US8581191009,0001022671,STLD,EODHD HistoricalTickerComponents / POC3 validated,HIGH,"{""dataset"": ""EODHD POC3 validated security master"", ""exception"": null, ""identifiers"": {""CIK"": ""0001022671"", ""CUSIP"": ""858119100"", ""ISIN"": ""US8581191009"", ""LEI"": ""549300HGGKEL4FYTTQ83"", ""OpenFigi"": ""BBG000HGYNZ9""}, ""identity_correction"": null, ""identity_evidence"": [""current directory ticker and name compatible""], ""membership_source"": ""HistoricalTickerComponents"", ""provider_symbol"": ""STLD"", ""source_security_id"": ""e9ba660e-c233-57e0-a88e-5d559a81fe94"", ""symbol_changes"": []}",RESOLVED,stable identifiers and provider identity preserved by validated POC3 security master
STT,f581c404-a425-5c99-9b6d-b430b7762003,2003-03-14,,State Street Corp,BBG000BKFBD7,US8574771031,0000093751,STT,EODHD HistoricalTickerComponents / POC3 validated,HIGH,"{""dataset"": ""EODHD POC3 validated security master"", ""exception"": null, ""identifiers"": {""CIK"": ""0000093751"", ""CUSIP"": ""857473102"", ""ISIN"": ""US8574771031"", ""LEI"": ""549300ZFEEJ2IP5VME73"", ""OpenFigi"": ""BBG000BKFBD7""}, ""identity_correction"": null, ""identity_evidence"": [""current directory ticker and name compatible""], ""membership_source"": ""HistoricalTickerComponents"", ""provider_symbol"": ""STT"", ""source_security_id"": ""f581c404-a425-5c99-9b6d-b430b7762003"", ""symbol_changes"": []}",RESOLVED,stable identifiers and provider identity preserved by validated POC3 security master
STX,dab639d3-cc17-54e4-9eff-233931c0e91f,2012-07-02,,Seagate Technology PLC,BBG0113JGQF0,IE00BKVD2N49,0001137789,STX,EODHD HistoricalTickerComponents / POC3 validated,HIGH,"{""dataset"": ""EODHD POC3 validated security master"", ""exception"": null, ""identifiers"": {""CIK"": ""0001137789"", ""CUSIP"": ""G7945J104"", ""ISIN"": ""IE00BKVD2N49"", ""LEI"": ""635400RUXIFEZSRU8X70"", ""OpenFigi"": ""BBG0113JGQF0""}, ""identity_correction"": null, ""identity_evidence"": [""current directory ticker and name compatible""], ""membership_source"": ""HistoricalTickerComponents"", ""provider_symbol"": ""STX"", ""source_security_id"": ""dab639d3-cc17-54e4-9eff-233931c0e91f"", ""symbol_changes"": []}",RESOLVED,stable identifiers and provider identity preserved by validated POC3 security master
STZ,ca04364c-e372-5a8d-ac7a-dbfcfad873a0,2005-07-01,,Constellation Brands Inc Class A,BBG000J1QLT0,US21036P1084,0000016918,STZ,EODHD HistoricalTickerComponents / POC3 validated,HIGH,"{""dataset"": ""EODHD POC3 validated security master"", ""exception"": null, ""identifiers"": {""CIK"": ""0000016918"", ""CUSIP"": ""137219101"", ""ISIN"": ""US21036P1084"", ""LEI"": ""5493005GKEG8QCVY7037"", ""OpenFigi"": ""BBG000J1QLT0""}, ""identity_correction"": null, ""identity_evidence"": [""current directory ticker and name compatible""], ""membership_source"": ""HistoricalTickerComponents"", ""provider_symbol"": ""STZ"", ""source_security_id"": ""ca04364c-e372-5a8d-ac7a-dbfcfad873a0"", ""symbol_changes"": []}",RESOLVED,stable identifiers and provider identity preserved by validated POC3 security master
SW,753a277e-7271-555a-9f7a-95bc05e8425b,2024-07-08,,Smurfit WestRock plc,BBG01NK9ZXT4,IE00028FXN24,0002005951,SW,EODHD HistoricalTickerComponents / POC3 validated,HIGH,"{""dataset"": ""EODHD POC3 validated security master"", ""exception"": null, ""identifiers"": {""CIK"": ""0002005951"", ""ISIN"": ""IE00028FXN24"", ""OpenFigi"": ""BBG01NK9ZXT4""}, ""identity_correction"": null, ""identity_evidence"": [""current directory ticker and name compatible""], ""membership_source"": ""HistoricalTickerComponents"", ""provider_symbol"": ""SW"", ""source_security_id"": ""753a277e-7271-555a-9f7a-95bc05e8425b"", ""symbol_changes"": []}",RESOLVED,stable identifiers and provider identity preserved by validated POC3 security master
SWK,431e4648-bb7a-519c-892b-150b8528d017,1982-09-30,,Stanley Black & Decker Inc,BBG000BTQR96,US8545021011,0000093556,SWK,EODHD HistoricalTickerComponents / POC3 validated,HIGH,"{""dataset"": ""EODHD POC3 validated security master"", ""exception"": null, ""identifiers"": {""CIK"": ""0000093556"", ""CUSIP"": ""854502101"", ""ISIN"": ""US8545021011"", ""LEI"": ""549300DJ09SMTO561131"", ""OpenFigi"": ""BBG000BTQR96""}, ""identity_correction"": null, ""identity_evidence"": [""current directory ticker and name compatible""], ""membership_source"": ""HistoricalTickerComponents"", ""provider_symbol"": ""SWK"", ""source_security_id"": ""431e4648-bb7a-519c-892b-150b8528d017"", ""symbol_changes"": []}",RESOLVED,stable identifiers and provider identity preserved by validated POC3 security master
SWKS,dd2b435e-34c8-50da-acaa-796038567e30,2015-03-12,,Skyworks Solutions Inc,BBG000KLB4Q1,US83088M1027,0000004127,SWKS,EODHD HistoricalTickerComponents / POC3 validated,HIGH,"{""dataset"": ""EODHD POC3 validated security master"", ""exception"": null, ""identifiers"": {""CIK"": ""0000004127"", ""CUSIP"": ""020753109"", ""ISIN"": ""US83088M1027"", ""LEI"": ""549300WZ3ORQ2BVKBD96"", ""OpenFigi"": ""BBG000KLB4Q1""}, ""identity_correction"": null, ""identity_evidence"": [""current directory ticker and name compatible""], ""membership_source"": ""HistoricalTickerComponents"", ""provider_symbol"": ""SWKS"", ""source_security_id"": ""dd2b435e-34c8-50da-acaa-796038567e30"", ""symbol_changes"": []}",RESOLVED,stable identifiers and provider identity preserved by validated POC3 security master
SYF,1ec06cea-784e-5168-9d31-9c009dc0ea85,2015-11-18,,Synchrony Financial,BBG00658F3P3,US87165B1035,0001601712,SYF,EODHD HistoricalTickerComponents / POC3 validated,HIGH,"{""dataset"": ""EODHD POC3 validated security master"", ""exception"": null, ""identifiers"": {""CIK"": ""0001601712"", ""CUSIP"": ""87165B103"", ""ISIN"": ""US87165B1035"", ""LEI"": ""549300RS7EWPM9MA6C78"", ""OpenFigi"": ""BBG00658F3P3""}, ""identity_correction"": null, ""identity_evidence"": [""current directory ticker and name compatible""], ""membership_source"": ""HistoricalTickerComponents"", ""provider_symbol"": ""SYF"", ""source_security_id"": ""1ec06cea-784e-5168-9d31-9c009dc0ea85"", ""symbol_changes"": []}",RESOLVED,stable identifiers and provider identity preserved by validated POC3 security master
SYK,69cb3970-975c-5c71-818a-673c9f945e7c,2000-12-12,,Stryker Corporation,BBG000DN7P92,US8636671013,0000310764,SYK,EODHD HistoricalTickerComponents / POC3 validated,HIGH,"{""dataset"": ""EODHD POC3 validated security master"", ""exception"": null, ""identifiers"": {""CIK"": ""0000310764"", ""CUSIP"": ""863667101"", ""ISIN"": ""US8636671013"", ""LEI"": ""5493002F0SC4JTBU5137"", ""OpenFigi"": ""BBG000DN7P92""}, ""identity_correction"": null, ""identity_evidence"": [""current directory ticker and name compatible""], ""membership_source"": ""HistoricalTickerComponents"", ""provider_symbol"": ""SYK"", ""source_security_id"": ""69cb3970-975c-5c71-818a-673c9f945e7c"", ""symbol_changes"": []}",RESOLVED,stable identifiers and provider identity preserved by validated POC3 security master
SYY,148f5260-5fa3-592c-93e4-c22604566805,1986-12-31,,Sysco Corporation,BBG000BTVJ25,US8718291078,0000096021,SYY,EODHD HistoricalTickerComponents / POC3 validated,HIGH,"{""dataset"": ""EODHD POC3 validated security master"", ""exception"": null, ""identifiers"": {""CIK"": ""0000096021"", ""CUSIP"": ""871829107"", ""ISIN"": ""US8718291078"", ""LEI"": ""5RGWIFLMGH3YS7KWI652"", ""OpenFigi"": ""BBG000BTVJ25""}, ""identity_correction"": null, ""identity_evidence"": [""current directory ticker and name compatible""], ""membership_source"": ""HistoricalTickerComponents"", ""provider_symbol"": ""SYY"", ""source_security_id"": ""148f5260-5fa3-592c-93e4-c22604566805"", ""symbol_changes"": []}",RESOLVED,stable identifiers and provider identity preserved by validated POC3 security master
T,4cfa553e-fe27-597c-9e5d-c88bf9e193f5,1983-11-30,,AT&T Inc.,BBG000BSJK37,US00206R1023,0000732717,T,EODHD HistoricalTickerComponents / POC3 validated,HIGH,"{""dataset"": ""EODHD POC3 validated security master"", ""exception"": null, ""identifiers"": {""CIK"": ""0000732717"", ""CUSIP"": ""78387G202"", ""ISIN"": ""US00206R1023"", ""LEI"": ""549300Z40J86GGSTL398"", ""OpenFigi"": ""BBG000BSJK37""}, ""identity_correction"": null, ""identity_evidence"": [""current directory ticker and name compatible""], ""membership_source"": ""HistoricalTickerComponents"", ""provider_symbol"": ""T"", ""source_security_id"": ""4cfa553e-fe27-597c-9e5d-c88bf9e193f5"", ""symbol_changes"": []}",RESOLVED,stable identifiers and provider identity preserved by validated POC3 security master
TAP,416f7de7-4304-5ba3-9c04-5b12423596fc,1976-06-30,2026-09-21,Molson Coors Brewing Co Class B,BBG000BS7KS3,US60871R2094,0000024545,TAP,EODHD HistoricalTickerComponents / POC3 validated,HIGH,"{""dataset"": ""EODHD POC3 validated security master"", ""exception"": null, ""identifiers"": {""CIK"": ""0000024545"", ""CUSIP"": ""217016104"", ""ISIN"": ""US60871R2094"", ""LEI"": ""54930073LBBH6ZCBE225"", ""OpenFigi"": ""BBG000BS7KS3""}, ""identity_correction"": null, ""identity_evidence"": [""current directory ticker and name compatible""], ""membership_source"": ""HistoricalTickerComponents"", ""provider_symbol"": ""TAP"", ""source_security_id"": ""416f7de7-4304-5ba3-9c04-5b12423596fc"", ""symbol_changes"": []}",RESOLVED,stable identifiers and provider identity preserved by validated POC3 security master
TDG,607d3138-10bb-53da-8541-3c98bb72469c,2016-06-03,,Transdigm Group Incorporated,BBG000L8CBX4,US8936411003,0001260221,TDG,EODHD HistoricalTickerComponents / POC3 validated,HIGH,"{""dataset"": ""EODHD POC3 validated security master"", ""exception"": null, ""identifiers"": {""CIK"": ""0001260221"", ""CUSIP"": ""893641100"", ""ISIN"": ""US8936411003"", ""LEI"": ""88Q84GB3X55CF5OC7582"", ""OpenFigi"": ""BBG000L8CBX4""}, ""identity_correction"": null, ""identity_evidence"": [""current directory ticker and name compatible""], ""membership_source"": ""HistoricalTickerComponents"", ""provider_symbol"": ""TDG"", ""source_security_id"": ""607d3138-10bb-53da-8541-3c98bb72469c"", ""symbol_changes"": []}",RESOLVED,stable identifiers and provider identity preserved by validated POC3 security master
TDY,498a6645-e6d7-517e-9e49-1d16a2dbf2fd,2020-06-22,,Teledyne Technologies Incorporated,BBG000BMT9T6,US8793601050,0001094285,TDY,EODHD HistoricalTickerComponents / POC3 validated,HIGH,"{""dataset"": ""EODHD POC3 validated security master"", ""exception"": null, ""identifiers"": {""CIK"": ""0001094285"", ""CUSIP"": ""879360105"", ""ISIN"": ""US8793601050"", ""LEI"": ""549300VSMO9KYQWDND94"", ""OpenFigi"": ""BBG000BMT9T6""}, ""identity_correction"": null, ""identity_evidence"": [""current directory ticker and name compatible""], ""membership_source"": ""HistoricalTickerComponents"", ""provider_symbol"": ""TDY"", ""source_security_id"": ""498a6645-e6d7-517e-9e49-1d16a2dbf2fd"", ""symbol_changes"": []}",RESOLVED,stable identifiers and provider identity preserved by validated POC3 security master
TECH,3f6b2803-9533-5626-9e54-85e529a91c62,2021-08-30,,Bio-Techne Corp,BBG000C15114,US09073M1045,0000842023,TECH,EODHD HistoricalTickerComponents / POC3 validated,HIGH,"{""dataset"": ""EODHD POC3 validated security master"", ""exception"": null, ""identifiers"": {""CIK"": ""0000842023"", ""CUSIP"": ""878377100"", ""ISIN"": ""US09073M1045"", ""LEI"": ""54930073RLKQ51TILZ35"", ""OpenFigi"": ""BBG000C15114""}, ""identity_correction"": null, ""identity_evidence"": [""current directory ticker and name compatible""], ""membership_source"": ""HistoricalTickerComponents"", ""provider_symbol"": ""TECH"", ""source_security_id"": ""3f6b2803-9533-5626-9e54-85e529a91c62"", ""symbol_changes"": []}",RESOLVED,stable identifiers and provider identity preserved by validated POC3 security master
TEL,1849d7d7-767d-5c0d-916b-9a2cf82c9747,2011-10-14,,TE Connectivity Ltd,BBG000RGM5P1,IE000IVNQZ81,0001385157,TEL,EODHD HistoricalTickerComponents / POC3 validated,HIGH,"{""dataset"": ""EODHD POC3 validated security master"", ""exception"": null, ""identifiers"": {""CIK"": ""0001385157"", ""CUSIP"": ""H8912P106"", ""ISIN"": ""IE000IVNQZ81"", ""OpenFigi"": ""BBG000RGM5P1""}, ""identity_correction"": null, ""identity_evidence"": [""current directory ticker and name compatible""], ""membership_source"": ""HistoricalTickerComponents"", ""provider_symbol"": ""TEL"", ""source_security_id"": ""1849d7d7-767d-5c0d-916b-9a2cf82c9747"", ""symbol_changes"": []}",RESOLVED,stable identifiers and provider identity preserved by validated POC3 security master
TER,abe5d280-8f93-51a4-b17a-eb0e59548e11,2020-09-21,,Teradyne Inc,BBG000BV4DR6,US8807701029,0000097210,TER,EODHD HistoricalTickerComponents / POC3 validated,HIGH,"{""dataset"": ""EODHD POC3 validated security master"", ""exception"": null, ""identifiers"": {""CIK"": ""0000097210"", ""CUSIP"": ""880770102"", ""ISIN"": ""US8807701029"", ""LEI"": ""C3X4YJ278QNZHRJULN75"", ""OpenFigi"": ""BBG000BV4DR6""}, ""identity_correction"": null, ""identity_evidence"": [""current directory ticker and name compatible""], ""membership_source"": ""HistoricalTickerComponents"", ""provider_symbol"": ""TER"", ""source_security_id"": ""abe5d280-8f93-51a4-b17a-eb0e59548e11"", ""symbol_changes"": []}",RESOLVED,stable identifiers and provider identity preserved by validated POC3 security master
TFC,f2f5df89-b1dc-5526-b079-c6491f559704,1997-12-04,,Truist Financial Corp,BBG000BYYLS8,US89832Q1094,0000092230,TFC,EODHD HistoricalTickerComponents / POC3 validated,HIGH,"{""dataset"": ""EODHD POC3 validated security master"", ""exception"": null, ""identifiers"": {""CIK"": ""0000092230"", ""CUSIP"": ""89832Q109"", ""ISIN"": ""US89832Q1094"", ""LEI"": ""549300DRQQI75D2JP341"", ""OpenFigi"": ""BBG000BYYLS8""}, ""identity_correction"": null, ""identity_evidence"": [""current directory ticker and name compatible""], ""membership_source"": ""HistoricalTickerComponents"", ""provider_symbol"": ""TFC"", ""source_security_id"": ""f2f5df89-b1dc-5526-b079-c6491f559704"", ""symbol_changes"": []}",RESOLVED,stable identifiers and provider identity preserved by validated POC3 security master
TFX,321f1418-0964-5e09-b906-0fd3c5e52ecd,2019-01-18,2025-03-24,Teleflex Incorporated,BBG000BV59Y6,US8793691069,0000096943,TFX,EODHD HistoricalTickerComponents / POC3 validated,HIGH,"{""dataset"": ""EODHD POC3 validated security master"", ""exception"": null, ""identifiers"": {""CIK"": ""0000096943"", ""CUSIP"": ""879369106"", ""ISIN"": ""US8793691069"", ""LEI"": ""UUL85LWXB4NGSWWXIQ25"", ""OpenFigi"": ""BBG000BV59Y6""}, ""identity_correction"": null, ""identity_evidence"": [""no exact safe current/delisted instrument mapping"", ""exact ticker used as candidate pending fundamentals validation""], ""membership_source"": ""HistoricalTickerComponents"", ""provider_symbol"": ""TFX"", ""source_security_id"": ""321f1418-0964-5e09-b906-0fd3c5e52ecd"", ""symbol_changes"": []}",RESOLVED,stable identifiers and provider identity preserved by validated POC3 security master
TGT,e441e0cb-3028-56ad-8f8f-0b76db57448e,1976-12-31,,Target Corporation,BBG000H8TVT2,US87612E1064,0000027419,TGT,EODHD HistoricalTickerComponents / POC3 validated,HIGH,"{""dataset"": ""EODHD POC3 validated security master"", ""exception"": null, ""identifiers"": {""CIK"": ""0000027419"", ""CUSIP"": ""87612E106"", ""ISIN"": ""US87612E1064"", ""LEI"": ""8WDDFXB5T1Z6J0XC1L66"", ""OpenFigi"": ""BBG000H8TVT2""}, ""identity_correction"": null, ""identity_evidence"": [""current directory ticker and name compatible""], ""membership_source"": ""HistoricalTickerComponents"", ""provider_symbol"": ""TGT"", ""source_security_id"": ""e441e0cb-3028-56ad-8f8f-0b76db57448e"", ""symbol_changes"": []}",RESOLVED,stable identifiers and provider identity preserved by validated POC3 security master
TJX,a773aeec-3cb7-555d-9618-02256b390f7d,1985-09-30,,The TJX Companies Inc,BBG000BV8DN6,US8725401090,0000109198,TJX,EODHD HistoricalTickerComponents / POC3 validated,HIGH,"{""dataset"": ""EODHD POC3 validated security master"", ""exception"": null, ""identifiers"": {""CIK"": ""0000109198"", ""CUSIP"": ""872540307"", ""ISIN"": ""US8725401090"", ""LEI"": ""V167QI9I69W364E2DY52"", ""OpenFigi"": ""BBG000BV8DN6""}, ""identity_correction"": null, ""identity_evidence"": [""current directory ticker and name compatible""], ""membership_source"": ""HistoricalTickerComponents"", ""provider_symbol"": ""TJX"", ""source_security_id"": ""a773aeec-3cb7-555d-9618-02256b390f7d"", ""symbol_changes"": []}",RESOLVED,stable identifiers and provider identity preserved by validated POC3 security master
TKO,4043c89b-3363-51f4-92bb-c9e895070177,2025-03-24,,"TKO Group Holdings, Inc.",BBG01G9JKWV5,US87256C1018,0001973266,TKO,EODHD HistoricalTickerComponents / POC3 validated,HIGH,"{""dataset"": ""EODHD POC3 validated security master"", ""exception"": null, ""identifiers"": {""CIK"": ""0001973266"", ""CUSIP"": ""87256C101"", ""ISIN"": ""US87256C1018"", ""OpenFigi"": ""BBG01G9JKWV5""}, ""identity_correction"": null, ""identity_evidence"": [""current directory ticker and name compatible""], ""membership_source"": ""HistoricalTickerComponents"", ""provider_symbol"": ""TKO"", ""source_security_id"": ""4043c89b-3363-51f4-92bb-c9e895070177"", ""symbol_changes"": []}",RESOLVED,stable identifiers and provider identity preserved by validated POC3 security master
TMO,27bc2dd1-2c8e-5b08-8ea6-f9f2a191ca58,2004-08-03,,Thermo Fisher Scientific Inc,BBG000BVDLH9,US8835561023,0000097745,TMO,EODHD HistoricalTickerComponents / POC3 validated,HIGH,"{""dataset"": ""EODHD POC3 validated security master"", ""exception"": null, ""identifiers"": {""CIK"": ""0000097745"", ""CUSIP"": ""883556201"", ""ISIN"": ""US8835561023"", ""LEI"": ""HCHV7422L5HDJZCRFL38"", ""OpenFigi"": ""BBG000BVDLH9""}, ""identity_correction"": null, ""identity_evidence"": [""current directory ticker and name compatible""], ""membership_source"": ""HistoricalTickerComponents"", ""provider_symbol"": ""TMO"", ""source_security_id"": ""27bc2dd1-2c8e-5b08-8ea6-f9f2a191ca58"", ""symbol_changes"": []}",RESOLVED,stable identifiers and provider identity preserved by validated POC3 security master
TMUS,8497f815-765f-5b99-ada1-bda44b309c32,2019-07-15,,T-Mobile US Inc,BBG000NDV1D4,US8725901040,0001283699,TMUS,EODHD HistoricalTickerComponents / POC3 validated,HIGH,"{""dataset"": ""EODHD POC3 validated security master"", ""exception"": null, ""identifiers"": {""CIK"": ""0001283699"", ""CUSIP"": ""872590104"", ""ISIN"": ""US8725901040"", ""LEI"": ""549300QHIJYOHPACPG31"", ""OpenFigi"": ""BBG000NDV1D4""}, ""identity_correction"": null, ""identity_evidence"": [""current directory ticker and name compatible""], ""membership_source"": ""HistoricalTickerComponents"", ""provider_symbol"": ""TMUS"", ""source_security_id"": ""8497f815-765f-5b99-ada1-bda44b309c32"", ""symbol_changes"": []}",RESOLVED,stable identifiers and provider identity preserved by validated POC3 security master
TPL,de2c0130-c00f-5f0c-8dbc-1856a73232da,2024-11-26,,Texas Pacific Land Corporation,BBG00YRJXKB1,US88262P1021,0000097517,TPL,EODHD HistoricalTickerComponents / POC3 validated,HIGH,"{""dataset"": ""EODHD POC3 validated security master"", ""exception"": null, ""identifiers"": {""CIK"": ""0000097517"", ""CUSIP"": ""882610108"", ""ISIN"": ""US88262P1021"", ""LEI"": ""529900WTH0D1S7BB4S10"", ""OpenFigi"": ""BBG00YRJXKB1""}, ""identity_correction"": null, ""identity_evidence"": [""current directory ticker and name compatible""], ""membership_source"": ""HistoricalTickerComponents"", ""provider_symbol"": ""TPL"", ""source_security_id"": ""de2c0130-c00f-5f0c-8dbc-1856a73232da"", ""symbol_changes"": []}",RESOLVED,stable identifiers and provider identity preserved by validated POC3 security master
TPR,f7c202b7-a5d6-538e-8725-9f9fc0dd7e08,2004-09-01,,Tapestry Inc,BBG000BY29C7,US8760301072,0001116132,TPR,EODHD HistoricalTickerComponents / POC3 validated,HIGH,"{""dataset"": ""EODHD POC3 validated security master"", ""exception"": null, ""identifiers"": {""CIK"": ""0001116132"", ""CUSIP"": ""876030107"", ""ISIN"": ""US8760301072"", ""LEI"": ""549300LJNVY5SW3VTN33"", ""OpenFigi"": ""BBG000BY29C7""}, ""identity_correction"": null, ""identity_evidence"": [""current directory ticker and name compatible""], ""membership_source"": ""HistoricalTickerComponents"", ""provider_symbol"": ""TPR"", ""source_security_id"": ""f7c202b7-a5d6-538e-8725-9f9fc0dd7e08"", ""symbol_changes"": []}",RESOLVED,stable identifiers and provider identity preserved by validated POC3 security master
TRGP,85848c18-804e-52e9-82c3-6e8fe3f67c69,2022-10-12,,Targa Resources Inc,BBG0015XMW40,US87612G1013,0001389170,TRGP,EODHD HistoricalTickerComponents / POC3 validated,HIGH,"{""dataset"": ""EODHD POC3 validated security master"", ""exception"": null, ""identifiers"": {""CIK"": ""0001389170"", ""CUSIP"": ""87612G101"", ""ISIN"": ""US87612G1013"", ""LEI"": ""5493003QENHHS261UR94"", ""OpenFigi"": ""BBG0015XMW40""}, ""identity_correction"": null, ""identity_evidence"": [""current directory ticker and name compatible""], ""membership_source"": ""HistoricalTickerComponents"", ""provider_symbol"": ""TRGP"", ""source_security_id"": ""85848c18-804e-52e9-82c3-6e8fe3f67c69"", ""symbol_changes"": []}",RESOLVED,stable identifiers and provider identity preserved by validated POC3 security master
TRMB,d304a073-c6bd-59b0-8b2a-83b1743fda7c,2021-01-21,,Trimble Inc,BBG000BNPS52,US8962391004,0000864749,TRMB,EODHD HistoricalTickerComponents / POC3 validated,HIGH,"{""dataset"": ""EODHD POC3 validated security master"", ""exception"": null, ""identifiers"": {""CIK"": ""0000864749"", ""CUSIP"": ""896239100"", ""ISIN"": ""US8962391004"", ""LEI"": ""549300E2MI7NSZFQWS19"", ""OpenFigi"": ""BBG000BNPS52""}, ""identity_correction"": null, ""identity_evidence"": [""current directory ticker and name compatible""], ""membership_source"": ""HistoricalTickerComponents"", ""provider_symbol"": ""TRMB"", ""source_security_id"": ""d304a073-c6bd-59b0-8b2a-83b1743fda7c"", ""symbol_changes"": []}",RESOLVED,stable identifiers and provider identity preserved by validated POC3 security master
TROW,591b9e67-4ddf-541f-b4f3-92a6d650cffa,2019-07-29,,T. Rowe Price Group Inc,BBG000BVMPN3,US74144T1088,0001113169,TROW,EODHD HistoricalTickerComponents / POC3 validated,HIGH,"{""dataset"": ""EODHD POC3 validated security master"", ""exception"": null, ""identifiers"": {""CIK"": ""0001113169"", ""CUSIP"": ""741477103"", ""ISIN"": ""US74144T1088"", ""LEI"": ""549300SIV6FPS9Y7IH33"", ""OpenFigi"": ""BBG000BVMPN3""}, ""identity_correction"": null, ""identity_evidence"": [""current directory ticker and name compatible""], ""membership_source"": ""HistoricalTickerComponents"", ""provider_symbol"": ""TROW"", ""source_security_id"": ""591b9e67-4ddf-541f-b4f3-92a6d650cffa"", ""symbol_changes"": []}",RESOLVED,stable identifiers and provider identity preserved by validated POC3 security master
TRV,89b61945-a78d-5c46-89ac-94d97246c0fd,2002-08-21,,The Travelers Companies Inc,BBG000BJ81C1,US89417E1091,0000086312,TRV,EODHD HistoricalTickerComponents / POC3 validated,HIGH,"{""dataset"": ""EODHD POC3 validated security master"", ""exception"": null, ""identifiers"": {""CIK"": ""0000086312"", ""CUSIP"": ""792856205"", ""ISIN"": ""US89417E1091"", ""LEI"": ""549300Y650407RU8B149"", ""OpenFigi"": ""BBG000BJ81C1""}, ""identity_correction"": null, ""identity_evidence"": [""current directory ticker and name compatible""], ""membership_source"": ""HistoricalTickerComponents"", ""provider_symbol"": ""TRV"", ""source_security_id"": ""89b61945-a78d-5c46-89ac-94d97246c0fd"", ""symbol_changes"": []}",RESOLVED,stable identifiers and provider identity preserved by validated POC3 security master
TSCO,372a477b-d9f2-5ab9-bf87-a3dbb9dee8bf,2014-01-24,,Tractor Supply Company,BBG000BLXZN1,US8923561067,0000916365,TSCO,EODHD HistoricalTickerComponents / POC3 validated,HIGH,"{""dataset"": ""EODHD POC3 validated security master"", ""exception"": null, ""identifiers"": {""CIK"": ""0000916365"", ""CUSIP"": ""892356106"", ""ISIN"": ""US8923561067"", ""LEI"": ""549300OJ9VZHZRO6I137"", ""OpenFigi"": ""BBG000BLXZN1""}, ""identity_correction"": null, ""identity_evidence"": [""current directory ticker and name compatible""], ""membership_source"": ""HistoricalTickerComponents"", ""provider_symbol"": ""TSCO"", ""source_security_id"": ""372a477b-d9f2-5ab9-bf87-a3dbb9dee8bf"", ""symbol_changes"": []}",RESOLVED,stable identifiers and provider identity preserved by validated POC3 security master
TSLA,d3559f11-11ce-5e7f-b3b9-8c38d2e31298,2020-12-21,,Tesla Inc,BBG000N9MNX3,US88160R1014,0001318605,TSLA,EODHD HistoricalTickerComponents / POC3 validated,HIGH,"{""dataset"": ""EODHD POC3 validated security master"", ""exception"": null, ""identifiers"": {""CIK"": ""0001318605"", ""CUSIP"": ""88160R101"", ""ISIN"": ""US88160R1014"", ""LEI"": ""54930043XZGB27CTOV49"", ""OpenFigi"": ""BBG000N9MNX3""}, ""identity_correction"": null, ""identity_evidence"": [""current directory ticker and name compatible""], ""membership_source"": ""HistoricalTickerComponents"", ""provider_symbol"": ""TSLA"", ""source_security_id"": ""d3559f11-11ce-5e7f-b3b9-8c38d2e31298"", ""symbol_changes"": []}",RESOLVED,stable identifiers and provider identity preserved by validated POC3 security master
TSN,4a361efa-392c-5b5d-9896-5bbaba5094b6,2005-08-10,,Tyson Foods Inc,BBG000DKCC19,US9024941034,0000100493,TSN,EODHD HistoricalTickerComponents / POC3 validated,HIGH,"{""dataset"": ""EODHD POC3 validated security master"", ""exception"": null, ""identifiers"": {""CIK"": ""0000100493"", ""CUSIP"": ""902494103"", ""ISIN"": ""US9024941034"", ""LEI"": ""WD6L6041MNRW1JE49D58"", ""OpenFigi"": ""BBG000DKCC19""}, ""identity_correction"": null, ""identity_evidence"": [""current directory ticker and name compatible""], ""membership_source"": ""HistoricalTickerComponents"", ""provider_symbol"": ""TSN"", ""source_security_id"": ""4a361efa-392c-5b5d-9896-5bbaba5094b6"", ""symbol_changes"": []}",RESOLVED,stable identifiers and provider identity preserved by validated POC3 security master
TT,8767ef56-365e-5de1-a190-81a47d1a3fe2,2010-11-17,,Trane Technologies plc,BBG000BM6788,IE00BK9ZQ967,0000836102,TT,EODHD HistoricalTickerComponents / POC3 validated,HIGH,"{""dataset"": ""EODHD POC3 validated security master"", ""exception"": null, ""identifiers"": {""CIK"": ""0000836102"", ""CUSIP"": ""456866102"", ""ISIN"": ""IE00BK9ZQ967"", ""OpenFigi"": ""BBG000BM6788""}, ""identity_correction"": null, ""identity_evidence"": [""current directory ticker and name compatible""], ""membership_source"": ""HistoricalTickerComponents"", ""provider_symbol"": ""TT"", ""source_security_id"": ""8767ef56-365e-5de1-a190-81a47d1a3fe2"", ""symbol_changes"": []}",RESOLVED,stable identifiers and provider identity preserved by validated POC3 security master
TTD,b7e43efd-6e84-561f-b44e-a8716ba6599e,2025-07-18,2026-09-21,Trade Desk Inc,BBG00629NGT2,US88339J1051,0001671933,TTD,EODHD HistoricalTickerComponents / POC3 validated,HIGH,"{""dataset"": ""EODHD POC3 validated security master"", ""exception"": null, ""identifiers"": {""CIK"": ""0001671933"", ""CUSIP"": ""88339J105"", ""ISIN"": ""US88339J1051"", ""LEI"": ""549300GXPD31VT3E0P46"", ""OpenFigi"": ""BBG00629NGT2""}, ""identity_correction"": null, ""identity_evidence"": [""current directory ticker and name compatible""], ""membership_source"": ""HistoricalTickerComponents"", ""provider_symbol"": ""TTD"", ""source_security_id"": ""b7e43efd-6e84-561f-b44e-a8716ba6599e"", ""symbol_changes"": []}",RESOLVED,stable identifiers and provider identity preserved by validated POC3 security master
TTWO,43774bed-1c29-5493-9204-d80c5c1d4385,2018-03-19,,Take-Two Interactive Software Inc,BBG000BS1YV5,US8740541094,0000946581,TTWO,EODHD HistoricalTickerComponents / POC3 validated,HIGH,"{""dataset"": ""EODHD POC3 validated security master"", ""exception"": null, ""identifiers"": {""CIK"": ""0000946581"", ""CUSIP"": ""874054109"", ""ISIN"": ""US8740541094"", ""LEI"": ""BOMSTHHJK882EWYX3334"", ""OpenFigi"": ""BBG000BS1YV5""}, ""identity_correction"": null, ""identity_evidence"": [""current directory ticker and name compatible""], ""membership_source"": ""HistoricalTickerComponents"", ""provider_symbol"": ""TTWO"", ""source_security_id"": ""43774bed-1c29-5493-9204-d80c5c1d4385"", ""symbol_changes"": []}",RESOLVED,stable identifiers and provider identity preserved by validated POC3 security master
TWTR,ae13e1b5-7a16-59c1-95ce-2bfa52b340d7,2018-06-07,2022-11-01,Twitter Inc,,US90184L1026,0001418091,TWTR,EODHD HistoricalTickerComponents / POC3 validated,HIGH,"{""dataset"": ""EODHD POC3 validated security master"", ""exception"": null, ""identifiers"": {""CIK"": ""0001418091"", ""CUSIP"": ""90184L102"", ""ISIN"": ""US90184L1026"", ""LEI"": ""549300I8RX485XMK6836""}, ""identity_correction"": null, ""identity_evidence"": [""delisted directory ticker and name compatible""], ""membership_source"": ""HistoricalTickerComponents"", ""provider_symbol"": ""TWTR"", ""source_security_id"": ""ae13e1b5-7a16-59c1-95ce-2bfa52b340d7"", ""symbol_changes"": []}",RESOLVED,stable identifiers and provider identity preserved by validated POC3 security master
TXN,174f098e-3fd2-5825-809c-163c26e0789f,2001-03-12,,Texas Instruments Incorporated,BBG000BVV7G1,US8825081040,0000097476,TXN,EODHD HistoricalTickerComponents / POC3 validated,HIGH,"{""dataset"": ""EODHD POC3 validated security master"", ""exception"": null, ""identifiers"": {""CIK"": ""0000097476"", ""CUSIP"": ""882508104"", ""ISIN"": ""US8825081040"", ""LEI"": ""WDJNR2L6D8RWOEB8T652"", ""OpenFigi"": ""BBG000BVV7G1""}, ""identity_correction"": null, ""identity_evidence"": [""current directory ticker and name compatible""], ""membership_source"": ""HistoricalTickerComponents"", ""provider_symbol"": ""TXN"", ""source_security_id"": ""174f098e-3fd2-5825-809c-163c26e0789f"", ""symbol_changes"": []}",RESOLVED,stable identifiers and provider identity preserved by validated POC3 security master
TXT,c5bdd5a4-c424-5fcc-b06d-d81a2b582a14,1978-12-31,,Textron Inc,BBG000BVVQQ8,US8832031012,0000217346,TXT,EODHD HistoricalTickerComponents / POC3 validated,HIGH,"{""dataset"": ""EODHD POC3 validated security master"", ""exception"": null, ""identifiers"": {""CIK"": ""0000217346"", ""CUSIP"": ""883203101"", ""ISIN"": ""US8832031012"", ""LEI"": ""3PPKBHUG1HD6BO7RNR87"", ""OpenFigi"": ""BBG000BVVQQ8""}, ""identity_correction"": null, ""identity_evidence"": [""current directory ticker and name compatible""], ""membership_source"": ""HistoricalTickerComponents"", ""provider_symbol"": ""TXT"", ""source_security_id"": ""c5bdd5a4-c424-5fcc-b06d-d81a2b582a14"", ""symbol_changes"": []}",RESOLVED,stable identifiers and provider identity preserved by validated POC3 security master
TYL,dc66ac79-c69b-5b16-a4ab-8000a41a693c,2020-06-22,,Tyler Technologies Inc,BBG000BVWZF9,US9022521051,0000860731,TYL,EODHD HistoricalTickerComponents / POC3 validated,HIGH,"{""dataset"": ""EODHD POC3 validated security master"", ""exception"": null, ""identifiers"": {""CIK"": ""0000860731"", ""CUSIP"": ""902184100"", ""ISIN"": ""US9022521051"", ""LEI"": ""25490040SMU4Z8LBCW70"", ""OpenFigi"": ""BBG000BVWZF9""}, ""identity_correction"": null, ""identity_evidence"": [""current directory ticker and name compatible""], ""membership_source"": ""HistoricalTickerComponents"", ""provider_symbol"": ""TYL"", ""source_security_id"": ""dc66ac79-c69b-5b16-a4ab-8000a41a693c"", ""symbol_changes"": []}",RESOLVED,stable identifiers and provider identity preserved by validated POC3 security master
UA,9f7bb8c8-9e19-5024-8d84-bdf61ab85582,2016-04-08,2022-06-21,Under Armour Inc C,BBG009DTD8H2,US9043112062,0001336917,UA,EODHD HistoricalTickerComponents / POC3 validated,HIGH,"{""dataset"": ""EODHD POC3 validated security master"", ""exception"": null, ""identifiers"": {""CIK"": ""0001336917"", ""CUSIP"": ""904311206"", ""ISIN"": ""US9043112062"", ""LEI"": ""549300D4549QKWETZ406"", ""OpenFigi"": ""BBG009DTD8H2""}, ""identity_correction"": null, ""identity_evidence"": [""no exact safe current/delisted instrument mapping"", ""exact ticker used as candidate pending fundamentals validation""], ""membership_source"": ""HistoricalTickerComponents"", ""provider_symbol"": ""UA"", ""source_security_id"": ""9f7bb8c8-9e19-5024-8d84-bdf61ab85582"", ""symbol_changes"": []}",RESOLVED,stable identifiers and provider identity preserved by validated POC3 security master
UAA,87104983-2ebc-5cf4-86a2-2e03f37aa351,2014-05-01,2022-06-21,Under Armour Inc A,BBG000BXM6V2,US9043111072,0001336917,UAA,EODHD HistoricalTickerComponents / POC3 validated,HIGH,"{""dataset"": ""EODHD POC3 validated security master"", ""exception"": null, ""identifiers"": {""CIK"": ""0001336917"", ""CUSIP"": ""904311107"", ""ISIN"": ""US9043111072"", ""LEI"": ""549300D4549QKWETZ406"", ""OpenFigi"": ""BBG000BXM6V2""}, ""identity_correction"": null, ""identity_evidence"": [""no exact safe current/delisted instrument mapping"", ""exact ticker used as candidate pending fundamentals validation""], ""membership_source"": ""HistoricalTickerComponents"", ""provider_symbol"": ""UAA"", ""source_security_id"": ""87104983-2ebc-5cf4-86a2-2e03f37aa351"", ""symbol_changes"": []}",RESOLVED,stable identifiers and provider identity preserved by validated POC3 security master
UAL,4cadac36-9f41-5716-9322-b8ebece4cc34,2015-09-03,,United Airlines Holdings Inc,BBG000M65M61,US9100471096,0000100517,UAL,EODHD HistoricalTickerComponents / POC3 validated,HIGH,"{""dataset"": ""EODHD POC3 validated security master"", ""exception"": null, ""identifiers"": {""CIK"": ""0000100517"", ""CUSIP"": ""902549104"", ""ISIN"": ""US9100471096"", ""LEI"": ""98450079DA0B78DD6764"", ""OpenFigi"": ""BBG000M65M61""}, ""identity_correction"": null, ""identity_evidence"": [""current directory ticker and name compatible""], ""membership_source"": ""HistoricalTickerComponents"", ""provider_symbol"": ""UAL"", ""source_security_id"": ""4cadac36-9f41-5716-9322-b8ebece4cc34"", ""symbol_changes"": []}",RESOLVED,stable identifiers and provider identity preserved by validated POC3 security master
UBER,2e23f51c-b7ca-5b23-a137-6ce8d9c80db3,2023-12-18,,Uber Technologies Inc,BBG002B04MT8,US90353T1007,0001543151,UBER,EODHD HistoricalTickerComponents / POC3 validated,HIGH,"{""dataset"": ""EODHD POC3 validated security master"", ""exception"": null, ""identifiers"": {""CIK"": ""0001543151"", ""CUSIP"": ""90353T100"", ""ISIN"": ""US90353T1007"", ""LEI"": ""549300B2FTG34FILDR98"", ""OpenFigi"": ""BBG002B04MT8""}, ""identity_correction"": null, ""identity_evidence"": [""current directory ticker and name compatible""], ""membership_source"": ""HistoricalTickerComponents"", ""provider_symbol"": ""UBER"", ""source_security_id"": ""2e23f51c-b7ca-5b23-a137-6ce8d9c80db3"", ""symbol_changes"": []}",RESOLVED,stable identifiers and provider identity preserved by validated POC3 security master
UDR,60209070-d25e-5539-9a0c-8877972eb92c,2016-03-07,,UDR Inc,BBG000C41023,US9026531049,0000074208,UDR,EODHD HistoricalTickerComponents / POC3 validated,HIGH,"{""dataset"": ""EODHD POC3 validated security master"", ""exception"": null, ""identifiers"": {""CIK"": ""0000074208"", ""CUSIP"": ""910197102"", ""ISIN"": ""US9026531049"", ""LEI"": ""P3CH2EG5X6Z1XWU1OO74"", ""OpenFigi"": ""BBG000C41023""}, ""identity_correction"": null, ""identity_evidence"": [""current directory ticker and name compatible""], ""membership_source"": ""HistoricalTickerComponents"", ""provider_symbol"": ""UDR"", ""source_security_id"": ""60209070-d25e-5539-9a0c-8877972eb92c"", ""symbol_changes"": []}",RESOLVED,stable identifiers and provider identity preserved by validated POC3 security master
UHS,9505a648-c489-5582-ad40-7f20ade60707,2014-09-22,,Universal Health Services Inc,BBG000CB8Q50,US9139031002,0000352915,UHS,EODHD HistoricalTickerComponents / POC3 validated,HIGH,"{""dataset"": ""EODHD POC3 validated security master"", ""exception"": null, ""identifiers"": {""CIK"": ""0000352915"", ""CUSIP"": ""913903100"", ""ISIN"": ""US9139031002"", ""LEI"": ""549300YGMGQDO0NMJD09"", ""OpenFigi"": ""BBG000CB8Q50""}, ""identity_correction"": null, ""identity_evidence"": [""current directory ticker and name compatible""], ""membership_source"": ""HistoricalTickerComponents"", ""provider_symbol"": ""UHS"", ""source_security_id"": ""9505a648-c489-5582-ad40-7f20ade60707"", ""symbol_changes"": []}",RESOLVED,stable identifiers and provider identity preserved by validated POC3 security master
ULTA,56cb79ee-da04-506e-aeea-1768ffa4e3b2,2016-04-18,,Ulta Beauty Inc,BBG00FWQ4VD6,US90384S3031,0001403568,ULTA,EODHD HistoricalTickerComponents / POC3 validated,HIGH,"{""dataset"": ""EODHD POC3 validated security master"", ""exception"": null, ""identifiers"": {""CIK"": ""0001403568"", ""CUSIP"": ""90384S303"", ""ISIN"": ""US90384S3031"", ""LEI"": ""529900CIV6HN8M28YM82"", ""OpenFigi"": ""BBG00FWQ4VD6""}, ""identity_correction"": null, ""identity_evidence"": [""current directory ticker and name compatible""], ""membership_source"": ""HistoricalTickerComponents"", ""provider_symbol"": ""ULTA"", ""source_security_id"": ""56cb79ee-da04-506e-aeea-1768ffa4e3b2"", ""symbol_changes"": []}",RESOLVED,stable identifiers and provider identity preserved by validated POC3 security master
UNH,ff6b5b3c-db4d-523c-81b4-2b09182057a5,1994-07-01,,UnitedHealth Group Incorporated,BBG000CH5208,US91324P1021,0000731766,UNH,EODHD HistoricalTickerComponents / POC3 validated,HIGH,"{""dataset"": ""EODHD POC3 validated security master"", ""exception"": null, ""identifiers"": {""CIK"": ""0000731766"", ""CUSIP"": ""910581107"", ""ISIN"": ""US91324P1021"", ""LEI"": ""549300GHBMY8T5GXDE41"", ""OpenFigi"": ""BBG000CH5208""}, ""identity_correction"": null, ""identity_evidence"": [""current directory ticker and name compatible""], ""membership_source"": ""HistoricalTickerComponents"", ""provider_symbol"": ""UNH"", ""source_security_id"": ""ff6b5b3c-db4d-523c-81b4-2b09182057a5"", ""symbol_changes"": []}",RESOLVED,stable identifiers and provider identity preserved by validated POC3 security master
UNP,5513fff7-ac28-5033-bbff-c860486e0a5c,1957-03-04,,Union Pacific Corporation,BBG000BW3299,US9078181081,0000100885,UNP,EODHD HistoricalTickerComponents / POC3 validated,HIGH,"{""dataset"": ""EODHD POC3 validated security master"", ""exception"": null, ""identifiers"": {""CIK"": ""0000100885"", ""CUSIP"": ""907818108"", ""ISIN"": ""US9078181081"", ""LEI"": ""549300LMMRSZZCZ8CL11"", ""OpenFigi"": ""BBG000BW3299""}, ""identity_correction"": null, ""identity_evidence"": [""current directory ticker and name compatible""], ""membership_source"": ""HistoricalTickerComponents"", ""provider_symbol"": ""UNP"", ""source_security_id"": ""5513fff7-ac28-5033-bbff-c860486e0a5c"", ""symbol_changes"": []}",RESOLVED,stable identifiers and provider identity preserved by validated POC3 security master
UPS,40e32d56-4f81-598e-8f80-bcd62e61b7ba,2002-07-22,,United Parcel Service Inc,BBG000L9CV04,US9113121068,0001090727,UPS,EODHD HistoricalTickerComponents / POC3 validated,HIGH,"{""dataset"": ""EODHD POC3 validated security master"", ""exception"": null, ""identifiers"": {""CIK"": ""0001090727"", ""CUSIP"": ""911312106"", ""ISIN"": ""US9113121068"", ""LEI"": ""D01LMJZU09ULLNCY6Z23"", ""OpenFigi"": ""BBG000L9CV04""}, ""identity_correction"": null, ""identity_evidence"": [""current directory ticker and name compatible""], ""membership_source"": ""HistoricalTickerComponents"", ""provider_symbol"": ""UPS"", ""source_security_id"": ""40e32d56-4f81-598e-8f80-bcd62e61b7ba"", ""symbol_changes"": []}",RESOLVED,stable identifiers and provider identity preserved by validated POC3 security master
URI,eef7248b-fef1-50c0-acbb-7b84a7c46ace,2014-09-22,,United Rentals Inc,BBG000BXMFC3,US9113631090,0001067701,URI,EODHD HistoricalTickerComponents / POC3 validated,HIGH,"{""dataset"": ""EODHD POC3 validated security master"", ""exception"": null, ""identifiers"": {""CIK"": ""0001067701"", ""CUSIP"": ""911363109"", ""ISIN"": ""US9113631090"", ""LEI"": ""5323X5O7RN0NKFCDRY08"", ""OpenFigi"": ""BBG000BXMFC3""}, ""identity_correction"": null, ""identity_evidence"": [""current directory ticker and name compatible""], ""membership_source"": ""HistoricalTickerComponents"", ""provider_symbol"": ""URI"", ""source_security_id"": ""eef7248b-fef1-50c0-acbb-7b84a7c46ace"", ""symbol_changes"": []}",RESOLVED,stable identifiers and provider identity preserved by validated POC3 security master
USB,6f20ee11-7773-56ba-8db9-24aa920b30ff,1999-11-01,,U.S. Bancorp,BBG000FFDM15,US9029733048,0000036104,USB,EODHD HistoricalTickerComponents / POC3 validated,HIGH,"{""dataset"": ""EODHD POC3 validated security master"", ""exception"": null, ""identifiers"": {""CIK"": ""0000036104"", ""CUSIP"": ""319279501"", ""ISIN"": ""US9029733048"", ""LEI"": ""N1GZ7BBF3NP8GI976H15"", ""OpenFigi"": ""BBG000FFDM15""}, ""identity_correction"": null, ""identity_evidence"": [""current directory ticker and name compatible""], ""membership_source"": ""HistoricalTickerComponents"", ""provider_symbol"": ""USB"", ""source_security_id"": ""6f20ee11-7773-56ba-8db9-24aa920b30ff"", ""symbol_changes"": []}",RESOLVED,stable identifiers and provider identity preserved by validated POC3 security master
V,fd6a7c3d-16ff-5e7f-bab1-b69e8408ff16,2009-12-18,,Visa Inc. Class A,BBG000PSKYX7,US92826C8394,0001403161,V,EODHD HistoricalTickerComponents / POC3 validated,HIGH,"{""dataset"": ""EODHD POC3 validated security master"", ""exception"": null, ""identifiers"": {""CIK"": ""0001403161"", ""CUSIP"": ""92826C839"", ""ISIN"": ""US92826C8394"", ""LEI"": ""549300JZ4OKEHW3DPJ59"", ""OpenFigi"": ""BBG000PSKYX7""}, ""identity_correction"": null, ""identity_evidence"": [""current directory ticker and name compatible""], ""membership_source"": ""HistoricalTickerComponents"", ""provider_symbol"": ""V"", ""source_security_id"": ""fd6a7c3d-16ff-5e7f-bab1-b69e8408ff16"", ""symbol_changes"": []}",RESOLVED,stable identifiers and provider identity preserved by validated POC3 security master
VEEV,056bb4af-75d7-5ef2-9ab8-d37a0c1387c5,2026-05-07,,Veeva Systems Inc Class A,BBG001CGB489,US9224751084,0001393052,VEEV,EODHD HistoricalTickerComponents / POC3 validated,HIGH,"{""dataset"": ""EODHD POC3 validated security master"", ""exception"": null, ""identifiers"": {""CIK"": ""0001393052"", ""CUSIP"": ""922475108"", ""ISIN"": ""US9224751084"", ""LEI"": ""549300YZEXPDB92M2F02"", ""OpenFigi"": ""BBG001CGB489""}, ""identity_correction"": null, ""identity_evidence"": [""current directory ticker and name compatible""], ""membership_source"": ""HistoricalTickerComponents"", ""provider_symbol"": ""VEEV"", ""source_security_id"": ""056bb4af-75d7-5ef2-9ab8-d37a0c1387c5"", ""symbol_changes"": []}",RESOLVED,stable identifiers and provider identity preserved by validated POC3 security master
VFC,4b6cbf73-92f2-5e67-82f8-dfecb372d248,1979-06-30,2024-04-03,VF Corporation,BBG000BWCKB6,US9182041080,0000103379,VFC,EODHD HistoricalTickerComponents / POC3 validated,HIGH,"{""dataset"": ""EODHD POC3 validated security master"", ""exception"": null, ""identifiers"": {""CIK"": ""0000103379"", ""CUSIP"": ""918204108"", ""ISIN"": ""US9182041080"", ""LEI"": ""CWAJJ9DJ5Z7P057HV541"", ""OpenFigi"": ""BBG000BWCKB6""}, ""identity_correction"": null, ""identity_evidence"": [""no exact safe current/delisted instrument mapping"", ""exact ticker used as candidate pending fundamentals validation""], ""membership_source"": ""HistoricalTickerComponents"", ""provider_symbol"": ""VFC"", ""source_security_id"": ""4b6cbf73-92f2-5e67-82f8-dfecb372d248"", ""symbol_changes"": []}",RESOLVED,stable identifiers and provider identity preserved by validated POC3 security master
VGNT,197b27bb-2700-5f70-9a1a-17e883956582,2026-04-01,2026-04-02,Versigent PLC,BBG01SLWMYD0,JE00BWK75100,,VGNT,EODHD HistoricalTickerComponents / POC3 validated,HIGH,"{""dataset"": ""EODHD POC3 validated security master"", ""exception"": null, ""identifiers"": {""ISIN"": ""JE00BWK75100"", ""OpenFigi"": ""BBG01SLWMYD0""}, ""identity_correction"": null, ""identity_evidence"": [""no exact safe current/delisted instrument mapping"", ""exact ticker used as candidate pending fundamentals validation""], ""membership_source"": ""HistoricalTickerComponents"", ""provider_symbol"": ""VGNT"", ""source_security_id"": ""197b27bb-2700-5f70-9a1a-17e883956582"", ""symbol_changes"": []}",RESOLVED,stable identifiers and provider identity preserved by validated POC3 security master
VICI,4c6f308f-8f6b-5d86-86a7-5880c61c71d6,2022-06-08,,VICI Properties Inc,BBG00HVVB499,US9256521090,0001705696,VICI,EODHD HistoricalTickerComponents / POC3 validated,HIGH,"{""dataset"": ""EODHD POC3 validated security master"", ""exception"": null, ""identifiers"": {""CIK"": ""0001705696"", ""CUSIP"": ""925652109"", ""ISIN"": ""US9256521090"", ""LEI"": ""254900RKH6RY9KCJQH63"", ""OpenFigi"": ""BBG00HVVB499""}, ""identity_correction"": null, ""identity_evidence"": [""current directory ticker and name compatible""], ""membership_source"": ""HistoricalTickerComponents"", ""provider_symbol"": ""VICI"", ""source_security_id"": ""4c6f308f-8f6b-5d86-86a7-5880c61c71d6"", ""symbol_changes"": []}",RESOLVED,stable identifiers and provider identity preserved by validated POC3 security master
VLO,ba8f6cdf-01b7-52ea-b7c7-d00dc76d8ccf,2002-12-20,,Valero Energy Corporation,BBG000BBGGQ1,US91913Y1001,0001035002,VLO,EODHD HistoricalTickerComponents / POC3 validated,HIGH,"{""dataset"": ""EODHD POC3 validated security master"", ""exception"": null, ""identifiers"": {""CIK"": ""0001035002"", ""CUSIP"": ""91913Y100"", ""ISIN"": ""US91913Y1001"", ""LEI"": ""549300XTO5VR8SKV1V74"", ""OpenFigi"": ""BBG000BBGGQ1""}, ""identity_correction"": null, ""identity_evidence"": [""current directory ticker and name compatible""], ""membership_source"": ""HistoricalTickerComponents"", ""provider_symbol"": ""VLO"", ""source_security_id"": ""ba8f6cdf-01b7-52ea-b7c7-d00dc76d8ccf"", ""symbol_changes"": []}",RESOLVED,stable identifiers and provider identity preserved by validated POC3 security master
VLTO,e1f29ae5-f200-5389-a583-d291d1f1e16c,2023-10-02,,Veralto Corporation,BBG019Q32XJ9,US92338C1036,0001967680,VLTO,EODHD HistoricalTickerComponents / POC3 validated,HIGH,"{""dataset"": ""EODHD POC3 validated security master"", ""exception"": null, ""identifiers"": {""CIK"": ""0001967680"", ""CUSIP"": ""92338C103"", ""ISIN"": ""US92338C1036"", ""OpenFigi"": ""BBG019Q32XJ9""}, ""identity_correction"": null, ""identity_evidence"": [""current directory ticker and name compatible""], ""membership_source"": ""HistoricalTickerComponents"", ""provider_symbol"": ""VLTO"", ""source_security_id"": ""e1f29ae5-f200-5389-a583-d291d1f1e16c"", ""symbol_changes"": []}",RESOLVED,stable identifiers and provider identity preserved by validated POC3 security master
VMC,877793c0-a728-52fa-8daa-7a3d46c8cebf,1999-06-30,,Vulcan Materials Company,BBG000BWGYF8,US9291601097,0001396009,VMC,EODHD HistoricalTickerComponents / POC3 validated,HIGH,"{""dataset"": ""EODHD POC3 validated security master"", ""exception"": null, ""identifiers"": {""CIK"": ""0001396009"", ""CUSIP"": ""929160109"", ""ISIN"": ""US9291601097"", ""LEI"": ""549300Q8LSNHAVWBNI21"", ""OpenFigi"": ""BBG000BWGYF8""}, ""identity_correction"": null, ""identity_evidence"": [""current directory ticker and name compatible""], ""membership_source"": ""HistoricalTickerComponents"", ""provider_symbol"": ""VMC"", ""source_security_id"": ""877793c0-a728-52fa-8daa-7a3d46c8cebf"", ""symbol_changes"": []}",RESOLVED,stable identifiers and provider identity preserved by validated POC3 security master
VMRK,f1d1017f-ee00-54d7-976a-9f446a3814f0,2001-12-03,,Vivmark Residential,BBG000BG8M31,US29476L1070,,VMRK,EODHD HistoricalTickerComponents / POC3 validated,HIGH,"{""dataset"": ""EODHD POC3 validated security master"", ""exception"": null, ""identifiers"": {""ISIN"": ""US29476L1070"", ""LEI"": ""5493008RACSH5EP3PI59"", ""OpenFigi"": ""BBG000BG8M31""}, ""identity_correction"": null, ""identity_evidence"": [""current directory ticker and name compatible""], ""membership_source"": ""HistoricalTickerComponents"", ""provider_symbol"": ""VMRK"", ""source_security_id"": ""f1d1017f-ee00-54d7-976a-9f446a3814f0"", ""symbol_changes"": [{""company_name"": ""Vivmark Residential"", ""effective"": ""2026-08-18"", ""exchange"": ""US"", ""new_symbol"": ""VMRK"", ""old_symbol"": ""AVB""}, {""company_name"": ""Vivmark Residential Common Shares of Beneficial Interest"", ""effective"": ""2026-08-18"", ""exchange"": ""US"", ""new_symbol"": ""VMRK"", ""old_symbol"": ""EQR""}]}",RESOLVED,stable identifiers and provider identity preserved by validated POC3 security master
VNO,a3469fd6-eba8-5f29-9604-77630017d7c6,2012-04-01,2023-01-05,Vornado Realty Trust,BBG000BWHD54,US9290421091,0000899689,VNO,EODHD HistoricalTickerComponents / POC3 validated,HIGH,"{""dataset"": ""EODHD POC3 validated security master"", ""exception"": null, ""identifiers"": {""CIK"": ""0000899689"", ""CUSIP"": ""929042703"", ""ISIN"": ""US9290421091"", ""OpenFigi"": ""BBG000BWHD54""}, ""identity_correction"": null, ""identity_evidence"": [""no exact safe current/delisted instrument mapping"", ""exact ticker used as candidate pending fundamentals validation""], ""membership_source"": ""HistoricalTickerComponents"", ""provider_symbol"": ""VNO"", ""source_security_id"": ""a3469fd6-eba8-5f29-9604-77630017d7c6"", ""symbol_changes"": []}",RESOLVED,stable identifiers and provider identity preserved by validated POC3 security master
VRSK,b4ff8210-e537-56a6-9932-49078624c374,2015-10-08,,Verisk Analytics Inc,BBG000BCZL41,US92345Y1064,0001442145,VRSK,EODHD HistoricalTickerComponents / POC3 validated,HIGH,"{""dataset"": ""EODHD POC3 validated security master"", ""exception"": null, ""identifiers"": {""CIK"": ""0001442145"", ""CUSIP"": ""92345Y106"", ""ISIN"": ""US92345Y1064"", ""LEI"": ""549300I1YSWNIRKBWP67"", ""OpenFigi"": ""BBG000BCZL41""}, ""identity_correction"": null, ""identity_evidence"": [""current directory ticker and name compatible""], ""membership_source"": ""HistoricalTickerComponents"", ""provider_symbol"": ""VRSK"", ""source_security_id"": ""b4ff8210-e537-56a6-9932-49078624c374"", ""symbol_changes"": []}",RESOLVED,stable identifiers and provider identity preserved by validated POC3 security master
VRSN,cf89ee2a-739d-51d8-85f4-59db26f0625e,2006-02-01,,VeriSign Inc,BBG000BGKHZ3,US92343E1029,0001014473,VRSN,EODHD HistoricalTickerComponents / POC3 validated,HIGH,"{""dataset"": ""EODHD POC3 validated security master"", ""exception"": null, ""identifiers"": {""CIK"": ""0001014473"", ""CUSIP"": ""92343E102"", ""ISIN"": ""US92343E1029"", ""LEI"": ""LMPL4N8ZOJRMF0KOF759"", ""OpenFigi"": ""BBG000BGKHZ3""}, ""identity_correction"": null, ""identity_evidence"": [""current directory ticker and name compatible""], ""membership_source"": ""HistoricalTickerComponents"", ""provider_symbol"": ""VRSN"", ""source_security_id"": ""cf89ee2a-739d-51d8-85f4-59db26f0625e"", ""symbol_changes"": []}",RESOLVED,stable identifiers and provider identity preserved by validated POC3 security master
VRT,49e2f7c6-355b-5dd4-9981-905dff6ea59c,2026-03-23,,Vertiv Holdings Co,BBG00L2B8KW8,US92537N1081,0001674101,VRT,EODHD HistoricalTickerComponents / POC3 validated,HIGH,"{""dataset"": ""EODHD POC3 validated security master"", ""exception"": null, ""identifiers"": {""CIK"": ""0001674101"", ""CUSIP"": ""36255F201"", ""ISIN"": ""US92537N1081"", ""LEI"": ""549300KTTIRAOGXCRV69"", ""OpenFigi"": ""BBG00L2B8KW8""}, ""identity_correction"": null, ""identity_evidence"": [""current directory ticker and name compatible""], ""membership_source"": ""HistoricalTickerComponents"", ""provider_symbol"": ""VRT"", ""source_security_id"": ""49e2f7c6-355b-5dd4-9981-905dff6ea59c"", ""symbol_changes"": []}",RESOLVED,stable identifiers and provider identity preserved by validated POC3 security master
VRTX,7c21e303-bced-554f-9f16-8b674a93c611,2013-09-23,,Vertex Pharmaceuticals Inc,BBG000C1S2X2,US92532F1003,0000875320,VRTX,EODHD HistoricalTickerComponents / POC3 validated,HIGH,"{""dataset"": ""EODHD POC3 validated security master"", ""exception"": null, ""identifiers"": {""CIK"": ""0000875320"", ""CUSIP"": ""92532F100"", ""ISIN"": ""US92532F1003"", ""LEI"": ""54930015RAQRRZ5ZGJ91"", ""OpenFigi"": ""BBG000C1S2X2""}, ""identity_correction"": null, ""identity_evidence"": [""current directory ticker and name compatible""], ""membership_source"": ""HistoricalTickerComponents"", ""provider_symbol"": ""VRTX"", ""source_security_id"": ""7c21e303-bced-554f-9f16-8b674a93c611"", ""symbol_changes"": []}",RESOLVED,stable identifiers and provider identity preserved by validated POC3 security master
VSNT,9852cfda-78da-515f-bcda-6652a57bfd55,2026-01-05,2026-01-06,"Versant Media Group, Inc.",BBG01Y0M8K11,US9252831030,0002067876,VSNT,EODHD HistoricalTickerComponents / POC3 validated,HIGH,"{""dataset"": ""EODHD POC3 validated security master"", ""exception"": null, ""identifiers"": {""CIK"": ""0002067876"", ""CUSIP"": ""925283103"", ""ISIN"": ""US9252831030"", ""OpenFigi"": ""BBG01Y0M8K11""}, ""identity_correction"": {""classification"": ""RESOLVED_WITH_REPLACEMENT_IDENTITY"", ""evidence"": ""The EODHD HistoricalTickerComponents row incorrectly resolves the 2026-01-05 spin-off membership to old Versant Corp. S&P DJI identifies the security moving to the S&P SmallCap 600 on 2026-01-06 as Versant Media Group Inc. (VSNT), spun off from S&P 500 constituent Comcast. SEC/issuer filings confirm regular-way Nasdaq trading began 2026-01-05. Old Versant Corp remains a separate security."", ""replacement_identity"": {""confidence"": ""HIGH"", ""first_regular_trading_date"": ""2026-01-05"", ""first_when_issued_trading_date"": ""2025-12-15"", ""identifiers"": {""CIK"": ""0002067876"", ""CUSIP"": ""925283103"", ""ISIN"": ""US9252831030"", ""OpenFigi"": ""BBG01Y0M8K11""}, ""membership_valid_from"": ""2026-01-05"", ""membership_valid_to"": ""2026-01-06"", ""name"": ""Versant Media Group, Inc."", ""provider_symbol"": ""VSNT"", ""security_id"": ""9852cfda-78da-515f-bcda-6652a57bfd55"", ""sources"": [""S&P DJI 2025-12-23 constituent announcement 1481212_cmcsa-vsnt-snv-546"", ""Versant Media Group SEC 2026 Form 10-K, CIK 0002067876"", ""Versant/Comcast 2026-01-05 spin-off completion releases"", ""EODHD cached General and EOD responses for VSNT.US""], ""ticker"": ""VSNT""}}, ""identity_evidence"": ""The EODHD HistoricalTickerComponents row incorrectly resolves the 2026-01-05 spin-off membership to old Versant Corp. S&P DJI identifies the security moving to the S&P SmallCap 600 on 2026-01-06 as Versant Media Group Inc. (VSNT), spun off from S&P 500 constituent Comcast. SEC/issuer filings confirm regular-way Nasdaq trading began 2026-01-05. Old Versant Corp remains a separate security."", ""membership_source"": ""HistoricalTickerComponents"", ""provider_symbol"": ""VSNT"", ""source_security_id"": ""9e2b69e4-e087-5752-9395-02b677ae8102"", ""symbol_changes"": []}",RESOLVED,stable identifiers and provider identity preserved by validated POC3 security master
VSNT_OLD,9e2b69e4-e087-5752-9395-02b677ae8102,2026-01-05,2026-01-06,Versant Corp,,,0000865917,VSNT_old,EODHD HistoricalTickerComponents / POC3 validated,HIGH,"{""dataset"": ""EODHD POC3 validated security master"", ""identifiers"": {""CIK"": ""0000865917"", ""CUSIP"": ""925284101""}, ""identity_evidence"": [""delisted directory ticker and name compatible""], ""membership_source"": ""HistoricalTickerComponents provider misidentification"", ""provider_symbol"": ""VSNT_old"", ""replacement_security_id"": ""9852cfda-78da-515f-bcda-6652a57bfd55"", ""superseded_identity_evidence"": ""The EODHD HistoricalTickerComponents row incorrectly resolves the 2026-01-05 spin-off membership to old Versant Corp. S&P DJI identifies the security moving to the S&P SmallCap 600 on 2026-01-06 as Versant Media Group Inc. (VSNT), spun off from S&P 500 constituent Comcast. SEC/issuer filings confirm regular-way Nasdaq trading began 2026-01-05. Old Versant Corp remains a separate security.""}",NON_TRADABLE,provider identity superseded; retained for audit only
VST,28b99525-8f98-5344-8959-af6ca8653be4,2024-05-08,,Vistra Corp.,BBG00DXDL6Q1,US92840M1027,0001692819,VST,EODHD HistoricalTickerComponents / POC3 validated,HIGH,"{""dataset"": ""EODHD POC3 validated security master"", ""exception"": null, ""identifiers"": {""CIK"": ""0001692819"", ""CUSIP"": ""92840M102"", ""ISIN"": ""US92840M1027"", ""LEI"": ""549300KP43CPCUJOOG15"", ""OpenFigi"": ""BBG00DXDL6Q1""}, ""identity_correction"": null, ""identity_evidence"": [""current directory ticker and name compatible""], ""membership_source"": ""HistoricalTickerComponents"", ""provider_symbol"": ""VST"", ""source_security_id"": ""28b99525-8f98-5344-8959-af6ca8653be4"", ""symbol_changes"": []}",RESOLVED,stable identifiers and provider identity preserved by validated POC3 security master
VTR,b91df77c-4ee9-573a-b617-ea81130ecc69,2009-03-03,,Ventas Inc,BBG000FRVHB9,US92276F1003,0000740260,VTR,EODHD HistoricalTickerComponents / POC3 validated,HIGH,"{""dataset"": ""EODHD POC3 validated security master"", ""exception"": null, ""identifiers"": {""CIK"": ""0000740260"", ""CUSIP"": ""922602107"", ""ISIN"": ""US92276F1003"", ""LEI"": ""ORQTRC074CWLT3DKHT41"", ""OpenFigi"": ""BBG000FRVHB9""}, ""identity_correction"": null, ""identity_evidence"": [""current directory ticker and name compatible""], ""membership_source"": ""HistoricalTickerComponents"", ""provider_symbol"": ""VTR"", ""source_security_id"": ""b91df77c-4ee9-573a-b617-ea81130ecc69"", ""symbol_changes"": []}",RESOLVED,stable identifiers and provider identity preserved by validated POC3 security master
VTRS,43a93ceb-c183-5276-ba96-b0259520adf8,2004-04-23,,Viatris Inc,BBG00Y4RQNH4,US92556V1061,0001792044,VTRS,EODHD HistoricalTickerComponents / POC3 validated,HIGH,"{""dataset"": ""EODHD POC3 validated security master"", ""exception"": null, ""identifiers"": {""CIK"": ""0001792044"", ""CUSIP"": ""92556V106"", ""ISIN"": ""US92556V1061"", ""LEI"": ""254900ZZTSW7NL773X71"", ""OpenFigi"": ""BBG00Y4RQNH4""}, ""identity_correction"": null, ""identity_evidence"": [""current directory ticker and name compatible""], ""membership_source"": ""HistoricalTickerComponents"", ""provider_symbol"": ""VTRS"", ""source_security_id"": ""43a93ceb-c183-5276-ba96-b0259520adf8"", ""symbol_changes"": []}",RESOLVED,stable identifiers and provider identity preserved by validated POC3 security master
VZ,0b9d91db-992d-5220-a4f8-267fd5ef1365,1983-11-30,,Verizon Communications Inc,BBG000HS77T5,US92343V1044,0000732712,VZ,EODHD HistoricalTickerComponents / POC3 validated,HIGH,"{""dataset"": ""EODHD POC3 validated security master"", ""exception"": null, ""identifiers"": {""CIK"": ""0000732712"", ""CUSIP"": ""077853109"", ""ISIN"": ""US92343V1044"", ""LEI"": ""2S72QS2UO2OESLG6Y829"", ""OpenFigi"": ""BBG000HS77T5""}, ""identity_correction"": null, ""identity_evidence"": [""current directory ticker and name compatible""], ""membership_source"": ""HistoricalTickerComponents"", ""provider_symbol"": ""VZ"", ""source_security_id"": ""0b9d91db-992d-5220-a4f8-267fd5ef1365"", ""symbol_changes"": []}",RESOLVED,stable identifiers and provider identity preserved by validated POC3 security master
WAB,c88162ac-6d21-550b-908d-759e7af5b815,2012-04-01,,Westinghouse Air Brake Technologies Corp,BBG000BDD940,US9297401088,0000943452,WAB,EODHD HistoricalTickerComponents / POC3 validated,HIGH,"{""dataset"": ""EODHD POC3 validated security master"", ""exception"": null, ""identifiers"": {""CIK"": ""0000943452"", ""CUSIP"": ""960386100"", ""ISIN"": ""US9297401088"", ""LEI"": ""06BTX5UWZD0GQ5N5Y745"", ""OpenFigi"": ""BBG000BDD940""}, ""identity_correction"": null, ""identity_evidence"": [""current directory ticker and name compatible""], ""membership_source"": ""HistoricalTickerComponents"", ""provider_symbol"": ""WAB"", ""source_security_id"": ""c88162ac-6d21-550b-908d-759e7af5b815"", ""symbol_changes"": []}",RESOLVED,stable identifiers and provider identity preserved by validated POC3 security master
WAT,80dacd27-e83f-56fd-9495-2b332f846332,2002-01-02,,Waters Corporation,BBG000FQRVM3,US9418481035,0001000697,WAT,EODHD HistoricalTickerComponents / POC3 validated,HIGH,"{""dataset"": ""EODHD POC3 validated security master"", ""exception"": null, ""identifiers"": {""CIK"": ""0001000697"", ""CUSIP"": ""941848103"", ""ISIN"": ""US9418481035"", ""LEI"": ""5T547R1474YC9HOD8Q74"", ""OpenFigi"": ""BBG000FQRVM3""}, ""identity_correction"": null, ""identity_evidence"": [""current directory ticker and name compatible""], ""membership_source"": ""HistoricalTickerComponents"", ""provider_symbol"": ""WAT"", ""source_security_id"": ""80dacd27-e83f-56fd-9495-2b332f846332"", ""symbol_changes"": []}",RESOLVED,stable identifiers and provider identity preserved by validated POC3 security master
WBA,18726de7-5f34-5d86-a886-dcfc331b0c36,1979-12-31,2025-08-28,Walgreens Boots Alliance Inc,BBG000BWLMJ4,US9314271084,0001618921,WBA,EODHD HistoricalTickerComponents / POC3 validated,HIGH,"{""dataset"": ""EODHD POC3 validated security master"", ""exception"": null, ""identifiers"": {""CIK"": ""0001618921"", ""CUSIP"": ""931422109"", ""ISIN"": ""US9314271084"", ""LEI"": ""549300RPTUOIXG4LIH86"", ""OpenFigi"": ""BBG000BWLMJ4""}, ""identity_correction"": null, ""identity_evidence"": [""delisted directory ticker and name compatible""], ""membership_source"": ""HistoricalTickerComponents"", ""provider_symbol"": ""WBA"", ""source_security_id"": ""18726de7-5f34-5d86-a886-dcfc331b0c36"", ""symbol_changes"": []}",RESOLVED,stable identifiers and provider identity preserved by validated POC3 security master
WBD,17f8ef24-87e1-5ad4-8933-c4fdcc1e29a4,2014-08-07,,Warner Bros Discovery Inc,BBG011386VF4,US9344231041,0001437107,WBD,EODHD HistoricalTickerComponents / POC3 validated,HIGH,"{""dataset"": ""EODHD POC3 validated security master"", ""exception"": null, ""identifiers"": {""CIK"": ""0001437107"", ""CUSIP"": ""934423104"", ""ISIN"": ""US9344231041"", ""LEI"": ""5493006ZCRFWKF6B1K26"", ""OpenFigi"": ""BBG011386VF4""}, ""identity_correction"": null, ""identity_evidence"": [""current directory ticker and name compatible""], ""membership_source"": ""HistoricalTickerComponents"", ""provider_symbol"": ""WBD"", ""source_security_id"": ""17f8ef24-87e1-5ad4-8933-c4fdcc1e29a4"", ""symbol_changes"": []}",RESOLVED,stable identifiers and provider identity preserved by validated POC3 security master
WDAY,b781ab6e-5254-58d9-89e5-1102522ce345,2024-12-23,,Workday Inc,BBG000VC0T95,US98138H1014,0001327811,WDAY,EODHD HistoricalTickerComponents / POC3 validated,HIGH,"{""dataset"": ""EODHD POC3 validated security master"", ""exception"": null, ""identifiers"": {""CIK"": ""0001327811"", ""CUSIP"": ""98138H101"", ""ISIN"": ""US98138H1014"", ""LEI"": ""549300J0DYC0N31V7G13"", ""OpenFigi"": ""BBG000VC0T95""}, ""identity_correction"": null, ""identity_evidence"": [""current directory ticker and name compatible""], ""membership_source"": ""HistoricalTickerComponents"", ""provider_symbol"": ""WDAY"", ""source_security_id"": ""b781ab6e-5254-58d9-89e5-1102522ce345"", ""symbol_changes"": []}",RESOLVED,stable identifiers and provider identity preserved by validated POC3 security master
WDC,d1e56104-3d99-518e-88ce-a9be6b90213f,2009-07-01,,Western Digital Corporation,BBG000BWNFZ9,US9581021055,0000106040,WDC,EODHD HistoricalTickerComponents / POC3 validated,HIGH,"{""dataset"": ""EODHD POC3 validated security master"", ""exception"": null, ""identifiers"": {""CIK"": ""0000106040"", ""CUSIP"": ""958102105"", ""ISIN"": ""US9581021055"", ""LEI"": ""549300QQXOOYEF89IC56"", ""OpenFigi"": ""BBG000BWNFZ9""}, ""identity_correction"": null, ""identity_evidence"": [""current directory ticker and name compatible""], ""membership_source"": ""HistoricalTickerComponents"", ""provider_symbol"": ""WDC"", ""source_security_id"": ""d1e56104-3d99-518e-88ce-a9be6b90213f"", ""symbol_changes"": []}",RESOLVED,stable identifiers and provider identity preserved by validated POC3 security master
WEC,5ce6e915-2f9c-516d-bd9f-6406990c2c0a,2008-10-31,,WEC Energy Group Inc,BBG000BWP7D9,US92939U1060,0000783325,WEC,EODHD HistoricalTickerComponents / POC3 validated,HIGH,"{""dataset"": ""EODHD POC3 validated security master"", ""exception"": null, ""identifiers"": {""CIK"": ""0000783325"", ""CUSIP"": ""92939U106"", ""ISIN"": ""US92939U1060"", ""LEI"": ""549300IGLYTZUK3PVP70"", ""OpenFigi"": ""BBG000BWP7D9""}, ""identity_correction"": null, ""identity_evidence"": [""current directory ticker and name compatible""], ""membership_source"": ""HistoricalTickerComponents"", ""provider_symbol"": ""WEC"", ""source_security_id"": ""5ce6e915-2f9c-516d-bd9f-6406990c2c0a"", ""symbol_changes"": []}",RESOLVED,stable identifiers and provider identity preserved by validated POC3 security master
WELL,9389d32c-e8fd-570c-b6f2-da80de5fe809,2009-01-30,,Welltower Inc,BBG000BKY1G5,US95040Q1040,0000766704,WELL,EODHD HistoricalTickerComponents / POC3 validated,HIGH,"{""dataset"": ""EODHD POC3 validated security master"", ""exception"": null, ""identifiers"": {""CIK"": ""0000766704"", ""CUSIP"": ""42217K106"", ""ISIN"": ""US95040Q1040"", ""LEI"": ""T6IZ0MBEG5ACZDTR7D06"", ""OpenFigi"": ""BBG000BKY1G5""}, ""identity_correction"": null, ""identity_evidence"": [""current directory ticker and name compatible""], ""membership_source"": ""HistoricalTickerComponents"", ""provider_symbol"": ""WELL"", ""source_security_id"": ""9389d32c-e8fd-570c-b6f2-da80de5fe809"", ""symbol_changes"": []}",RESOLVED,stable identifiers and provider identity preserved by validated POC3 security master
WFC,6beae94d-7c84-5d8e-9ac5-d1b0f31c1f79,1976-06-30,,Wells Fargo & Company,BBG000BWQFY7,US9497461015,0000072971,WFC,EODHD HistoricalTickerComponents / POC3 validated,HIGH,"{""dataset"": ""EODHD POC3 validated security master"", ""exception"": null, ""identifiers"": {""CIK"": ""0000072971"", ""CUSIP"": ""668231103"", ""ISIN"": ""US9497461015"", ""LEI"": ""PBLD0EJDB5FWOLXP3B76"", ""OpenFigi"": ""BBG000BWQFY7""}, ""identity_correction"": null, ""identity_evidence"": [""current directory ticker and name compatible""], ""membership_source"": ""HistoricalTickerComponents"", ""provider_symbol"": ""WFC"", ""source_security_id"": ""6beae94d-7c84-5d8e-9ac5-d1b0f31c1f79"", ""symbol_changes"": []}",RESOLVED,stable identifiers and provider identity preserved by validated POC3 security master
WHR,62f7b683-ee8a-5cc7-bafc-d209cd7ad358,1958-03-31,2024-03-18,Whirlpool Corporation,BBG000BWSV34,US9633201069,0000106640,WHR,EODHD HistoricalTickerComponents / POC3 validated,HIGH,"{""dataset"": ""EODHD POC3 validated security master"", ""exception"": null, ""identifiers"": {""CIK"": ""0000106640"", ""CUSIP"": ""963320106"", ""ISIN"": ""US9633201069"", ""LEI"": ""WHENKOULSSK7WUM60H03"", ""OpenFigi"": ""BBG000BWSV34""}, ""identity_correction"": null, ""identity_evidence"": [""no exact safe current/delisted instrument mapping"", ""exact ticker used as candidate pending fundamentals validation""], ""membership_source"": ""HistoricalTickerComponents"", ""provider_symbol"": ""WHR"", ""source_security_id"": ""62f7b683-ee8a-5cc7-bafc-d209cd7ad358"", ""symbol_changes"": []}",RESOLVED,stable identifiers and provider identity preserved by validated POC3 security master
WM,c5f92331-70b9-57b7-adeb-045c6b3ecc66,1998-08-31,,Waste Management Inc,BBG000BWVSR1,US94106L1098,0000823768,WM,EODHD HistoricalTickerComponents / POC3 validated,HIGH,"{""dataset"": ""EODHD POC3 validated security master"", ""exception"": null, ""identifiers"": {""CIK"": ""0000823768"", ""CUSIP"": ""902917103"", ""ISIN"": ""US94106L1098"", ""LEI"": ""549300YX8JIID70NFS41"", ""OpenFigi"": ""BBG000BWVSR1""}, ""identity_correction"": null, ""identity_evidence"": [""current directory ticker and name compatible""], ""membership_source"": ""HistoricalTickerComponents"", ""provider_symbol"": ""WM"", ""source_security_id"": ""c5f92331-70b9-57b7-adeb-045c6b3ecc66"", ""symbol_changes"": []}",RESOLVED,stable identifiers and provider identity preserved by validated POC3 security master
WMB,505a959e-b5a7-5df4-b7f8-cb964b30a74b,1975-03-31,,Williams Companies Inc,BBG000BWVCP8,US9694571004,0000107263,WMB,EODHD HistoricalTickerComponents / POC3 validated,HIGH,"{""dataset"": ""EODHD POC3 validated security master"", ""exception"": null, ""identifiers"": {""CIK"": ""0000107263"", ""CUSIP"": ""969457142"", ""ISIN"": ""US9694571004"", ""LEI"": ""D71FAKCBLFS2O0RBPG08"", ""OpenFigi"": ""BBG000BWVCP8""}, ""identity_correction"": null, ""identity_evidence"": [""current directory ticker and name compatible""], ""membership_source"": ""HistoricalTickerComponents"", ""provider_symbol"": ""WMB"", ""source_security_id"": ""505a959e-b5a7-5df4-b7f8-cb964b30a74b"", ""symbol_changes"": []}",RESOLVED,stable identifiers and provider identity preserved by validated POC3 security master
WMT,b9727d93-48d8-5a44-8733-c629a975efb4,1982-08-31,,Walmart Inc.,BBG000BWXBC2,US9311421039,0000104169,WMT,EODHD HistoricalTickerComponents / POC3 validated,HIGH,"{""dataset"": ""EODHD POC3 validated security master"", ""exception"": null, ""identifiers"": {""CIK"": ""0000104169"", ""CUSIP"": ""931142103"", ""ISIN"": ""US9311421039"", ""LEI"": ""Y87794H0US1R65VBXU25"", ""OpenFigi"": ""BBG000BWXBC2""}, ""identity_correction"": null, ""identity_evidence"": [""current directory ticker and name compatible""], ""membership_source"": ""HistoricalTickerComponents"", ""provider_symbol"": ""WMT"", ""source_security_id"": ""b9727d93-48d8-5a44-8733-c629a975efb4"", ""symbol_changes"": []}",RESOLVED,stable identifiers and provider identity preserved by validated POC3 security master
WRB,76d5da8d-cdec-501b-84f5-2d7d198c202b,2019-12-05,,W. R. Berkley Corp,BBG000BD1HP2,US0844231029,0000011544,WRB,EODHD HistoricalTickerComponents / POC3 validated,HIGH,"{""dataset"": ""EODHD POC3 validated security master"", ""exception"": null, ""identifiers"": {""CIK"": ""0000011544"", ""CUSIP"": ""084423102"", ""ISIN"": ""US0844231029"", ""LEI"": ""SQOAGCLKBDWNVYV1OV80"", ""OpenFigi"": ""BBG000BD1HP2""}, ""identity_correction"": null, ""identity_evidence"": [""current directory ticker and name compatible""], ""membership_source"": ""HistoricalTickerComponents"", ""provider_symbol"": ""WRB"", ""source_security_id"": ""76d5da8d-cdec-501b-84f5-2d7d198c202b"", ""symbol_changes"": []}",RESOLVED,stable identifiers and provider identity preserved by validated POC3 security master
WRK,459c3c6e-3996-5291-9eb1-e4937b344146,2015-07-02,2024-07-08,WestRock Co,BBG008NXC572,US96145D1054,0001732845,WRK,EODHD HistoricalTickerComponents / POC3 validated,HIGH,"{""dataset"": ""EODHD POC3 validated security master"", ""exception"": null, ""identifiers"": {""CIK"": ""0001732845"", ""CUSIP"": ""96145D105"", ""ISIN"": ""US96145D1054"", ""LEI"": ""549300JEB576INN13W07"", ""OpenFigi"": ""BBG008NXC572""}, ""identity_correction"": null, ""identity_evidence"": [""delisted directory ticker and name compatible""], ""membership_source"": ""HistoricalTickerComponents"", ""provider_symbol"": ""WRK"", ""source_security_id"": ""459c3c6e-3996-5291-9eb1-e4937b344146"", ""symbol_changes"": []}",RESOLVED,stable identifiers and provider identity preserved by validated POC3 security master
WSM,22ceeaee-3296-5d29-aa66-cbfac1008de8,2025-03-24,,Williams-Sonoma Inc,BBG000FSMWC3,US9699041011,0000719955,WSM,EODHD HistoricalTickerComponents / POC3 validated,HIGH,"{""dataset"": ""EODHD POC3 validated security master"", ""exception"": null, ""identifiers"": {""CIK"": ""0000719955"", ""CUSIP"": ""969904101"", ""ISIN"": ""US9699041011"", ""OpenFigi"": ""BBG000FSMWC3""}, ""identity_correction"": null, ""identity_evidence"": [""current directory ticker and name compatible""], ""membership_source"": ""HistoricalTickerComponents"", ""provider_symbol"": ""WSM"", ""source_security_id"": ""22ceeaee-3296-5d29-aa66-cbfac1008de8"", ""symbol_changes"": []}",RESOLVED,stable identifiers and provider identity preserved by validated POC3 security master
WST,f9e5a38d-c947-5ea8-a5c2-fe93883d4761,2020-05-22,,West Pharmaceutical Services Inc,BBG000BX24N8,US9553061055,0000105770,WST,EODHD HistoricalTickerComponents / POC3 validated,HIGH,"{""dataset"": ""EODHD POC3 validated security master"", ""exception"": null, ""identifiers"": {""CIK"": ""0000105770"", ""CUSIP"": ""953348109"", ""ISIN"": ""US9553061055"", ""LEI"": ""5493007NKRGM1RJQ1P16"", ""OpenFigi"": ""BBG000BX24N8""}, ""identity_correction"": null, ""identity_evidence"": [""current directory ticker and name compatible""], ""membership_source"": ""HistoricalTickerComponents"", ""provider_symbol"": ""WST"", ""source_security_id"": ""f9e5a38d-c947-5ea8-a5c2-fe93883d4761"", ""symbol_changes"": []}",RESOLVED,stable identifiers and provider identity preserved by validated POC3 security master
WTW,978826fa-e8e8-595e-8cfb-dd132a4647b6,2016-01-05,,Willis Towers Watson PLC,BBG000DB3KT1,IE00BDB6Q211,0001140536,WTW,EODHD HistoricalTickerComponents / POC3 validated,HIGH,"{""dataset"": ""EODHD POC3 validated security master"", ""exception"": null, ""identifiers"": {""CIK"": ""0001140536"", ""CUSIP"": ""G96666105"", ""ISIN"": ""IE00BDB6Q211"", ""LEI"": ""549300WHC56FF48KL350"", ""OpenFigi"": ""BBG000DB3KT1""}, ""identity_correction"": null, ""identity_evidence"": [""current directory ticker and name compatible""], ""membership_source"": ""HistoricalTickerComponents"", ""provider_symbol"": ""WTW"", ""source_security_id"": ""978826fa-e8e8-595e-8cfb-dd132a4647b6"", ""symbol_changes"": []}",RESOLVED,stable identifiers and provider identity preserved by validated POC3 security master
WU,2419b908-64b4-5bbe-b80e-b8f96a02aa4a,2012-04-01,2021-12-20,Western Union Co,BBG000BB5373,US9598021098,0001365135,WU,EODHD HistoricalTickerComponents / POC3 validated,HIGH,"{""dataset"": ""EODHD POC3 validated security master"", ""exception"": null, ""identifiers"": {""CIK"": ""0001365135"", ""CUSIP"": ""959802109"", ""ISIN"": ""US9598021098"", ""LEI"": ""28ID94QU1140NC23S047"", ""OpenFigi"": ""BBG000BB5373""}, ""identity_correction"": null, ""identity_evidence"": [""no exact safe current/delisted instrument mapping"", ""exact ticker used as candidate pending fundamentals validation""], ""membership_source"": ""HistoricalTickerComponents"", ""provider_symbol"": ""WU"", ""source_security_id"": ""2419b908-64b4-5bbe-b80e-b8f96a02aa4a"", ""symbol_changes"": []}",RESOLVED,stable identifiers and provider identity preserved by validated POC3 security master
WY,2b690144-1e17-5d40-9434-b7eb832d3f3e,1979-10-01,,Weyerhaeuser Company,BBG000BX3BL3,US9621661043,0000106535,WY,EODHD HistoricalTickerComponents / POC3 validated,HIGH,"{""dataset"": ""EODHD POC3 validated security master"", ""exception"": null, ""identifiers"": {""CIK"": ""0000106535"", ""CUSIP"": ""962166104"", ""ISIN"": ""US9621661043"", ""LEI"": ""08IRJODWFYBI7QWRGS31"", ""OpenFigi"": ""BBG000BX3BL3""}, ""identity_correction"": null, ""identity_evidence"": [""current directory ticker and name compatible""], ""membership_source"": ""HistoricalTickerComponents"", ""provider_symbol"": ""WY"", ""source_security_id"": ""2b690144-1e17-5d40-9434-b7eb832d3f3e"", ""symbol_changes"": []}",RESOLVED,stable identifiers and provider identity preserved by validated POC3 security master
WYNN,b7252157-901d-51bf-af94-070ccd159dc6,2008-11-14,,Wynn Resorts Limited,BBG000LD9JQ8,US9831341071,0001174922,WYNN,EODHD HistoricalTickerComponents / POC3 validated,HIGH,"{""dataset"": ""EODHD POC3 validated security master"", ""exception"": null, ""identifiers"": {""CIK"": ""0001174922"", ""CUSIP"": ""983134107"", ""ISIN"": ""US9831341071"", ""LEI"": ""254900CEKKWIHTEAB172"", ""OpenFigi"": ""BBG000LD9JQ8""}, ""identity_correction"": null, ""identity_evidence"": [""current directory ticker and name compatible""], ""membership_source"": ""HistoricalTickerComponents"", ""provider_symbol"": ""WYNN"", ""source_security_id"": ""b7252157-901d-51bf-af94-070ccd159dc6"", ""symbol_changes"": []}",RESOLVED,stable identifiers and provider identity preserved by validated POC3 security master
XEL,10a36dbb-6568-563d-949a-36039b32cc9a,1957-03-04,,Xcel Energy Inc,BBG000BCTQ65,US98389B1008,0000072903,XEL,EODHD HistoricalTickerComponents / POC3 validated,HIGH,"{""dataset"": ""EODHD POC3 validated security master"", ""exception"": null, ""identifiers"": {""CIK"": ""0000072903"", ""CUSIP"": ""98389B308"", ""ISIN"": ""US98389B1008"", ""LEI"": ""LGJNMI9GH8XIDG5RCM61"", ""OpenFigi"": ""BBG000BCTQ65""}, ""identity_correction"": null, ""identity_evidence"": [""current directory ticker and name compatible""], ""membership_source"": ""HistoricalTickerComponents"", ""provider_symbol"": ""XEL"", ""source_security_id"": ""10a36dbb-6568-563d-949a-36039b32cc9a"", ""symbol_changes"": []}",RESOLVED,stable identifiers and provider identity preserved by validated POC3 security master
XLNX,c0462268-8cfb-59b5-b5f2-868de5d3ab78,2012-04-01,2022-02-15,Xilinx Inc,,US9839191015,0000743988,XLNX,EODHD HistoricalTickerComponents / POC3 validated,HIGH,"{""dataset"": ""EODHD POC3 validated security master"", ""exception"": null, ""identifiers"": {""CIK"": ""0000743988"", ""CUSIP"": ""983919101"", ""ISIN"": ""US9839191015"", ""LEI"": ""6EY4K7ZMF9UX1CU6KC79""}, ""identity_correction"": null, ""identity_evidence"": [""delisted directory ticker and name compatible""], ""membership_source"": ""HistoricalTickerComponents"", ""provider_symbol"": ""XLNX"", ""source_security_id"": ""c0462268-8cfb-59b5-b5f2-868de5d3ab78"", ""symbol_changes"": []}",RESOLVED,stable identifiers and provider identity preserved by validated POC3 security master
XOM,46a7e415-d54e-509e-9b4e-20813e18f47b,1957-03-04,,Exxon Mobil Corp,BBG000GZQ728,US30233Q1085,0000034088,XOM,EODHD HistoricalTickerComponents / POC3 validated,HIGH,"{""dataset"": ""EODHD POC3 validated security master"", ""exception"": null, ""identifiers"": {""CIK"": ""0000034088"", ""CUSIP"": ""302290101"", ""ISIN"": ""US30233Q1085"", ""OpenFigi"": ""BBG000GZQ728""}, ""identity_correction"": null, ""identity_evidence"": [""current directory ticker and name compatible""], ""membership_source"": ""HistoricalTickerComponents"", ""provider_symbol"": ""XOM"", ""source_security_id"": ""46a7e415-d54e-509e-9b4e-20813e18f47b"", ""symbol_changes"": []}",RESOLVED,stable identifiers and provider identity preserved by validated POC3 security master
XRAY,a4cf9e1e-0079-5abb-a3f8-21eec425d956,2008-11-14,2024-04-03,Dentsply Sirona Inc,BBG000BX57K1,US24906P1093,0000818479,XRAY,EODHD HistoricalTickerComponents / POC3 validated,HIGH,"{""dataset"": ""EODHD POC3 validated security master"", ""exception"": null, ""identifiers"": {""CIK"": ""0000818479"", ""CUSIP"": ""24906P109"", ""ISIN"": ""US24906P1093"", ""LEI"": ""9NHEHR1SOZCYXDO8HO28"", ""OpenFigi"": ""BBG000BX57K1""}, ""identity_correction"": null, ""identity_evidence"": [""no exact safe current/delisted instrument mapping"", ""exact ticker used as candidate pending fundamentals validation""], ""membership_source"": ""HistoricalTickerComponents"", ""provider_symbol"": ""XRAY"", ""source_security_id"": ""a4cf9e1e-0079-5abb-a3f8-21eec425d956"", ""symbol_changes"": []}",RESOLVED,stable identifiers and provider identity preserved by validated POC3 security master
XYL,41fe7c0b-c984-5f09-859c-8b83961f6b2e,2011-10-31,,Xylem Inc,BBG001D8R5D0,US98419M1009,0001524472,XYL,EODHD HistoricalTickerComponents / POC3 validated,HIGH,"{""dataset"": ""EODHD POC3 validated security master"", ""exception"": null, ""identifiers"": {""CIK"": ""0001524472"", ""CUSIP"": ""98419M100"", ""ISIN"": ""US98419M1009"", ""LEI"": ""549300DF5MV96DRYLQ48"", ""OpenFigi"": ""BBG001D8R5D0""}, ""identity_correction"": null, ""identity_evidence"": [""current directory ticker and name compatible""], ""membership_source"": ""HistoricalTickerComponents"", ""provider_symbol"": ""XYL"", ""source_security_id"": ""41fe7c0b-c984-5f09-859c-8b83961f6b2e"", ""symbol_changes"": []}",RESOLVED,stable identifiers and provider identity preserved by validated POC3 security master
XYZ,75c55cb7-9402-5e52-b7f8-f44aa5bc9d68,2025-07-23,,"Block, Inc",BBG0018SLC07,US8522341036,0001512673,XYZ,EODHD HistoricalTickerComponents / POC3 validated,HIGH,"{""dataset"": ""EODHD POC3 validated security master"", ""exception"": null, ""identifiers"": {""CIK"": ""0001512673"", ""CUSIP"": ""852234103"", ""ISIN"": ""US8522341036"", ""LEI"": ""549300OHIIUWSTIZME52"", ""OpenFigi"": ""BBG0018SLC07""}, ""identity_correction"": null, ""identity_evidence"": [""current directory ticker and name compatible""], ""membership_source"": ""HistoricalTickerComponents"", ""provider_symbol"": ""XYZ"", ""source_security_id"": ""75c55cb7-9402-5e52-b7f8-f44aa5bc9d68"", ""symbol_changes"": [{""company_name"": ""Block, Inc. Class A Common Stock,"", ""effective"": ""2025-01-21"", ""exchange"": ""US"", ""new_symbol"": ""XYZ"", ""old_symbol"": ""SQ""}]}",RESOLVED,stable identifiers and provider identity preserved by validated POC3 security master
YUM,e27ceb4b-1582-56d8-bad8-62986ec832a8,1997-10-06,,Yum! Brands Inc,BBG000BH3GZ2,US9884981013,0001041061,YUM,EODHD HistoricalTickerComponents / POC3 validated,HIGH,"{""dataset"": ""EODHD POC3 validated security master"", ""exception"": null, ""identifiers"": {""CIK"": ""0001041061"", ""CUSIP"": ""895953107"", ""ISIN"": ""US9884981013"", ""LEI"": ""549300JE8XHZZ7OHN517"", ""OpenFigi"": ""BBG000BH3GZ2""}, ""identity_correction"": null, ""identity_evidence"": [""current directory ticker and name compatible""], ""membership_source"": ""HistoricalTickerComponents"", ""provider_symbol"": ""YUM"", ""source_security_id"": ""e27ceb4b-1582-56d8-bad8-62986ec832a8"", ""symbol_changes"": []}",RESOLVED,stable identifiers and provider identity preserved by validated POC3 security master
ZBH,b15fe26a-6bcf-58ce-9f7d-7bbe7f51a109,2001-08-07,,Zimmer Biomet Holdings Inc,BBG000BKPL53,US98956P1021,0001136869,ZBH,EODHD HistoricalTickerComponents / POC3 validated,HIGH,"{""dataset"": ""EODHD POC3 validated security master"", ""exception"": null, ""identifiers"": {""CIK"": ""0001136869"", ""CUSIP"": ""98956P102"", ""ISIN"": ""US98956P1021"", ""LEI"": ""2P2YLDVPES3BXQ1FRB91"", ""OpenFigi"": ""BBG000BKPL53""}, ""identity_correction"": null, ""identity_evidence"": [""current directory ticker and name compatible""], ""membership_source"": ""HistoricalTickerComponents"", ""provider_symbol"": ""ZBH"", ""source_security_id"": ""b15fe26a-6bcf-58ce-9f7d-7bbe7f51a109"", ""symbol_changes"": []}",RESOLVED,stable identifiers and provider identity preserved by validated POC3 security master
ZBRA,3bac31ac-cc5c-538b-8c44-541cd08cccbd,2019-12-23,,Zebra Technologies Corporation,BBG000CC7LQ7,US9892071054,0000877212,ZBRA,EODHD HistoricalTickerComponents / POC3 validated,HIGH,"{""dataset"": ""EODHD POC3 validated security master"", ""exception"": null, ""identifiers"": {""CIK"": ""0000877212"", ""CUSIP"": ""989207105"", ""ISIN"": ""US9892071054"", ""LEI"": ""PO0I32GKZ3HZMMDPZZ08"", ""OpenFigi"": ""BBG000CC7LQ7""}, ""identity_correction"": null, ""identity_evidence"": [""current directory ticker and name compatible""], ""membership_source"": ""HistoricalTickerComponents"", ""provider_symbol"": ""ZBRA"", ""source_security_id"": ""3bac31ac-cc5c-538b-8c44-541cd08cccbd"", ""symbol_changes"": []}",RESOLVED,stable identifiers and provider identity preserved by validated POC3 security master
ZIMV,b5a5f2ce-8884-5bbf-86ba-c8d3d06c76c9,2022-03-01,2022-03-02,ZimVie Inc,BBG014630587,US98888T1079,0001876588,ZIMV,EODHD HistoricalTickerComponents / POC3 validated,HIGH,"{""dataset"": ""EODHD POC3 validated security master"", ""exception"": null, ""identifiers"": {""CIK"": ""0001876588"", ""CUSIP"": ""98888T107"", ""ISIN"": ""US98888T1079"", ""LEI"": ""549300GFKURT1J6XR665"", ""OpenFigi"": ""BBG014630587""}, ""identity_correction"": null, ""identity_evidence"": [""delisted directory ticker and name compatible""], ""membership_source"": ""HistoricalTickerComponents"", ""provider_symbol"": ""ZIMV"", ""source_security_id"": ""b5a5f2ce-8884-5bbf-86ba-c8d3d06c76c9"", ""symbol_changes"": []}",RESOLVED,stable identifiers and provider identity preserved by validated POC3 security master
ZION,0667e4c4-11ef-5825-a0fa-4362402e0b51,2001-06-22,2024-03-18,Zions Bancorporation,BBG000BX9WL1,US9897011071,0000109380,ZION,EODHD HistoricalTickerComponents / POC3 validated,HIGH,"{""dataset"": ""EODHD POC3 validated security master"", ""exception"": null, ""identifiers"": {""CIK"": ""0000109380"", ""CUSIP"": ""989701503"", ""ISIN"": ""US9897011071"", ""LEI"": ""8WH0EE09O9V05QJZ3V89"", ""OpenFigi"": ""BBG000BX9WL1""}, ""identity_correction"": null, ""identity_evidence"": [""no exact safe current/delisted instrument mapping"", ""exact ticker used as candidate pending fundamentals validation""], ""membership_source"": ""HistoricalTickerComponents"", ""provider_symbol"": ""ZION"", ""source_security_id"": ""0667e4c4-11ef-5825-a0fa-4362402e0b51"", ""symbol_changes"": []}",RESOLVED,stable identifiers and provider identity preserved by validated POC3 security master
ZTS,34051c59-fd01-58fe-97ec-43bbbfb2167c,2013-06-24,,Zoetis Inc,BBG0039320N9,US98978V1035,0001555280,ZTS,EODHD HistoricalTickerComponents / POC3 validated,HIGH,"{""dataset"": ""EODHD POC3 validated security master"", ""exception"": null, ""identifiers"": {""CIK"": ""0001555280"", ""CUSIP"": ""98978V103"", ""ISIN"": ""US98978V1035"", ""LEI"": ""549300HD9Q1LOC9KLJ48"", ""OpenFigi"": ""BBG0039320N9""}, ""identity_correction"": null, ""identity_evidence"": [""current directory ticker and name compatible""], ""membership_source"": ""HistoricalTickerComponents"", ""provider_symbol"": ""ZTS"", ""source_security_id"": ""34051c59-fd01-58fe-97ec-43bbbfb2167c"", ""symbol_changes"": []}",RESOLVED,stable identifiers and provider identity preserved by validated POC3 security master
